flrID,catalog,instruments,beginTime,peakTime,endTime,classType,sourceLocation,activeRegionNum,note,submissionTime,versionId,link,activityID,linkedEventTime,linkedEventType
2010-04-03T09:04:00-FLR-001,M2M_CATALOG,[{'displayName': 'GOES14: SEM/XRS 1.0-8.0'}],2010-04-03T09:04Z,2010-04-03T09:54Z,2010-04-03T10:58Z,B7.4,S25W03,11059,,2015-06-16T18:47Z,1,https://kauai.ccmc.gsfc.nasa.gov/DONKI/view/FLR/8665/-1,2010-04-03T09:54:00-CME-001,2010-04-03T09:54:00.000-04:00,CME
2010-08-14T09:38:00-FLR-001,M2M_CATALOG,[{'displayName': 'GOES15: SEM/XRS 1.0-8.0'}],2010-08-14T09:38Z,2010-08-14T10:05Z,2010-08-14T10:31Z,C4.4,N11W65,11093,,2015-07-17T14:34Z,2,https://kauai.ccmc.gsfc.nasa.gov/DONKI/view/FLR/6334/-1,2010-08-14T12:30:00-SEP-001,2010-08-14T12:30:00.000-04:00,SEP
2010-08-18T04:45:00-FLR-001,M2M_CATALOG,[{'displayName': 'GOES15: SEM/XRS 1.0-8.0'}],2010-08-18T04:45Z,2010-08-18T05:48Z,2010-08-18T06:51Z,C4.5,N18W88,11099,,2015-07-17T14:40Z,3,https://kauai.ccmc.gsfc.nasa.gov/DONKI/view/FLR/6338/-1,2010-08-18T06:00:00-CME-001,2010-08-18T06:00:00.000-04:00,CME
2011-02-15T01:44:00-FLR-001,M2M_CATALOG,[{'displayName': 'GOES15: SEM/XRS 1.0-8.0'}],2011-02-15T01:44Z,2011-02-15T01:56Z,2011-02-15T02:06Z,X2.2,S20W10,11158,,2015-07-16T19:24Z,2,https://kauai.ccmc.gsfc.nasa.gov/DONKI/view/FLR/572/-1,2011-02-15T02:25:00-CME-001,2011-02-15T02:25:00.000-05:00,CME
2011-02-24T07:23:00-FLR-001,M2M_CATALOG,[{'displayName': 'GOES15: SEM/XRS 1.0-8.0'}],2011-02-24T07:23Z,2011-02-24T07:35Z,2011-02-24T07:42Z,M3.5,N14E87,11163,,2015-07-16T19:28Z,2,https://kauai.ccmc.gsfc.nasa.gov/DONKI/view/FLR/583/-1,2011-02-24T08:00:00-CME-001,2011-02-24T08:00:00.000-05:00,CME
2011-03-07T13:44:00-FLR-001,M2M_CATALOG,[{'displayName': 'GOES15: SEM/XRS 1.0-8.0'}],2011-03-07T13:44Z,2011-03-07T14:30Z,2011-03-07T15:08Z,M2.0,N11E21,11166,,2013-07-18T13:28Z,1,https://kauai.ccmc.gsfc.nasa.gov/DONKI/view/FLR/608/-1,2011-03-07T14:40:00-CME-001,2011-03-07T14:40:00.000-05:00,CME
2011-03-07T19:43:00-FLR-001,M2M_CATALOG,[{'displayName': 'GOES15: SEM/XRS 1.0-8.0'}],2011-03-07T19:43Z,2011-03-07T20:12Z,2011-03-07T21:40Z,M3.7,N30W48,11164,,2013-07-18T18:41Z,1,https://kauai.ccmc.gsfc.nasa.gov/DONKI/view/FLR/682/-1,2011-03-07T20:12:00-CME-001,2011-03-07T20:12:00.000-05:00,CME
2011-03-08T03:37:00-FLR-001,M2M_CATALOG,[{'displayName': 'GOES15: SEM/XRS 1.0-8.0'}],2011-03-08T03:37Z,2011-03-08T03:58Z,2011-03-08T04:20Z,M1.5,S21E72,11171,,2013-07-18T19:11Z,1,https://kauai.ccmc.gsfc.nasa.gov/DONKI/view/FLR/714/-1,2011-03-08T05:00:00-CME-001,2011-03-08T05:00:00.000-05:00,CME
2011-06-07T06:16:00-FLR-001,M2M_CATALOG,[{'displayName': 'GOES15: SEM/XRS 1.0-8.0'}],2011-06-07T06:16Z,2011-06-07T06:41Z,2011-06-07T06:59Z,M2.5,S22W53,11226,,2013-07-19T14:28Z,1,https://kauai.ccmc.gsfc.nasa.gov/DONKI/view/FLR/886/-1,2011-06-07T06:50:00-CME-001,2011-06-07T06:50:00.000-04:00,CME
2011-06-07T06:16:00-FLR-001,M2M_CATALOG,[{'displayName': 'GOES15: SEM/XRS 1.0-8.0'}],2011-06-07T06:16Z,2011-06-07T06:41Z,2011-06-07T06:59Z,M2.5,S22W53,11226,,2013-07-19T14:28Z,1,https://kauai.ccmc.gsfc.nasa.gov/DONKI/view/FLR/886/-1,2011-06-07T08:25:00-SEP-001,2011-06-07T08:25:00.000-04:00,SEP
2011-08-03T13:17:00-FLR-001,M2M_CATALOG,[{'displayName': 'GOES15: SEM/XRS 1.0-8.0'}],2011-08-03T13:17Z,2011-08-03T13:48Z,2011-08-03T14:10Z,M6.0,N17W29,11261,,2015-07-16T19:33Z,2,https://kauai.ccmc.gsfc.nasa.gov/DONKI/view/FLR/28/-1,2011-08-03T13:55:00-CME-001,2011-08-03T13:55:00.000-04:00,CME
2011-08-04T03:41:00-FLR-001,M2M_CATALOG,[{'displayName': 'GOES15: SEM/XRS 1.0-8.0'}],2011-08-04T03:41Z,2011-08-04T03:57Z,2011-08-04T04:04Z,M9.3,N15W39,11261,,2015-07-16T19:37Z,2,https://kauai.ccmc.gsfc.nasa.gov/DONKI/view/FLR/51/-1,2011-08-04T04:10:00-CME-001,2011-08-04T04:10:00.000-04:00,CME
2011-08-04T03:41:00-FLR-001,M2M_CATALOG,[{'displayName': 'GOES15: SEM/XRS 1.0-8.0'}],2011-08-04T03:41Z,2011-08-04T03:57Z,2011-08-04T04:04Z,M9.3,N15W39,11261,,2015-07-16T19:37Z,2,https://kauai.ccmc.gsfc.nasa.gov/DONKI/view/FLR/51/-1,2011-08-04T05:00:00-SEP-001,2011-08-04T05:00:00.000-04:00,SEP
2011-08-04T03:41:00-FLR-001,M2M_CATALOG,[{'displayName': 'GOES15: SEM/XRS 1.0-8.0'}],2011-08-04T03:41Z,2011-08-04T03:57Z,2011-08-04T04:04Z,M9.3,N15W39,11261,,2015-07-16T19:37Z,2,https://kauai.ccmc.gsfc.nasa.gov/DONKI/view/FLR/51/-1,2011-08-04T05:10:00-SEP-001,2011-08-04T05:10:00.000-04:00,SEP
2011-08-09T07:48:00-FLR-001,M2M_CATALOG,[{'displayName': 'GOES15: SEM/XRS 1.0-8.0'}],2011-08-09T07:48Z,2011-08-09T08:05Z,2011-08-09T08:08Z,X6.9,N17W69,11263,,2015-07-16T19:38Z,2,https://kauai.ccmc.gsfc.nasa.gov/DONKI/view/FLR/101/-1,2011-08-09T08:40:00-SEP-001,2011-08-09T08:40:00.000-04:00,SEP
2011-08-09T07:48:00-FLR-001,M2M_CATALOG,[{'displayName': 'GOES15: SEM/XRS 1.0-8.0'}],2011-08-09T07:48Z,2011-08-09T08:05Z,2011-08-09T08:08Z,X6.9,N17W69,11263,,2015-07-16T19:38Z,2,https://kauai.ccmc.gsfc.nasa.gov/DONKI/view/FLR/101/-1,2011-08-09T08:45:00-SEP-001,2011-08-09T08:45:00.000-04:00,SEP
2011-09-06T22:12:00-FLR-001,M2M_CATALOG,[{'displayName': 'GOES15: SEM/XRS 1.0-8.0'}],2011-09-06T22:12Z,2011-09-06T22:20Z,2011-09-06T22:24Z,X2.1,N14W17,11283,,2015-07-17T14:50Z,3,https://kauai.ccmc.gsfc.nasa.gov/DONKI/view/FLR/156/-1,2011-09-07T06:00:00-SEP-001,2011-09-07T06:00:00.000-04:00,SEP
2011-09-07T22:32:00-FLR-001,M2M_CATALOG,[{'displayName': 'GOES15: SEM/XRS 1.0-8.0'}],2011-09-07T22:32Z,2011-09-07T22:38Z,2011-09-07T22:44Z,X1.8,N15W31,11283,,2015-07-17T15:07Z,3,https://kauai.ccmc.gsfc.nasa.gov/DONKI/view/FLR/146/-1,2011-09-07T23:24:00-CME-001,2011-09-07T23:24:00.000-04:00,CME
2011-09-22T10:29:00-FLR-001,M2M_CATALOG,[{'displayName': 'GOES15: SEM/XRS 1.0-8.0'}],2011-09-22T10:29Z,2011-09-22T11:01Z,2011-09-22T11:44Z,X1.4,N09E89,,,2015-07-16T19:57Z,2,https://kauai.ccmc.gsfc.nasa.gov/DONKI/view/FLR/243/-1,2011-09-22T11:24:00-CME-001,2011-09-22T11:24:00.000-04:00,CME
2011-09-22T10:29:00-FLR-001,M2M_CATALOG,[{'displayName': 'GOES15: SEM/XRS 1.0-8.0'}],2011-09-22T10:29Z,2011-09-22T11:01Z,2011-09-22T11:44Z,X1.4,N09E89,,,2015-07-16T19:57Z,2,https://kauai.ccmc.gsfc.nasa.gov/DONKI/view/FLR/243/-1,2011-09-22T11:35:00-SEP-001,2011-09-22T11:35:00.000-04:00,SEP
2011-09-24T09:21:00-FLR-001,M2M_CATALOG,[{'displayName': 'GOES15: SEM/XRS 1.0-8.0'}],2011-09-24T09:21Z,2011-09-24T09:40Z,2011-09-24T09:48Z,X1.9,N13E61,11302,,2015-07-16T19:57Z,2,https://kauai.ccmc.gsfc.nasa.gov/DONKI/view/FLR/259/-1,2011-09-24T10:24:00-CME-001,2011-09-24T10:24:00.000-04:00,CME
2011-09-24T09:21:00-FLR-001,M2M_CATALOG,[{'displayName': 'GOES15: SEM/XRS 1.0-8.0'}],2011-09-24T09:21Z,2011-09-24T09:40Z,2011-09-24T09:48Z,X1.9,N13E61,11302,,2015-07-16T19:57Z,2,https://kauai.ccmc.gsfc.nasa.gov/DONKI/view/FLR/259/-1,2011-09-24T11:50:00-SEP-001,2011-09-24T11:50:00.000-04:00,SEP
2011-09-24T20:29:00-FLR-001,M2M_CATALOG,[{'displayName': 'GOES15: SEM/XRS 1.0-8.0'}],2011-09-24T20:29Z,2011-09-24T20:36Z,2011-09-24T20:42Z,M5.8,N13E55,11302,,2015-07-17T15:13Z,3,https://kauai.ccmc.gsfc.nasa.gov/DONKI/view/FLR/446/-1,2011-09-24T20:45:00-SEP-001,2011-09-24T20:45:00.000-04:00,SEP
2012-01-23T03:38:00-FLR-001,M2M_CATALOG,[{'displayName': 'GOES15: SEM/XRS 1.0-8.0'}],2012-01-23T03:38Z,2012-01-23T03:59Z,2012-01-23T04:34Z,M8.7,N28W20,11402,,2015-07-16T20:17Z,2,https://kauai.ccmc.gsfc.nasa.gov/DONKI/view/FLR/95/-1,2012-01-23T04:00:00-CME-001,2012-01-23T04:00:00.000-05:00,CME
2012-01-23T03:38:00-FLR-001,M2M_CATALOG,[{'displayName': 'GOES15: SEM/XRS 1.0-8.0'}],2012-01-23T03:38Z,2012-01-23T03:59Z,2012-01-23T04:34Z,M8.7,N28W20,11402,,2015-07-16T20:17Z,2,https://kauai.ccmc.gsfc.nasa.gov/DONKI/view/FLR/95/-1,2012-01-23T04:49:00-SEP-001,2012-01-23T04:49:00.000-05:00,SEP
2012-01-23T03:38:00-FLR-001,M2M_CATALOG,[{'displayName': 'GOES15: SEM/XRS 1.0-8.0'}],2012-01-23T03:38Z,2012-01-23T03:59Z,2012-01-23T04:34Z,M8.7,N28W20,11402,,2015-07-16T20:17Z,2,https://kauai.ccmc.gsfc.nasa.gov/DONKI/view/FLR/95/-1,2012-01-23T05:00:00-SEP-001,2012-01-23T05:00:00.000-05:00,SEP
2012-01-23T03:38:00-FLR-001,M2M_CATALOG,[{'displayName': 'GOES15: SEM/XRS 1.0-8.0'}],2012-01-23T03:38Z,2012-01-23T03:59Z,2012-01-23T04:34Z,M8.7,N28W20,11402,,2015-07-16T20:17Z,2,https://kauai.ccmc.gsfc.nasa.gov/DONKI/view/FLR/95/-1,2012-01-23T05:30:00-SEP-001,2012-01-23T05:30:00.000-05:00,SEP
2012-01-23T03:38:00-FLR-001,M2M_CATALOG,[{'displayName': 'GOES15: SEM/XRS 1.0-8.0'}],2012-01-23T03:38Z,2012-01-23T03:59Z,2012-01-23T04:34Z,M8.7,N28W20,11402,,2015-07-16T20:17Z,2,https://kauai.ccmc.gsfc.nasa.gov/DONKI/view/FLR/95/-1,2012-01-23T08:15:00-SEP-001,2012-01-23T08:15:00.000-05:00,SEP
2012-01-23T03:38:00-FLR-001,M2M_CATALOG,[{'displayName': 'GOES15: SEM/XRS 1.0-8.0'}],2012-01-23T03:38Z,2012-01-23T03:59Z,2012-01-23T04:34Z,M8.7,N28W20,11402,,2015-07-16T20:17Z,2,https://kauai.ccmc.gsfc.nasa.gov/DONKI/view/FLR/95/-1,2012-01-24T06:30:00-SEP-001,2012-01-24T06:30:00.000-05:00,SEP
2012-01-27T17:37:00-FLR-001,M2M_CATALOG,[{'displayName': 'GOES15: SEM/XRS 1.0-8.0'}],2012-01-27T17:37Z,2012-01-27T18:37Z,2012-01-27T18:56Z,X1.8,N31W90,11402,,2015-07-17T15:23Z,3,https://kauai.ccmc.gsfc.nasa.gov/DONKI/view/FLR/137/-1,2012-01-27T16:39:00-CME-001,2012-01-27T16:39:00.000-05:00,CME
2012-01-27T17:37:00-FLR-001,M2M_CATALOG,[{'displayName': 'GOES15: SEM/XRS 1.0-8.0'}],2012-01-27T17:37Z,2012-01-27T18:37Z,2012-01-27T18:56Z,X1.8,N31W90,11402,,2015-07-17T15:23Z,3,https://kauai.ccmc.gsfc.nasa.gov/DONKI/view/FLR/137/-1,2012-01-27T23:35:00-SEP-001,2012-01-27T23:35:00.000-05:00,SEP
2012-03-05T03:30:00-FLR-001,M2M_CATALOG,[{'displayName': 'GOES-P: EXIS 1.0-8.0'}],2012-03-05T03:30Z,2012-03-05T04:05Z,2012-03-05T04:43Z,X1.1,N19E58,11429,,2023-03-25T15:40Z,4,https://kauai.ccmc.gsfc.nasa.gov/DONKI/view/FLR/172/-1,2012-03-05T04:00:00-CME-001,2012-03-05T04:00:00.000-05:00,CME
2012-03-07T00:00:00-FLR-001,M2M_CATALOG,[{'displayName': 'GOES15: SEM/XRS 1.0-8.0'}],2012-03-07T00:02Z,2012-03-07T00:24Z,2012-03-07T00:40Z,X5.4,N18E31,11429,,2013-07-22T19:59Z,2,https://kauai.ccmc.gsfc.nasa.gov/DONKI/view/FLR/197/-1,2012-03-07T00:36:00-CME-001,2012-03-07T00:36:00.000-05:00,CME
2012-03-07T00:00:00-FLR-001,M2M_CATALOG,[{'displayName': 'GOES15: SEM/XRS 1.0-8.0'}],2012-03-07T00:02Z,2012-03-07T00:24Z,2012-03-07T00:40Z,X5.4,N18E31,11429,,2013-07-22T19:59Z,2,https://kauai.ccmc.gsfc.nasa.gov/DONKI/view/FLR/197/-1,2012-03-07T01:25:00-CME-001,2012-03-07T01:25:00.000-05:00,CME
2012-03-07T00:00:00-FLR-001,M2M_CATALOG,[{'displayName': 'GOES15: SEM/XRS 1.0-8.0'}],2012-03-07T00:02Z,2012-03-07T00:24Z,2012-03-07T00:40Z,X5.4,N18E31,11429,,2013-07-22T19:59Z,2,https://kauai.ccmc.gsfc.nasa.gov/DONKI/view/FLR/197/-1,2012-03-07T01:44:00-SEP-001,2012-03-07T01:44:00.000-05:00,SEP
2012-03-07T00:00:00-FLR-001,M2M_CATALOG,[{'displayName': 'GOES15: SEM/XRS 1.0-8.0'}],2012-03-07T00:02Z,2012-03-07T00:24Z,2012-03-07T00:40Z,X5.4,N18E31,11429,,2013-07-22T19:59Z,2,https://kauai.ccmc.gsfc.nasa.gov/DONKI/view/FLR/197/-1,2012-03-07T04:05:00-SEP-001,2012-03-07T04:05:00.000-05:00,SEP
2012-03-07T00:00:00-FLR-001,M2M_CATALOG,[{'displayName': 'GOES15: SEM/XRS 1.0-8.0'}],2012-03-07T00:02Z,2012-03-07T00:24Z,2012-03-07T00:40Z,X5.4,N18E31,11429,,2013-07-22T19:59Z,2,https://kauai.ccmc.gsfc.nasa.gov/DONKI/view/FLR/197/-1,2012-03-07T05:00:00-SEP-001,2012-03-07T05:00:00.000-05:00,SEP
2012-03-07T01:05:00-FLR-001,M2M_CATALOG,[{'displayName': 'GOES15: SEM/XRS 1.0-8.0'}],2012-03-07T01:05Z,2012-03-07T01:14Z,2012-03-07T01:23Z,X1.3,N17E27,,,2015-07-16T20:35Z,2,https://kauai.ccmc.gsfc.nasa.gov/DONKI/view/FLR/211/-1,2012-03-07T00:36:00-CME-001,2012-03-07T00:36:00.000-05:00,CME
2012-03-07T01:05:00-FLR-001,M2M_CATALOG,[{'displayName': 'GOES15: SEM/XRS 1.0-8.0'}],2012-03-07T01:05Z,2012-03-07T01:14Z,2012-03-07T01:23Z,X1.3,N17E27,,,2015-07-16T20:35Z,2,https://kauai.ccmc.gsfc.nasa.gov/DONKI/view/FLR/211/-1,2012-03-07T01:25:00-CME-001,2012-03-07T01:25:00.000-05:00,CME
2012-03-07T01:05:00-FLR-001,M2M_CATALOG,[{'displayName': 'GOES15: SEM/XRS 1.0-8.0'}],2012-03-07T01:05Z,2012-03-07T01:14Z,2012-03-07T01:23Z,X1.3,N17E27,,,2015-07-16T20:35Z,2,https://kauai.ccmc.gsfc.nasa.gov/DONKI/view/FLR/211/-1,2012-03-07T01:44:00-SEP-001,2012-03-07T01:44:00.000-05:00,SEP
2012-03-07T01:05:00-FLR-001,M2M_CATALOG,[{'displayName': 'GOES15: SEM/XRS 1.0-8.0'}],2012-03-07T01:05Z,2012-03-07T01:14Z,2012-03-07T01:23Z,X1.3,N17E27,,,2015-07-16T20:35Z,2,https://kauai.ccmc.gsfc.nasa.gov/DONKI/view/FLR/211/-1,2012-03-07T04:05:00-SEP-001,2012-03-07T04:05:00.000-05:00,SEP
2012-03-07T01:05:00-FLR-001,M2M_CATALOG,[{'displayName': 'GOES15: SEM/XRS 1.0-8.0'}],2012-03-07T01:05Z,2012-03-07T01:14Z,2012-03-07T01:23Z,X1.3,N17E27,,,2015-07-16T20:35Z,2,https://kauai.ccmc.gsfc.nasa.gov/DONKI/view/FLR/211/-1,2012-03-07T05:00:00-SEP-001,2012-03-07T05:00:00.000-05:00,SEP
2012-03-09T03:22:00-FLR-001,M2M_CATALOG,[{'displayName': 'GOES15: SEM/XRS 1.0-8.0'}],2012-03-09T03:22Z,2012-03-09T03:53Z,2012-03-09T04:18Z,M6.3,N17E02,,,2015-07-16T21:00Z,3,https://kauai.ccmc.gsfc.nasa.gov/DONKI/view/FLR/247/-1,2012-03-09T04:25:00-CME-001,2012-03-09T04:25:00.000-05:00,CME
2012-03-10T14:43:00-FLR-001,M2M_CATALOG,[{'displayName': 'GOES15: SEM/XRS 1.0-8.0'}],2012-03-10T14:43Z,2012-03-10T15:52Z,2012-03-10T16:16Z,C8.0,N20W39,11430,,2015-07-16T20:40Z,2,https://kauai.ccmc.gsfc.nasa.gov/DONKI/view/FLR/3297/-1,2012-03-10T16:24:00-CME-001,2012-03-10T16:24:00.000-05:00,CME
2012-03-10T17:15:00-FLR-001,M2M_CATALOG,[{'displayName': 'GOES15: SEM/XRS 1.0-8.0'}],2012-03-10T17:15Z,2012-03-10T17:27Z,2012-03-10T17:32Z,M5.4,N18W22,11429,double peak flare,2015-07-17T15:24Z,4,https://kauai.ccmc.gsfc.nasa.gov/DONKI/view/FLR/380/-1,2012-03-10T18:09:00-CME-001,2012-03-10T18:09:00.000-05:00,CME
2012-03-10T17:32:00-FLR-001,M2M_CATALOG,[{'displayName': 'GOES15: SEM/XRS 1.0-8.0'}],2012-03-10T17:32Z,2012-03-10T17:44Z,2012-03-10T18:30Z,M8.4,N18W22,11429,double peak flare,2015-07-16T20:47Z,4,https://kauai.ccmc.gsfc.nasa.gov/DONKI/view/FLR/1130/-1,2012-03-10T18:09:00-CME-001,2012-03-10T18:09:00.000-05:00,CME
2012-03-13T16:21:00-FLR-001,M2M_CATALOG,[{'displayName': 'GOES15: SEM/XRS 1.0-8.0'}],2012-03-13T16:21Z,2012-03-13T17:41Z,2012-03-13T18:25Z,M7.9,N18W59,11429,,2015-07-16T20:48Z,2,https://kauai.ccmc.gsfc.nasa.gov/DONKI/view/FLR/416/-1,2012-03-13T17:52:00-CME-001,2012-03-13T17:52:00.000-04:00,CME
2012-03-13T16:21:00-FLR-001,M2M_CATALOG,[{'displayName': 'GOES15: SEM/XRS 1.0-8.0'}],2012-03-13T16:21Z,2012-03-13T17:41Z,2012-03-13T18:25Z,M7.9,N18W59,11429,,2015-07-16T20:48Z,2,https://kauai.ccmc.gsfc.nasa.gov/DONKI/view/FLR/416/-1,2012-03-13T18:10:00-SEP-001,2012-03-13T18:10:00.000-04:00,SEP
2012-05-17T00:30:00-FLR-001,M2M_CATALOG,[{'displayName': 'GOES15: SEM/XRS 1.0-8.0'}],2012-05-17T00:30Z,2012-05-17T01:47Z,2012-05-17T02:14Z,M5.1,N06W90,,,2015-07-16T20:52Z,2,https://kauai.ccmc.gsfc.nasa.gov/DONKI/view/FLR/668/-1,2012-05-17T01:48:00-CME-001,2012-05-17T01:48:00.000-04:00,CME
2012-05-17T00:30:00-FLR-001,M2M_CATALOG,[{'displayName': 'GOES15: SEM/XRS 1.0-8.0'}],2012-05-17T00:30Z,2012-05-17T01:47Z,2012-05-17T02:14Z,M5.1,N06W90,,,2015-07-16T20:52Z,2,https://kauai.ccmc.gsfc.nasa.gov/DONKI/view/FLR/668/-1,2012-05-17T02:10:00-SEP-001,2012-05-17T02:10:00.000-04:00,SEP
2012-06-13T11:29:00-FLR-001,M2M_CATALOG,[{'displayName': 'GOES15: SEM/XRS 1.0-8.0'}],2012-06-13T11:29Z,2012-06-13T13:17Z,2012-06-13T14:31Z,M1.2,S18E21,11504,,2015-07-16T20:52Z,2,https://kauai.ccmc.gsfc.nasa.gov/DONKI/view/FLR/6360/-1,2012-06-13T14:00:00-CME-001,2012-06-13T14:00:00.000-04:00,CME
2012-06-14T12:52:00-FLR-001,M2M_CATALOG,[{'displayName': 'GOES15: SEM/XRS 1.0-8.0'}],2012-06-14T12:52Z,2012-06-14T14:35Z,2012-06-14T15:56Z,M1.9,S17W00,11504,,2015-07-16T20:55Z,2,https://kauai.ccmc.gsfc.nasa.gov/DONKI/view/FLR/6359/-1,2012-06-14T14:09:00-CME-001,2012-06-14T14:09:00.000-04:00,CME
2012-07-06T23:01:00-FLR-001,M2M_CATALOG,[{'displayName': 'GOES15: SEM/XRS 1.0-8.0'}],2012-07-06T23:01Z,2012-07-06T23:08Z,2012-07-06T23:14Z,X1.1,S17W50,,,2015-07-17T03:13Z,2,https://kauai.ccmc.gsfc.nasa.gov/DONKI/view/FLR/795/-1,2012-07-06T23:12:00-CME-001,2012-07-06T23:12:00.000-04:00,CME
2012-07-06T23:01:00-FLR-001,M2M_CATALOG,[{'displayName': 'GOES15: SEM/XRS 1.0-8.0'}],2012-07-06T23:01Z,2012-07-06T23:08Z,2012-07-06T23:14Z,X1.1,S17W50,,,2015-07-17T03:13Z,2,https://kauai.ccmc.gsfc.nasa.gov/DONKI/view/FLR/795/-1,2012-07-07T04:00:00-SEP-001,2012-07-07T04:00:00.000-04:00,SEP
2012-07-08T16:23:00-FLR-001,M2M_CATALOG,[{'displayName': 'GOES15: SEM/XRS 1.0-8.0'}],2012-07-08T16:23Z,2012-07-08T16:32Z,2012-07-08T16:42Z,M6.9,S17W74,11515,,2015-07-17T03:14Z,2,https://kauai.ccmc.gsfc.nasa.gov/DONKI/view/FLR/840/-1,2012-07-08T16:48:00-CME-001,2012-07-08T16:48:00.000-04:00,CME
2012-07-08T16:23:00-FLR-001,M2M_CATALOG,[{'displayName': 'GOES15: SEM/XRS 1.0-8.0'}],2012-07-08T16:23Z,2012-07-08T16:32Z,2012-07-08T16:42Z,M6.9,S17W74,11515,,2015-07-17T03:14Z,2,https://kauai.ccmc.gsfc.nasa.gov/DONKI/view/FLR/840/-1,2012-07-09T01:20:00-SEP-001,2012-07-09T01:20:00.000-04:00,SEP
2012-07-12T15:37:00-FLR-001,M2M_CATALOG,[{'displayName': 'GOES15: SEM/XRS 1.0-8.0'}],2012-07-12T15:37Z,2012-07-12T16:49Z,2012-07-12T17:30Z,X1.4,S14W02,11520,,2015-07-17T15:30Z,5,https://kauai.ccmc.gsfc.nasa.gov/DONKI/view/FLR/6/-1,2012-07-12T16:54:00-CME-001,2012-07-12T16:54:00.000-04:00,CME
2012-07-12T15:37:00-FLR-001,M2M_CATALOG,[{'displayName': 'GOES15: SEM/XRS 1.0-8.0'}],2012-07-12T15:37Z,2012-07-12T16:49Z,2012-07-12T17:30Z,X1.4,S14W02,11520,,2015-07-17T15:30Z,5,https://kauai.ccmc.gsfc.nasa.gov/DONKI/view/FLR/6/-1,2012-07-12T17:50:00-SEP-001,2012-07-12T17:50:00.000-04:00,SEP
2012-07-12T15:37:00-FLR-001,M2M_CATALOG,[{'displayName': 'GOES15: SEM/XRS 1.0-8.0'}],2012-07-12T15:37Z,2012-07-12T16:49Z,2012-07-12T17:30Z,X1.4,S14W02,11520,,2015-07-17T15:30Z,5,https://kauai.ccmc.gsfc.nasa.gov/DONKI/view/FLR/6/-1,2012-07-12T18:18:00-SEP-001,2012-07-12T18:18:00.000-04:00,SEP
2012-07-12T15:37:00-FLR-001,M2M_CATALOG,[{'displayName': 'GOES15: SEM/XRS 1.0-8.0'}],2012-07-12T15:37Z,2012-07-12T16:49Z,2012-07-12T17:30Z,X1.4,S14W02,11520,,2015-07-17T15:30Z,5,https://kauai.ccmc.gsfc.nasa.gov/DONKI/view/FLR/6/-1,2012-07-12T18:35:00-SEP-001,2012-07-12T18:35:00.000-04:00,SEP
2012-07-17T12:03:00-FLR-001,M2M_CATALOG,[{'displayName': 'GOES15: SEM/XRS 1.0-8.0'}],2012-07-17T12:03Z,2012-07-17T17:15Z,2012-07-17T19:04Z,M1.8,S15W88,11520,,2015-07-17T15:32Z,3,https://kauai.ccmc.gsfc.nasa.gov/DONKI/view/FLR/6358/-1,2012-07-17T14:24:00-CME-001,2012-07-17T14:24:00.000-04:00,CME
2012-07-17T12:03:00-FLR-001,M2M_CATALOG,[{'displayName': 'GOES15: SEM/XRS 1.0-8.0'}],2012-07-17T12:03Z,2012-07-17T17:15Z,2012-07-17T19:04Z,M1.8,S15W88,11520,,2015-07-17T15:32Z,3,https://kauai.ccmc.gsfc.nasa.gov/DONKI/view/FLR/6358/-1,2012-07-17T16:30:00-SEP-001,2012-07-17T16:30:00.000-04:00,SEP
2012-07-19T04:17:00-FLR-001,M2M_CATALOG,[{'displayName': 'GOES15: SEM/XRS 1.0-8.0'}],2012-07-19T04:17Z,2012-07-19T05:58Z,2012-07-19T06:56Z,M7.7,S17W91,11520,,2015-07-17T15:33Z,3,https://kauai.ccmc.gsfc.nasa.gov/DONKI/view/FLR/907/-1,2012-07-19T05:36:00-CME-001,2012-07-19T05:36:00.000-04:00,CME
2012-07-28T20:44:00-FLR-001,M2M_CATALOG,[{'displayName': 'GOES15: SEM/XRS 1.0-8.0'}],2012-07-28T20:44Z,2012-07-28T20:56Z,2012-07-28T21:04Z,M6.2,S20E49,,,2015-07-17T03:20Z,2,https://kauai.ccmc.gsfc.nasa.gov/DONKI/view/FLR/951/-1,2012-07-28T21:24:00-CME-001,2012-07-28T21:24:00.000-04:00,CME
2012-08-31T19:45:00-FLR-001,M2M_CATALOG,[{'displayName': 'GOES15: SEM/XRS 1.0-8.0'}],2012-08-31T19:45Z,2012-08-31T20:43Z,2012-08-31T21:51Z,C8.4,N03E08,11560,,2015-07-17T15:36Z,3,https://kauai.ccmc.gsfc.nasa.gov/DONKI/view/FLR/6357/-1,2012-08-31T20:36:00-CME-001,2012-08-31T20:36:00.000-04:00,CME
2012-09-27T23:36:00-FLR-001,M2M_CATALOG,[{'displayName': 'GOES15: SEM/XRS 1.0-8.0'}],2012-09-27T23:36Z,2012-09-27T23:57Z,2012-09-28T00:34Z,C3.7,N09W26,11577,,2015-07-17T15:38Z,3,https://kauai.ccmc.gsfc.nasa.gov/DONKI/view/FLR/6354/-1,2012-09-28T02:25:00-CME-001,2012-09-28T02:25:00.000-04:00,CME
2012-09-27T23:36:00-FLR-001,M2M_CATALOG,[{'displayName': 'GOES15: SEM/XRS 1.0-8.0'}],2012-09-27T23:36Z,2012-09-27T23:57Z,2012-09-28T00:34Z,C3.7,N09W26,11577,,2015-07-17T15:38Z,3,https://kauai.ccmc.gsfc.nasa.gov/DONKI/view/FLR/6354/-1,2012-09-28T02:47:00-SEP-001,2012-09-28T02:47:00.000-04:00,SEP
2012-09-27T23:36:00-FLR-001,M2M_CATALOG,[{'displayName': 'GOES15: SEM/XRS 1.0-8.0'}],2012-09-27T23:36Z,2012-09-27T23:57Z,2012-09-28T00:34Z,C3.7,N09W26,11577,,2015-07-17T15:38Z,3,https://kauai.ccmc.gsfc.nasa.gov/DONKI/view/FLR/6354/-1,2012-09-28T03:00:00-SEP-001,2012-09-28T03:00:00.000-04:00,SEP
2012-09-27T23:36:00-FLR-001,M2M_CATALOG,[{'displayName': 'GOES15: SEM/XRS 1.0-8.0'}],2012-09-27T23:36Z,2012-09-27T23:57Z,2012-09-28T00:34Z,C3.7,N09W26,11577,,2015-07-17T15:38Z,3,https://kauai.ccmc.gsfc.nasa.gov/DONKI/view/FLR/6354/-1,2012-09-28T05:21:00-SEP-001,2012-09-28T05:21:00.000-04:00,SEP
2012-11-08T02:09:00-FLR-001,M2M_CATALOG,[{'displayName': 'GOES15: SEM/XRS 1.0-8.0'}],2012-11-08T02:09Z,2012-11-08T02:23Z,2012-11-08T04:40Z,M1.7,S10E70,,,2015-07-17T15:35Z,2,https://kauai.ccmc.gsfc.nasa.gov/DONKI/view/FLR/6353/-1,2012-11-08T11:09:00-CME-001,2012-11-08T11:09:00.000-05:00,CME
2012-11-21T15:10:00-FLR-001,M2M_CATALOG,[{'displayName': 'GOES15: SEM/XRS 1.0-8.0'}],2012-11-21T15:10Z,2012-11-21T15:30Z,2012-11-21T15:38Z,M3.5,N08W00,11618,,2015-07-17T15:30Z,3,https://kauai.ccmc.gsfc.nasa.gov/DONKI/view/FLR/6352/-1,2012-11-21T16:24:00-CME-001,2012-11-21T16:24:00.000-05:00,CME
2013-03-15T05:51:00-FLR-001,M2M_CATALOG,[{'displayName': 'GOES15: SEM/XRS 1.0-8.0'}],2013-03-15T05:51Z,2013-03-15T06:58Z,2013-03-15T14:30Z,M1.2,N20E08,,,2016-06-27T19:07Z,1,https://kauai.ccmc.gsfc.nasa.gov/DONKI/view/FLR/10839/-1,2013-03-15T06:54:00-CME-001,2013-03-15T06:54:00.000-04:00,CME
2013-03-15T05:51:00-FLR-001,M2M_CATALOG,[{'displayName': 'GOES15: SEM/XRS 1.0-8.0'}],2013-03-15T05:51Z,2013-03-15T06:58Z,2013-03-15T14:30Z,M1.2,N20E08,,,2016-06-27T19:07Z,1,https://kauai.ccmc.gsfc.nasa.gov/DONKI/view/FLR/10839/-1,2013-03-16T10:00:00-SEP-001,2013-03-16T10:00:00.000-04:00,SEP
2013-04-11T06:55:00-FLR-001,M2M_CATALOG,[{'displayName': 'GOES15: SEM/XRS 1.0-8.0'}],2013-04-11T06:55Z,2013-04-11T07:16Z,2013-04-11T07:29Z,M6.5,N07E13,11719,,2015-07-16T20:59Z,2,https://kauai.ccmc.gsfc.nasa.gov/DONKI/view/FLR/144/-1,2013-04-11T07:36:00-CME-001,2013-04-11T07:36:00.000-04:00,CME
2013-04-11T06:55:00-FLR-001,M2M_CATALOG,[{'displayName': 'GOES15: SEM/XRS 1.0-8.0'}],2013-04-11T06:55Z,2013-04-11T07:16Z,2013-04-11T07:29Z,M6.5,N07E13,11719,,2015-07-16T20:59Z,2,https://kauai.ccmc.gsfc.nasa.gov/DONKI/view/FLR/144/-1,2013-04-11T08:12:00-SEP-001,2013-04-11T08:12:00.000-04:00,SEP
2013-04-11T06:55:00-FLR-001,M2M_CATALOG,[{'displayName': 'GOES15: SEM/XRS 1.0-8.0'}],2013-04-11T06:55Z,2013-04-11T07:16Z,2013-04-11T07:29Z,M6.5,N07E13,11719,,2015-07-16T20:59Z,2,https://kauai.ccmc.gsfc.nasa.gov/DONKI/view/FLR/144/-1,2013-04-11T09:30:00-SEP-001,2013-04-11T09:30:00.000-04:00,SEP
2013-04-11T06:55:00-FLR-001,M2M_CATALOG,[{'displayName': 'GOES15: SEM/XRS 1.0-8.0'}],2013-04-11T06:55Z,2013-04-11T07:16Z,2013-04-11T07:29Z,M6.5,N07E13,11719,,2015-07-16T20:59Z,2,https://kauai.ccmc.gsfc.nasa.gov/DONKI/view/FLR/144/-1,2013-04-11T10:10:00-SEP-001,2013-04-11T10:10:00.000-04:00,SEP
2013-05-13T01:53:00-FLR-001,M2M_CATALOG,[{'displayName': 'GOES15: SEM/XRS 1.0-8.0'}],2013-05-13T01:53Z,2013-05-13T02:17Z,2013-05-13T02:32Z,X1.6,N10E89,,,2015-07-16T20:50Z,2,https://kauai.ccmc.gsfc.nasa.gov/DONKI/view/FLR/215/-1,2013-05-13T02:54:00-CME-001,2013-05-13T02:54:00.000-04:00,CME
2013-05-13T01:53:00-FLR-001,M2M_CATALOG,[{'displayName': 'GOES15: SEM/XRS 1.0-8.0'}],2013-05-13T01:53Z,2013-05-13T02:17Z,2013-05-13T02:32Z,X1.6,N10E89,,,2015-07-16T20:50Z,2,https://kauai.ccmc.gsfc.nasa.gov/DONKI/view/FLR/215/-1,2013-05-13T04:12:00-SEP-001,2013-05-13T04:12:00.000-04:00,SEP
2013-05-13T15:40:00-FLR-001,M2M_CATALOG,[{'displayName': 'GOES15: SEM/XRS 1.0-8.0'}],2013-05-13T15:40Z,2013-05-13T16:05Z,2013-05-13T16:16Z,X2.8,N10E89,,,2015-07-16T20:48Z,2,https://kauai.ccmc.gsfc.nasa.gov/DONKI/view/FLR/225/-1,2013-05-13T16:18:00-CME-001,2013-05-13T16:18:00.000-04:00,CME
2013-05-13T15:40:00-FLR-001,M2M_CATALOG,[{'displayName': 'GOES15: SEM/XRS 1.0-8.0'}],2013-05-13T15:40Z,2013-05-13T16:05Z,2013-05-13T16:16Z,X2.8,N10E89,,,2015-07-16T20:48Z,2,https://kauai.ccmc.gsfc.nasa.gov/DONKI/view/FLR/225/-1,2013-05-13T18:02:00-SEP-001,2013-05-13T18:02:00.000-04:00,SEP
2013-05-14T01:00:00-FLR-001,M2M_CATALOG,[{'displayName': 'GOES15: SEM/XRS 1.0-8.0'}],2013-05-14T01:00Z,2013-05-14T01:11Z,2013-05-14T01:20Z,X3.2,N10E89,,,2015-07-16T20:46Z,2,https://kauai.ccmc.gsfc.nasa.gov/DONKI/view/FLR/234/-1,2013-05-14T01:30:00-CME-001,2013-05-14T01:30:00.000-04:00,CME
2013-05-15T01:25:00-FLR-001,M2M_CATALOG,[{'displayName': 'GOES15: SEM/XRS 1.0-8.0'}],2013-05-15T01:25Z,2013-05-15T01:48Z,2013-05-15T01:58Z,X1.2,N11E63,,,2015-07-16T20:44Z,2,https://kauai.ccmc.gsfc.nasa.gov/DONKI/view/FLR/250/-1,2013-05-15T02:18:00-CME-001,2013-05-15T02:18:00.000-04:00,CME
2013-05-15T01:25:00-FLR-001,M2M_CATALOG,[{'displayName': 'GOES15: SEM/XRS 1.0-8.0'}],2013-05-15T01:25Z,2013-05-15T01:48Z,2013-05-15T01:58Z,X1.2,N11E63,,,2015-07-16T20:44Z,2,https://kauai.ccmc.gsfc.nasa.gov/DONKI/view/FLR/250/-1,2013-05-15T13:25:00-SEP-001,2013-05-15T13:25:00.000-04:00,SEP
2013-05-22T12:30:00-FLR-001,M2M_CATALOG,[{'displayName': 'GOES15: SEM/XRS 1.0-8.0'}],2013-05-22T12:30Z,2013-05-22T13:38Z,2013-05-22T17:10Z,M5.0,N13W75,,,2015-07-17T15:21Z,3,https://kauai.ccmc.gsfc.nasa.gov/DONKI/view/FLR/292/-1,2013-05-22T13:24:00-CME-001,2013-05-22T13:24:00.000-04:00,CME
2013-05-22T12:30:00-FLR-001,M2M_CATALOG,[{'displayName': 'GOES15: SEM/XRS 1.0-8.0'}],2013-05-22T12:30Z,2013-05-22T13:38Z,2013-05-22T17:10Z,M5.0,N13W75,,,2015-07-17T15:21Z,3,https://kauai.ccmc.gsfc.nasa.gov/DONKI/view/FLR/292/-1,2013-05-22T15:05:00-SEP-001,2013-05-22T15:05:00.000-04:00,SEP
2013-05-22T12:30:00-FLR-001,M2M_CATALOG,[{'displayName': 'GOES15: SEM/XRS 1.0-8.0'}],2013-05-22T12:30Z,2013-05-22T13:38Z,2013-05-22T17:10Z,M5.0,N13W75,,,2015-07-17T15:21Z,3,https://kauai.ccmc.gsfc.nasa.gov/DONKI/view/FLR/292/-1,2013-05-22T15:05:00-SEP-002,2013-05-22T15:05:00.000-04:00,SEP
2013-05-22T12:30:00-FLR-001,M2M_CATALOG,[{'displayName': 'GOES15: SEM/XRS 1.0-8.0'}],2013-05-22T12:30Z,2013-05-22T13:38Z,2013-05-22T17:10Z,M5.0,N13W75,,,2015-07-17T15:21Z,3,https://kauai.ccmc.gsfc.nasa.gov/DONKI/view/FLR/292/-1,2013-05-22T15:30:00-SEP-001,2013-05-22T15:30:00.000-04:00,SEP
2013-06-07T22:32:00-FLR-001,M2M_CATALOG,[{'displayName': 'GOES15: SEM/XRS 1.0-8.0'}],2013-06-07T22:32Z,2013-06-07T22:49Z,2013-06-07T23:04Z,M5.9,S28W85,11762,,2015-07-17T03:39Z,2,https://kauai.ccmc.gsfc.nasa.gov/DONKI/view/FLR/332/-1,2013-06-07T23:54:00-CME-001,2013-06-07T23:54:00.000-04:00,CME
2013-06-21T02:30:00-FLR-001,M2M_CATALOG,[{'displayName': 'GOES15: SEM/XRS 1.0-8.0'}],2013-06-21T02:30Z,2013-06-21T03:14Z,2013-06-21T03:43Z,M2.9,S14E37,11777,,2015-07-17T15:00Z,3,https://kauai.ccmc.gsfc.nasa.gov/DONKI/view/FLR/6362/-1,2013-06-21T06:09:00-SEP-001,2013-06-21T06:09:00.000-04:00,SEP
2013-10-22T21:15:00-FLR-001,M2M_CATALOG,[{'displayName': 'GOES15: SEM/XRS 1.0-8.0'}],2013-10-22T21:15Z,2013-10-22T21:20Z,2013-10-22T21:32Z,M4.3,N05E03,11875,,2013-10-24T02:17Z,1,https://kauai.ccmc.gsfc.nasa.gov/DONKI/view/FLR/3444/-1,2013-10-22T22:00:00-CME-001,2013-10-22T22:00:00.000-04:00,CME
2013-10-24T00:22:00-FLR-001,M2M_CATALOG,[{'displayName': 'GOES15: SEM/XRS 1.0-8.0'}],2013-10-24T00:22Z,2013-10-24T00:30Z,2013-10-24T00:35Z,M9.3,S13E09,11877,,2013-10-25T21:03Z,2,https://kauai.ccmc.gsfc.nasa.gov/DONKI/view/FLR/3438/-1,2013-10-24T01:48:00-CME-001,2013-10-24T01:48:00.000-04:00,CME
2013-10-25T07:53:00-FLR-001,M2M_CATALOG,[{'displayName': 'GOES15: SEM/XRS 1.0-8.0'}],2013-10-25T07:53Z,2013-10-25T08:01Z,2013-10-25T08:09Z,X1.7,S08E73,11882,,2015-07-16T20:22Z,2,https://kauai.ccmc.gsfc.nasa.gov/DONKI/view/FLR/3452/-1,2013-10-25T08:24:00-CME-001,2013-10-25T08:24:00.000-04:00,CME
2013-10-25T07:53:00-FLR-001,M2M_CATALOG,[{'displayName': 'GOES15: SEM/XRS 1.0-8.0'}],2013-10-25T07:53Z,2013-10-25T08:01Z,2013-10-25T08:09Z,X1.7,S08E73,11882,,2015-07-16T20:22Z,2,https://kauai.ccmc.gsfc.nasa.gov/DONKI/view/FLR/3452/-1,2013-10-25T13:36:00-SEP-001,2013-10-25T13:36:00.000-04:00,SEP
2013-10-25T14:52:00-FLR-001,M2M_CATALOG,[{'displayName': 'GOES15: SEM/XRS 1.0-8.0'}],2013-10-25T14:52Z,2013-10-25T15:03Z,2013-10-25T15:12Z,X2.1,S08E65,11882,,2015-07-16T20:20Z,2,https://kauai.ccmc.gsfc.nasa.gov/DONKI/view/FLR/3451/-1,2013-10-25T15:12:00-CME-001,2013-10-25T15:12:00.000-04:00,CME
2013-10-26T19:24:00-FLR-001,M2M_CATALOG,[{'displayName': 'GOES15: SEM/XRS 1.0-8.0'}],2013-10-26T19:24Z,2013-10-26T19:27Z,2013-10-26T19:30Z,M3.1,S09E77,11884,,2013-10-27T04:03Z,1,https://kauai.ccmc.gsfc.nasa.gov/DONKI/view/FLR/3481/-1,2013-10-26T20:09:00-CME-001,2013-10-26T20:09:00.000-04:00,CME
2013-10-28T01:41:00-FLR-001,M2M_CATALOG,[{'displayName': 'GOES15: SEM/XRS 1.0-8.0'}],2013-10-28T01:41Z,2013-10-28T02:03Z,2013-10-28T02:12Z,X1.0,N07W634,11875,,2015-07-16T20:19Z,3,https://kauai.ccmc.gsfc.nasa.gov/DONKI/view/FLR/3491/-1,2013-10-28T02:12:00-CME-001,2013-10-28T02:12:00.000-04:00,CME
2013-10-28T04:32:00-FLR-001,M2M_CATALOG,[{'displayName': 'GOES15: SEM/XRS 1.0-8.0'}],2013-10-28T04:32Z,2013-10-28T04:41Z,2013-10-28T04:46Z,M5.1,N07W65,11875,,2015-07-16T20:19Z,2,https://kauai.ccmc.gsfc.nasa.gov/DONKI/view/FLR/3496/-1,2013-10-28T04:48:00-CME-001,2013-10-28T04:48:00.000-04:00,CME
2013-10-29T21:48:00-FLR-001,M2M_CATALOG,[{'displayName': 'GOES15: SEM/XRS 1.0-8.0'}],2013-10-29T21:48Z,2013-10-29T21:54Z,2013-10-29T22:01Z,X2.3,N07W89,11875,Increased energetic proton fluxes possible. Updates on this event will be provided when available.,2015-07-16T20:17Z,2,https://kauai.ccmc.gsfc.nasa.gov/DONKI/view/FLR/3526/-1,2013-10-29T22:12:00-CME-001,2013-10-29T22:12:00.000-04:00,CME
2013-11-08T04:20:00-FLR-001,M2M_CATALOG,[{'displayName': 'GOES15: SEM/XRS 1.0-8.0'}],2013-11-08T04:20Z,2013-11-08T04:26Z,2013-11-08T04:29Z,X1.1,S10E11,11890,,2015-07-16T20:11Z,3,https://kauai.ccmc.gsfc.nasa.gov/DONKI/view/FLR/3596/-1,2013-11-08T06:09:00-CME-001,2013-11-08T06:09:00.000-05:00,CME
2013-11-10T05:08:00-FLR-001,M2M_CATALOG,[{'displayName': 'GOES15: SEM/XRS 1.0-8.0'}],2013-11-10T05:08Z,2013-11-10T05:14Z,2013-11-10T05:18Z,X1.1,S11W16,11890,,2015-07-16T20:11Z,3,https://kauai.ccmc.gsfc.nasa.gov/DONKI/view/FLR/3615/-1,2013-11-10T05:39:00-CME-001,2013-11-10T05:39:00.000-05:00,CME
2013-11-19T10:14:00-FLR-001,M2M_CATALOG,[{'displayName': 'GOES15: SEM/XRS 1.0-8.0'}],2013-11-19T10:14Z,2013-11-19T10:26Z,2013-11-19T10:34Z,X1.0,S13W69,11893,,2013-11-19T13:02Z,1,https://kauai.ccmc.gsfc.nasa.gov/DONKI/view/FLR/3637/-1,2013-11-19T10:39:00-CME-001,2013-11-19T10:39:00.000-05:00,CME
2014-01-04T18:47:00-FLR-001,M2M_CATALOG,[{'displayName': 'GOES15: SEM/XRS 1.0-8.0'}],2014-01-04T18:47Z,2014-01-04T19:46Z,2014-01-04T20:23Z,M4.0,S11E33,11943,,2015-05-11T19:33Z,2,https://kauai.ccmc.gsfc.nasa.gov/DONKI/view/FLR/4374/-1,2014-01-04T21:25:00-CME-001,2014-01-04T21:25:00.000-05:00,CME
2014-01-04T22:12:00-FLR-001,M2M_CATALOG,[{'displayName': 'GOES15: SEM/XRS 1.0-8.0'}],2014-01-04T22:12Z,2014-01-04T22:52Z,2014-01-04T23:22Z,M1.9,S14W89,11936,,2014-01-08T18:59Z,1,https://kauai.ccmc.gsfc.nasa.gov/DONKI/view/FLR/4375/-1,2014-01-05T00:54:00-CME-001,2014-01-05T00:54:00.000-05:00,CME
2014-01-07T18:02:00-FLR-001,M2M_CATALOG,[{'displayName': 'GOES15: SEM/XRS 1.0-8.0'}],2014-01-07T18:02Z,2014-01-07T18:32Z,2014-01-07T18:58Z,X1.2,S15W10,11943,,2015-06-15T19:23Z,3,https://kauai.ccmc.gsfc.nasa.gov/DONKI/view/FLR/4351/-1,2014-01-07T18:24:00-CME-001,2014-01-07T18:24:00.000-05:00,CME
2014-01-07T18:02:00-FLR-001,M2M_CATALOG,[{'displayName': 'GOES15: SEM/XRS 1.0-8.0'}],2014-01-07T18:02Z,2014-01-07T18:32Z,2014-01-07T18:58Z,X1.2,S15W10,11943,,2015-06-15T19:23Z,3,https://kauai.ccmc.gsfc.nasa.gov/DONKI/view/FLR/4351/-1,2014-01-07T19:45:00-SEP-001,2014-01-07T19:45:00.000-05:00,SEP
2014-01-07T18:02:00-FLR-001,M2M_CATALOG,[{'displayName': 'GOES15: SEM/XRS 1.0-8.0'}],2014-01-07T18:02Z,2014-01-07T18:32Z,2014-01-07T18:58Z,X1.2,S15W10,11943,,2015-06-15T19:23Z,3,https://kauai.ccmc.gsfc.nasa.gov/DONKI/view/FLR/4351/-1,2014-01-07T20:30:00-SEP-001,2014-01-07T20:30:00.000-05:00,SEP
2014-01-07T18:02:00-FLR-001,M2M_CATALOG,[{'displayName': 'GOES15: SEM/XRS 1.0-8.0'}],2014-01-07T18:02Z,2014-01-07T18:32Z,2014-01-07T18:58Z,X1.2,S15W10,11943,,2015-06-15T19:23Z,3,https://kauai.ccmc.gsfc.nasa.gov/DONKI/view/FLR/4351/-1,2014-01-07T20:30:00-SEP-002,2014-01-07T20:30:00.000-05:00,SEP
2014-01-08T03:39:00-FLR-001,M2M_CATALOG,[{'displayName': 'GOES15: SEM/XRS 1.0-8.0'}],2014-01-08T03:39Z,2014-01-08T03:47Z,2014-01-08T03:54Z,M3.6,N11W88,11947,,2014-01-08T19:00Z,1,https://kauai.ccmc.gsfc.nasa.gov/DONKI/view/FLR/4376/-1,2014-01-08T04:12:00-CME-001,2014-01-08T04:12:00.000-05:00,CME
2014-01-27T01:05:00-FLR-001,M2M_CATALOG,[{'displayName': 'GOES15: SEM/XRS 1.0-8.0'}],2014-01-27T01:05Z,2014-01-27T01:21Z,2014-01-27T01:39Z,M1.0,S16E88,,"Second flare immediately afterwards, CME related to it",2014-01-27T17:19Z,1,https://kauai.ccmc.gsfc.nasa.gov/DONKI/view/FLR/4493/-1,2014-01-27T02:24:00-CME-001,2014-01-27T02:24:00.000-05:00,CME
2014-01-27T02:02:00-FLR-001,M2M_CATALOG,[{'displayName': 'GOES15: SEM/XRS 1.0-8.0'}],2014-01-27T02:02Z,2014-01-27T02:10Z,2014-01-27T02:18Z,M1.1,S13E88,,"The same region as the previous M class flare at 01:05, related to CME",2014-01-27T17:23Z,1,https://kauai.ccmc.gsfc.nasa.gov/DONKI/view/FLR/4494/-1,2014-01-27T02:24:00-CME-001,2014-01-27T02:24:00.000-05:00,CME
2014-01-30T07:54:00-FLR-001,M2M_CATALOG,[{'displayName': 'GOES15: SEM/XRS 1.0-8.0'}],2014-01-30T07:54Z,2014-01-30T08:11Z,2014-01-30T08:41Z,M1.1,S14E45,11967,Flare is associated with CME starting on 2014-01-30T08:36Z,2014-02-03T19:04Z,2,https://kauai.ccmc.gsfc.nasa.gov/DONKI/view/FLR/4537/-1,2014-01-30T08:36:00-CME-001,2014-01-30T08:36:00.000-05:00,CME
2014-01-30T15:48:00-FLR-001,M2M_CATALOG,[{'displayName': 'GOES15: SEM/XRS 1.0-8.0'}],2014-01-30T15:48Z,2014-01-30T16:11Z,2014-01-30T16:28Z,M6.6,S12E61,11967,,2014-02-03T19:03Z,4,https://kauai.ccmc.gsfc.nasa.gov/DONKI/view/FLR/4532/-1,2014-01-30T16:24:00-CME-001,2014-01-30T16:24:00.000-05:00,CME
2014-02-09T15:40:00-FLR-001,M2M_CATALOG,[{'displayName': 'GOES15: SEM/XRS 1.0-8.0'}],2014-02-09T15:40Z,2014-02-09T16:14Z,2014-02-09T16:52Z,M1.0,S16E88,11976,,2015-07-16T19:51Z,2,https://kauai.ccmc.gsfc.nasa.gov/DONKI/view/FLR/4652/-1,2014-02-09T16:12:00-CME-001,2014-02-09T16:12:00.000-05:00,CME
2014-02-11T03:22:00-FLR-001,M2M_CATALOG,[{'displayName': 'GOES15: SEM/XRS 1.0-8.0'}],2014-02-11T03:22Z,2014-02-11T03:31Z,2014-02-11T03:39Z,M1.7,S13E16,11974,,2014-03-27T00:52Z,1,https://kauai.ccmc.gsfc.nasa.gov/DONKI/view/FLR/4812/-1,2014-02-11T05:24:00-CME-001,2014-02-11T05:24:00.000-05:00,CME
2014-02-25T00:41:00-FLR-001,M2M_CATALOG,[{'displayName': 'GOES15: SEM/XRS 1.0-8.0'}],2014-02-25T00:41Z,2014-02-25T00:49Z,2014-02-25T01:03Z,X4.9,S15E77,,,2015-07-16T19:46Z,2,https://kauai.ccmc.gsfc.nasa.gov/DONKI/view/FLR/4636/-1,2014-02-25T01:25:00-CME-001,2014-02-25T01:25:00.000-05:00,CME
2014-02-25T00:41:00-FLR-001,M2M_CATALOG,[{'displayName': 'GOES15: SEM/XRS 1.0-8.0'}],2014-02-25T00:41Z,2014-02-25T00:49Z,2014-02-25T01:03Z,X4.9,S15E77,,,2015-07-16T19:46Z,2,https://kauai.ccmc.gsfc.nasa.gov/DONKI/view/FLR/4636/-1,2014-02-25T06:05:00-SEP-001,2014-02-25T06:05:00.000-05:00,SEP
2014-02-25T00:41:00-FLR-001,M2M_CATALOG,[{'displayName': 'GOES15: SEM/XRS 1.0-8.0'}],2014-02-25T00:41Z,2014-02-25T00:49Z,2014-02-25T01:03Z,X4.9,S15E77,,,2015-07-16T19:46Z,2,https://kauai.ccmc.gsfc.nasa.gov/DONKI/view/FLR/4636/-1,2014-02-25T13:55:00-SEP-001,2014-02-25T13:55:00.000-05:00,SEP
2014-03-29T17:36:00-FLR-001,M2M_CATALOG,[{'displayName': 'GOES15: SEM/XRS 1.0-8.0'}],2014-03-29T17:36Z,2014-03-29T17:48Z,2014-03-29T17:54Z,X1.0,N10W32,12017,,2014-04-01T14:57Z,2,https://kauai.ccmc.gsfc.nasa.gov/DONKI/view/FLR/5032/-1,2014-03-29T18:39:00-CME-001,2014-03-29T18:39:00.000-04:00,CME
2014-04-02T13:18:00-FLR-001,M2M_CATALOG,[{'displayName': 'GOES15: SEM/XRS 1.0-8.0'}],2014-04-02T13:18Z,2014-04-02T14:05Z,2014-04-02T14:28Z,M6.5,N12E53,12027,,2014-04-02T14:57Z,2,https://kauai.ccmc.gsfc.nasa.gov/DONKI/view/FLR/5074/-1,2014-04-02T13:55:00-CME-001,2014-04-02T13:55:00.000-04:00,CME
2014-04-02T13:18:00-FLR-001,M2M_CATALOG,[{'displayName': 'GOES15: SEM/XRS 1.0-8.0'}],2014-04-02T13:18Z,2014-04-02T14:05Z,2014-04-02T14:28Z,M6.5,N12E53,12027,,2014-04-02T14:57Z,2,https://kauai.ccmc.gsfc.nasa.gov/DONKI/view/FLR/5074/-1,2014-04-02T15:55:00-SEP-001,2014-04-02T15:55:00.000-04:00,SEP
2014-04-18T12:31:00-FLR-001,M2M_CATALOG,[{'displayName': 'GOES15: SEM/XRS 1.0-8.0'}],2014-04-18T12:31Z,2014-04-18T13:03Z,2014-04-18T13:20Z,M7.3,S18W29,12036,,2015-07-16T19:41Z,2,https://kauai.ccmc.gsfc.nasa.gov/DONKI/view/FLR/5246/-1,2014-04-18T13:09:00-CME-001,2014-04-18T13:09:00.000-04:00,CME
2014-04-18T12:31:00-FLR-001,M2M_CATALOG,[{'displayName': 'GOES15: SEM/XRS 1.0-8.0'}],2014-04-18T12:31Z,2014-04-18T13:03Z,2014-04-18T13:20Z,M7.3,S18W29,12036,,2015-07-16T19:41Z,2,https://kauai.ccmc.gsfc.nasa.gov/DONKI/view/FLR/5246/-1,2014-04-18T15:25:00-SEP-001,2014-04-18T15:25:00.000-04:00,SEP
2014-04-18T12:31:00-FLR-001,M2M_CATALOG,[{'displayName': 'GOES15: SEM/XRS 1.0-8.0'}],2014-04-18T12:31Z,2014-04-18T13:03Z,2014-04-18T13:20Z,M7.3,S18W29,12036,,2015-07-16T19:41Z,2,https://kauai.ccmc.gsfc.nasa.gov/DONKI/view/FLR/5246/-1,2014-04-18T21:51:00-SEP-001,2014-04-18T21:51:00.000-04:00,SEP
2014-04-25T00:17:00-FLR-001,M2M_CATALOG,[{'displayName': 'GOES15: SEM/XRS 1.0-8.0'}],2014-04-25T00:17Z,2014-04-25T00:27Z,2014-04-25T00:38Z,X1.3,S14W29,12035,"flare at west limb, probably partially obsured",2014-04-30T17:41Z,5,https://kauai.ccmc.gsfc.nasa.gov/DONKI/view/FLR/5317/-1,2014-04-25T00:48:00-CME-001,2014-04-25T00:48:00.000-04:00,CME
2014-05-06T08:40:00-FLR-001,M2M_CATALOG,[{'displayName': 'GOES15: SEM/XRS 1.0-8.0'}],2014-05-06T08:40Z,2014-05-06T09:03Z,2014-05-06T09:24Z,M1.8,S13W87,12051,,2014-05-06T09:59Z,1,https://kauai.ccmc.gsfc.nasa.gov/DONKI/view/FLR/5394/-1,2014-05-06T09:12:00-CME-001,2014-05-06T09:12:00.000-04:00,CME
2014-05-06T22:01:00-FLR-001,M2M_CATALOG,[{'displayName': 'GOES15: SEM/XRS 1.0-8.0'}],2014-05-06T22:01Z,2014-05-06T22:09Z,2014-05-06T22:20Z,M1.0,S09W91,12051,,2014-05-07T15:35Z,1,https://kauai.ccmc.gsfc.nasa.gov/DONKI/view/FLR/5411/-1,2014-05-06T22:17:00-CME-001,2014-05-06T22:17:00.000-04:00,CME
2014-05-07T16:07:00-FLR-001,M2M_CATALOG,[{'displayName': 'GOES15: SEM/XRS 1.0-8.0'}],2014-05-07T16:07Z,2014-05-07T16:29Z,2014-05-07T13:03Z,M1.2,S12W90,12051,,2014-05-07T18:22Z,1,https://kauai.ccmc.gsfc.nasa.gov/DONKI/view/FLR/5418/-1,2014-05-07T16:39:00-CME-001,2014-05-07T16:39:00.000-04:00,CME
2014-06-10T11:38:00-FLR-001,M2M_CATALOG,[{'displayName': 'GOES15: SEM/XRS 1.0-8.0'}],2014-06-10T11:38Z,2014-06-10T11:42Z,2014-06-10T11:47Z,X2.2,S18E85,12087,The flare is from the old AR2065 newly rotated onto the solar disk and renamed into AR2087,2014-06-10T12:58Z,4,https://kauai.ccmc.gsfc.nasa.gov/DONKI/view/FLR/5723/-1,2014-06-10T12:24:00-CME-001,2014-06-10T12:24:00.000-04:00,CME
2014-06-10T12:38:00-FLR-001,M2M_CATALOG,[{'displayName': 'GOES15: SEM/XRS 1.0-8.0'}],2014-06-10T12:38Z,2014-06-10T12:52Z,2014-06-10T13:07Z,X1.5,S19E89,12087,,2014-06-10T12:59Z,3,https://kauai.ccmc.gsfc.nasa.gov/DONKI/view/FLR/5726/-1,2014-06-10T13:09:00-CME-001,2014-06-10T13:09:00.000-04:00,CME
2014-06-12T21:39:00-FLR-001,M2M_CATALOG,[{'displayName': 'GOES15: SEM/XRS 1.0-8.0'}],2014-06-12T21:39Z,2014-06-12T22:16Z,2014-06-12T22:52Z,M3.1,S23W58,12085,very gradual rise phase for a flare,2014-06-13T14:11Z,2,https://kauai.ccmc.gsfc.nasa.gov/DONKI/view/FLR/5768/-1,2014-06-12T22:12:00-CME-001,2014-06-12T22:12:00.000-04:00,CME
2014-06-14T19:25:00-FLR-001,M2M_CATALOG,[{'displayName': 'GOES15: SEM/XRS 1.0-8.0'}],2014-06-14T19:25Z,2014-06-14T19:29Z,2014-06-14T19:34Z,M1.4,S10E90,,"unnumbered AR at SE limb (limb flare, might be obscured), location from SDO 131 images",2014-06-14T20:28Z,1,https://kauai.ccmc.gsfc.nasa.gov/DONKI/view/FLR/5779/-1,2014-06-14T19:48:00-CME-001,2014-06-14T19:48:00.000-04:00,CME
2014-07-01T11:04:00-FLR-001,M2M_CATALOG,[{'displayName': 'GOES15: SEM/XRS 1.0-8.0'}],2014-07-01T11:04Z,2014-07-01T11:23Z,2014-07-01T11:50Z,M1.4,N12E60,12160,,2014-07-01T12:09Z,1,https://kauai.ccmc.gsfc.nasa.gov/DONKI/view/FLR/5903/-1,2014-07-01T12:39:00-CME-001,2014-07-01T12:39:00.000-04:00,CME
2014-07-08T16:08:00-FLR-001,M2M_CATALOG,[{'displayName': 'GOES15: SEM/XRS 1.0-8.0'}],2014-07-08T16:08Z,2014-07-08T16:20Z,2014-07-08T16:30Z,M6.5,N12E56,12113,,2014-07-08T19:41Z,3,https://kauai.ccmc.gsfc.nasa.gov/DONKI/view/FLR/5949/-1,2014-07-08T16:54:00-CME-001,2014-07-08T16:54:00.000-04:00,CME
2014-08-01T18:00:00-FLR-001,M2M_CATALOG,[{'displayName': 'GOES15: SEM/XRS 1.0-8.0'}],2014-08-01T18:00Z,2014-08-01T18:12Z,2014-08-01T18:48Z,M1.5,S09E13,12127,,2014-08-15T18:52Z,2,https://kauai.ccmc.gsfc.nasa.gov/DONKI/view/FLR/6306/-1,2014-08-01T18:54:00-CME-001,2014-08-01T18:54:00.000-04:00,CME
2014-08-21T13:19:00-FLR-001,M2M_CATALOG,[{'displayName': 'GOES15: SEM/XRS 1.0-8.0'}],2014-08-21T13:19Z,2014-08-21T13:31Z,2014-08-21T13:31Z,M3.4,N11E90,12149,"source is located at the limb, flare might be partially obscured, flare also observed by EUVI B in AR close to W limb",2015-07-16T19:36Z,4,https://kauai.ccmc.gsfc.nasa.gov/DONKI/view/FLR/6439/-1,2014-08-21T14:36:00-CME-001,2014-08-21T14:36:00.000-04:00,CME
2014-08-25T14:46:00-FLR-001,M2M_CATALOG,[{'displayName': 'GOES15: SEM/XRS 1.0-8.0'}],2014-08-25T14:46Z,2014-08-25T15:10Z,2014-08-25T15:11Z,M2.0,N06W39,12146,Flare had an associated eruption starting around 14:15Z.,2014-08-25T17:29Z,1,https://kauai.ccmc.gsfc.nasa.gov/DONKI/view/FLR/6471/-1,2014-08-25T15:36:00-CME-001,2014-08-25T15:36:00.000-04:00,CME
2014-08-25T20:06:00-FLR-001,M2M_CATALOG,[{'displayName': 'GOES15: SEM/XRS 1.0-8.0'}],2014-08-25T20:06Z,2014-08-25T20:21Z,2014-08-25T20:29Z,M3.9,N07W43,12146,same source as M2.0 flare earlier today with peak at 15:10:00 (2014-08-25T14:46:00-FLR-001),2014-08-26T01:21Z,2,https://kauai.ccmc.gsfc.nasa.gov/DONKI/view/FLR/6475/-1,2014-08-25T21:24:00-CME-001,2014-08-25T21:24:00.000-04:00,CME
2014-09-03T13:20:00-FLR-001,M2M_CATALOG,[{'displayName': 'GOES15: SEM/XRS 1.0-8.0'}],2014-09-03T13:20Z,2014-09-03T13:53Z,2014-09-03T13:54Z,M2.5,S15E87,12159,,2014-09-10T21:19Z,2,https://kauai.ccmc.gsfc.nasa.gov/DONKI/view/FLR/6558/-1,2014-09-03T14:12:00-CME-001,2014-09-03T14:12:00.000-04:00,CME
2014-09-08T23:12:00-FLR-001,M2M_CATALOG,[{'displayName': 'GOES15: SEM/XRS 1.0-8.0'}],2014-09-08T23:12Z,2014-09-09T00:28Z,2014-09-09T01:30Z,M4.6,N14E31,12158,Dimming and opening field lines visible in SDO AIA 193.  CME follows!,2014-09-09T02:15Z,1,https://kauai.ccmc.gsfc.nasa.gov/DONKI/view/FLR/6595/-1,2014-09-09T00:16:00-CME-001,2014-09-09T00:16:00.000-04:00,CME
2014-09-10T17:21:00-FLR-001,M2M_CATALOG,[{'displayName': 'GOES15: SEM/XRS 1.0-8.0'}],2014-09-10T17:21Z,2014-09-10T17:45Z,2014-09-10T18:20Z,X1.6,N15E05,12158,This is the same active region that was responsible for the 2014-09-01 SEP event at STEREOs and the M4.5 flare on 2014-09-09.,2014-09-10T18:33Z,4,https://kauai.ccmc.gsfc.nasa.gov/DONKI/view/FLR/6606/-1,2014-09-10T18:18:00-CME-001,2014-09-10T18:18:00.000-04:00,CME
2014-09-10T17:21:00-FLR-001,M2M_CATALOG,[{'displayName': 'GOES15: SEM/XRS 1.0-8.0'}],2014-09-10T17:21Z,2014-09-10T17:45Z,2014-09-10T18:20Z,X1.6,N15E05,12158,This is the same active region that was responsible for the 2014-09-01 SEP event at STEREOs and the M4.5 flare on 2014-09-09.,2014-09-10T18:33Z,4,https://kauai.ccmc.gsfc.nasa.gov/DONKI/view/FLR/6606/-1,2014-09-11T02:40:00-SEP-001,2014-09-11T02:40:00.000-04:00,SEP
2014-09-10T17:21:00-FLR-001,M2M_CATALOG,[{'displayName': 'GOES15: SEM/XRS 1.0-8.0'}],2014-09-10T17:21Z,2014-09-10T17:45Z,2014-09-10T18:20Z,X1.6,N15E05,12158,This is the same active region that was responsible for the 2014-09-01 SEP event at STEREOs and the M4.5 flare on 2014-09-09.,2014-09-10T18:33Z,4,https://kauai.ccmc.gsfc.nasa.gov/DONKI/view/FLR/6606/-1,2014-09-11T04:25:00-SEP-001,2014-09-11T04:25:00.000-04:00,SEP
2014-09-14T02:03:00-FLR-001,M2M_CATALOG,[{'displayName': 'GOES15: SEM/XRS 1.0-8.0'}],2014-09-14T02:03Z,2014-09-14T02:16Z,2014-09-14T02:36Z,M1.5,S14W49,12157,,2014-09-14T04:03Z,1,https://kauai.ccmc.gsfc.nasa.gov/DONKI/view/FLR/6661/-1,2014-09-14T03:12:00-CME-001,2014-09-14T03:12:00.000-04:00,CME
2014-09-23T23:02:00-FLR-001,M2M_CATALOG,[{'displayName': 'GOES15: SEM/XRS 1.0-8.0'}],2014-09-23T23:02Z,2014-09-23T23:15Z,2014-09-23T23:28Z,M2.3,S30W35,12172,Can be clearly seen in SDO AIA 193 in the South West region.,2014-09-24T16:14Z,3,https://kauai.ccmc.gsfc.nasa.gov/DONKI/view/FLR/6757/-1,2014-09-24T00:24:00-CME-001,2014-09-24T00:24:00.000-04:00,CME
2014-09-28T02:39:00-FLR-001,M2M_CATALOG,[{'displayName': 'GOES15: SEM/XRS 1.0-8.0'}],2014-09-28T02:39Z,2014-09-28T02:58Z,2014-09-28T03:19Z,M5.1,S11W17,12173,The flare is from AR 2172 or 2173. Could be between the two. Pending further analysis. Leila: it is 2173,2014-10-01T20:04Z,7,https://kauai.ccmc.gsfc.nasa.gov/DONKI/view/FLR/6806/-1,2014-09-28T03:36:00-CME-001,2014-09-28T03:36:00.000-04:00,CME
2014-10-02T18:49:00-FLR-001,M2M_CATALOG,[{'displayName': 'GOES15: SEM/XRS 1.0-8.0'}],2014-10-02T18:49Z,2014-10-02T19:01Z,2014-10-02T19:14Z,M7.3,S14W88,12173,,2014-10-02T19:16Z,3,https://kauai.ccmc.gsfc.nasa.gov/DONKI/view/FLR/6854/-1,2014-10-02T19:24:00-CME-001,2014-10-02T19:24:00.000-04:00,CME
2014-10-10T15:42:00-FLR-001,M2M_CATALOG,[{'displayName': 'GOES15: SEM/XRS 1.0-8.0'}],2014-10-10T15:42Z,2014-10-10T16:47Z,2014-10-10T18:21Z,C3.0,S14W68,12182,long duration - with an associated CME,2014-10-10T20:03Z,1,https://kauai.ccmc.gsfc.nasa.gov/DONKI/view/FLR/6902/-1,2014-10-10T16:31:00-CME-001,2014-10-10T16:31:00.000-04:00,CME
2014-10-16T12:58:00-FLR-001,M2M_CATALOG,[{'displayName': 'GOES15: SEM/XRS 1.0-8.0'}],2014-10-16T12:58Z,2014-10-16T13:03Z,2014-10-16T13:05Z,M4.3,S13E88,12192,,2014-10-22T20:55Z,2,https://kauai.ccmc.gsfc.nasa.gov/DONKI/view/FLR/6946/-1,2014-10-16T13:26:00-CME-001,2014-10-16T13:26:00.000-04:00,CME
2014-10-24T07:37:00-FLR-001,M2M_CATALOG,[{'displayName': 'GOES15: SEM/XRS 1.0-8.0'}],2014-10-24T07:37Z,2014-10-24T07:48Z,2014-10-24T07:53Z,M4.0,S19W05,12192,,2014-10-24T12:01Z,1,https://kauai.ccmc.gsfc.nasa.gov/DONKI/view/FLR/7011/-1,2014-10-24T08:12:00-CME-001,2014-10-24T08:12:00.000-04:00,CME
2014-11-03T11:23:00-FLR-001,M2M_CATALOG,[{'displayName': 'GOES15: SEM/XRS 1.0-8.0'}],2014-11-03T11:23Z,2014-11-03T11:53Z,2014-11-03T12:17Z,M2.2,N17E89,12205,(was unnumbered at the time),2014-11-05T14:55Z,2,https://kauai.ccmc.gsfc.nasa.gov/DONKI/view/FLR/7119/-1,2014-11-03T12:12:00-CME-001,2014-11-03T12:12:00.000-05:00,CME
2014-11-03T22:15:00-FLR-001,M2M_CATALOG,[{'displayName': 'GOES15: SEM/XRS 1.0-8.0'}],2014-11-03T22:15Z,2014-11-03T22:40Z,2014-11-03T22:53Z,M6.5,N18E90,12205,unnumbered active region (was unnumbered at the time),2014-11-05T19:23Z,5,https://kauai.ccmc.gsfc.nasa.gov/DONKI/view/FLR/7125/-1,2014-11-03T23:12:00-CME-001,2014-11-03T23:12:00.000-05:00,CME
2014-11-04T07:59:00-FLR-001,M2M_CATALOG,[{'displayName': 'GOES15: SEM/XRS 1.0-8.0'}],2014-11-04T07:59Z,2014-11-04T08:38Z,2014-11-04T08:51Z,M2.6,N14E89,12205,New M-class flare starting at noted end-time   (was unnumbered at the time),2014-11-05T19:24Z,3,https://kauai.ccmc.gsfc.nasa.gov/DONKI/view/FLR/7137/-1,2014-11-04T09:12:00-CME-001,2014-11-04T09:12:00.000-05:00,CME
2014-11-04T08:52:00-FLR-001,M2M_CATALOG,[{'displayName': 'GOES15: SEM/XRS 1.0-8.0'}],2014-11-04T08:52Z,2014-11-04T09:04Z,2014-11-04T09:13Z,M2.3,N13E89,12205,(was unnumbered at the time),2014-11-05T19:25Z,3,https://kauai.ccmc.gsfc.nasa.gov/DONKI/view/FLR/7138/-1,2014-11-04T09:12:00-CME-001,2014-11-04T09:12:00.000-05:00,CME
2014-11-05T09:26:00-FLR-001,M2M_CATALOG,[{'displayName': 'GOES15: SEM/XRS 1.0-8.0'}],2014-11-05T09:26Z,2014-11-05T09:47Z,2014-11-05T09:55Z,M7.9,N16E63,12205,,2014-11-05T13:05Z,3,https://kauai.ccmc.gsfc.nasa.gov/DONKI/view/FLR/7146/-1,2014-11-05T10:12:00-CME-001,2014-11-05T10:12:00.000-05:00,CME
2014-11-05T18:50:00-FLR-001,M2M_CATALOG,[{'displayName': 'GOES15: SEM/XRS 1.0-8.0'}],2014-11-05T18:50Z,2014-11-05T19:44Z,2014-11-05T20:15Z,M2.9,N16E69,12205,,2014-11-12T19:33Z,2,https://kauai.ccmc.gsfc.nasa.gov/DONKI/view/FLR/7152/-1,2014-11-05T20:00:00-CME-001,2014-11-05T20:00:00.000-05:00,CME
2014-11-06T03:32:00-FLR-001,M2M_CATALOG,[{'displayName': 'GOES15: SEM/XRS 1.0-8.0'}],2014-11-06T03:32Z,2014-11-06T03:46Z,2014-11-06T04:02Z,M5.4,N16E53,12205,location from SXI images,2014-11-06T15:22Z,3,https://kauai.ccmc.gsfc.nasa.gov/DONKI/view/FLR/7157/-1,2014-11-06T04:00:00-CME-001,2014-11-06T04:00:00.000-05:00,CME
2014-11-07T04:12:00-FLR-001,M2M_CATALOG,[{'displayName': 'GOES15: SEM/XRS 1.0-8.0'}],2014-11-07T04:12Z,2014-11-07T04:25Z,2014-11-07T04:38Z,M2.0,N17E45,12205,"no SDO data, confirm location once SDO is available",2014-11-12T19:34Z,3,https://kauai.ccmc.gsfc.nasa.gov/DONKI/view/FLR/7173/-1,2014-11-07T04:17:00-CME-001,2014-11-07T04:17:00.000-05:00,CME
2014-11-07T16:53:00-FLR-001,M2M_CATALOG,[{'displayName': 'GOES15: SEM/XRS 1.0-8.0'}],2014-11-07T16:53Z,2014-11-07T17:26Z,2014-11-07T17:34Z,X1.6,N15E35,12205,,2014-11-12T19:35Z,4,https://kauai.ccmc.gsfc.nasa.gov/DONKI/view/FLR/7180/-1,2014-11-07T18:08:00-CME-001,2014-11-07T18:08:00.000-05:00,CME
2014-11-15T20:38:00-FLR-001,M2M_CATALOG,[{'displayName': 'GOES15: SEM/XRS 1.0-8.0'}],2014-11-15T20:38Z,2014-11-15T20:46Z,2014-11-15T20:50Z,M3.7,S15E44,12209,,2014-11-15T22:50Z,1,https://kauai.ccmc.gsfc.nasa.gov/DONKI/view/FLR/7228/-1,2014-11-15T21:12:00-CME-001,2014-11-15T21:12:00.000-05:00,CME
2014-12-17T01:41:00-FLR-001,M2M_CATALOG,[{'displayName': 'GOES15: SEM/XRS 1.0-8.0'}],2014-12-17T01:41Z,2014-12-17T01:50Z,2014-12-17T01:57Z,M1.1,S11E37,12241,Associated dimming seen in SDO AIA 193 around 2014-12-17T01:41Z.,2014-12-17T22:45Z,2,https://kauai.ccmc.gsfc.nasa.gov/DONKI/view/FLR/7394/-1,2014-12-17T02:00:00-CME-001,2014-12-17T02:00:00.000-05:00,CME
2014-12-17T04:25:00-FLR-001,M2M_CATALOG,[{'displayName': 'GOES15: SEM/XRS 1.0-8.0'}],2014-12-17T04:25Z,2014-12-17T04:51Z,2014-12-17T05:20Z,M8.7,S18E08,12242,Observed in SDO AIA 193 around 2014-12-17T:04:34Z.,2014-12-17T22:47Z,3,https://kauai.ccmc.gsfc.nasa.gov/DONKI/view/FLR/7392/-1,2014-12-17T05:00:00-CME-001,2014-12-17T05:00:00.000-05:00,CME
2014-12-18T21:41:00-FLR-001,M2M_CATALOG,[{'displayName': 'GOES15: SEM/XRS 1.0-8.0'}],2014-12-18T21:41Z,2014-12-18T21:58Z,2014-12-18T22:25Z,M6.9,S11E10,12241,,2014-12-19T04:41Z,3,https://kauai.ccmc.gsfc.nasa.gov/DONKI/view/FLR/7410/-1,2014-12-19T00:27:00-CME-001,2014-12-19T00:27:00.000-05:00,CME
2014-12-21T11:24:00-FLR-001,M2M_CATALOG,[{'displayName': 'GOES15: SEM/XRS 1.0-8.0'}],2014-12-21T11:24Z,2014-12-21T12:17Z,2014-12-21T12:57Z,M1.0,S11W28,12241,Visible in SDO AIA 193/304 around 2014-12-21T12:17Z.,2014-12-21T14:02Z,1,https://kauai.ccmc.gsfc.nasa.gov/DONKI/view/FLR/7434/-1,2014-12-21T13:30:00-CME-001,2014-12-21T13:30:00.000-05:00,CME
2015-01-13T04:13:00-FLR-001,M2M_CATALOG,[{'displayName': 'GOES15: SEM/XRS 1.0-8.0'}],2015-01-13T04:13Z,2015-01-13T04:24Z,2015-01-13T04:38Z,M5.6,N07W69,12257,,2015-01-13T20:13Z,3,https://kauai.ccmc.gsfc.nasa.gov/DONKI/view/FLR/7582/-1,2015-01-13T05:24:00-CME-001,2015-01-13T05:24:00.000-05:00,CME
2015-02-09T22:59:00-FLR-001,M2M_CATALOG,[{'displayName': 'GOES15: SEM/XRS 1.0-8.0'}],2015-02-09T22:59Z,2015-02-09T23:35Z,2015-02-10T00:12Z,M2.4,N15E52,12282,,2015-02-11T22:23Z,3,https://kauai.ccmc.gsfc.nasa.gov/DONKI/view/FLR/7735/-1,2015-02-09T23:24:00-CME-001,2015-02-09T23:24:00.000-05:00,CME
2015-03-05T17:06:00-FLR-001,M2M_CATALOG,[{'displayName': 'GOES15: SEM/XRS 1.0-8.0'}],2015-03-05T17:06Z,2015-03-05T18:11Z,2015-03-05T18:26Z,M1.2,S14E90,,"Peak of flare is due to an AR at the E limb, a bit earlier there was also an eruption at the W limb, light curve might be a combination of both events, event at E limb might be partially occulted",2015-03-11T18:17Z,4,https://kauai.ccmc.gsfc.nasa.gov/DONKI/view/FLR/7923/-1,2015-03-06T19:20:00-SEP-001,2015-03-06T19:20:00.000-05:00,SEP
2015-03-06T04:14:00-FLR-001,M2M_CATALOG,[{'displayName': 'GOES15: SEM/XRS 1.0-8.0'}],2015-03-06T04:14Z,2015-03-06T04:57Z,2015-03-06T05:27Z,M3.0,S20E90,,Flare observed at the eastern limb in SDO AIA 193/304.,2015-03-11T18:21Z,3,https://kauai.ccmc.gsfc.nasa.gov/DONKI/view/FLR/7928/-1,2015-03-06T04:49:00-CME-001,2015-03-06T04:49:00.000-05:00,CME
2015-03-06T04:14:00-FLR-001,M2M_CATALOG,[{'displayName': 'GOES15: SEM/XRS 1.0-8.0'}],2015-03-06T04:14Z,2015-03-06T04:57Z,2015-03-06T05:27Z,M3.0,S20E90,,Flare observed at the eastern limb in SDO AIA 193/304.,2015-03-11T18:21Z,3,https://kauai.ccmc.gsfc.nasa.gov/DONKI/view/FLR/7928/-1,2015-03-06T19:20:00-SEP-001,2015-03-06T19:20:00.000-05:00,SEP
2015-03-06T06:55:00-FLR-001,M2M_CATALOG,[{'displayName': 'GOES15: SEM/XRS 1.0-8.0'}],2015-03-06T06:55Z,2015-03-06T08:15Z,2015-03-06T08:28Z,M1.5,S20E90,,The flare began while SDO was in eclipse.  AR number has not yet been assigned.,2015-03-06T13:17Z,1,https://kauai.ccmc.gsfc.nasa.gov/DONKI/view/FLR/7929/-1,2015-03-06T07:12:00-CME-001,2015-03-06T07:12:00.000-05:00,CME
2015-03-07T21:45:00-FLR-001,M2M_CATALOG,[{'displayName': 'GOES15: SEM/XRS 1.0-8.0'}],2015-03-07T21:45Z,2015-03-07T22:22Z,2015-03-07T22:58Z,M9.2,S20E78,12297,,2015-03-08T04:42Z,5,https://kauai.ccmc.gsfc.nasa.gov/DONKI/view/FLR/7942/-1,2015-03-07T22:24:00-CME-001,2015-03-07T22:24:00.000-05:00,CME
2015-03-09T23:29:00-FLR-001,M2M_CATALOG,[{'displayName': 'GOES15: SEM/XRS 1.0-8.0'}],2015-03-09T23:29Z,2015-03-09T23:53Z,2015-03-10T00:12Z,M5.8,S17E39,12297,,2015-03-10T01:30Z,4,https://kauai.ccmc.gsfc.nasa.gov/DONKI/view/FLR/7953/-1,2015-03-10T00:00:00-CME-001,2015-03-10T00:00:00.000-04:00,CME
2015-03-10T03:19:00-FLR-001,M2M_CATALOG,[{'displayName': 'GOES15: SEM/XRS 1.0-8.0'}],2015-03-10T03:19Z,2015-03-10T03:24Z,2015-03-10T03:28Z,M5.1,S16E38,12297,,2015-03-11T18:20Z,7,https://kauai.ccmc.gsfc.nasa.gov/DONKI/view/FLR/7957/-1,2015-03-10T03:36:00-CME-001,2015-03-10T03:36:00.000-04:00,CME
2015-03-11T16:11:00-FLR-001,M2M_CATALOG,[{'displayName': 'GOES15: SEM/XRS 1.0-8.0'}],2015-03-11T16:11Z,2015-03-11T16:22Z,2015-03-11T16:29Z,X2.2,S16E26,12297,,2015-03-11T21:47Z,3,https://kauai.ccmc.gsfc.nasa.gov/DONKI/view/FLR/7971/-1,2015-03-11T18:00:00-CME-001,2015-03-11T18:00:00.000-04:00,CME
2015-03-15T01:15:00-FLR-001,M2M_CATALOG,[{'displayName': 'GOES15: SEM/XRS 1.0-8.0'}],2015-03-15T01:15Z,2015-03-15T02:13Z,2015-03-15T02:13Z,C9.1,S22W29,12297,,2015-03-15T15:28Z,1,https://kauai.ccmc.gsfc.nasa.gov/DONKI/view/FLR/8015/-1,2015-03-15T02:00:00-CME-001,2015-03-15T02:00:00.000-04:00,CME
2015-03-15T01:15:00-FLR-001,M2M_CATALOG,[{'displayName': 'GOES15: SEM/XRS 1.0-8.0'}],2015-03-15T01:15Z,2015-03-15T02:13Z,2015-03-15T02:13Z,C9.1,S22W29,12297,,2015-03-15T15:28Z,1,https://kauai.ccmc.gsfc.nasa.gov/DONKI/view/FLR/8015/-1,2015-03-16T07:36:00-SEP-001,2015-03-16T07:36:00.000-04:00,SEP
2015-03-17T22:49:00-FLR-001,M2M_CATALOG,[{'displayName': 'GOES15: SEM/XRS 1.0-8.0'}],2015-03-17T22:49Z,2015-03-17T23:34Z,2015-03-17T23:48Z,M1.0,S17W64,12297,Eruption can be seen in SDO AIA 193/304 around 2015-03-17T23:30Z.,2015-03-18T00:25Z,1,https://kauai.ccmc.gsfc.nasa.gov/DONKI/view/FLR/8040/-1,2015-03-18T00:12:00-CME-001,2015-03-18T00:12:00.000-04:00,CME
2015-04-12T08:51:00-FLR-001,M2M_CATALOG,[{'displayName': 'GOES15: SEM/XRS 1.0-8.0'}],2015-04-12T08:51Z,2015-04-12T09:50Z,2015-04-12T10:44Z,M1.1,N11E78,12321,Long Duration Flare with dimming seen in the area.,2015-04-16T14:40Z,2,https://kauai.ccmc.gsfc.nasa.gov/DONKI/view/FLR/8210/-1,2015-04-12T10:00:00-CME-001,2015-04-12T10:00:00.000-04:00,CME
2015-04-18T14:03:00-FLR-001,M2M_CATALOG,[{'displayName': 'GOES15: SEM/XRS 1.0-8.0'}],2015-04-18T14:03Z,2015-04-18T14:19Z,2015-04-18T14:39Z,C5.2,N11W24,12321,,2015-04-19T04:32Z,1,https://kauai.ccmc.gsfc.nasa.gov/DONKI/view/FLR/8259/-1,2015-04-18T15:12:00-CME-001,2015-04-18T15:12:00.000-04:00,CME
2015-04-21T10:17:00-FLR-001,M2M_CATALOG,[{'displayName': 'GOES15: SEM/XRS 1.0-8.0'}],2015-04-21T10:17Z,2015-04-21T10:40Z,2015-04-21T10:59Z,M2.2,N16E80,,"New active region on the East limb.  A wave and a dimming were also observed, as well as post-eruption loops: probable CME.",2015-04-22T21:13Z,2,https://kauai.ccmc.gsfc.nasa.gov/DONKI/view/FLR/8279/-1,2015-04-21T10:36:00-CME-001,2015-04-21T10:36:00.000-04:00,CME
2015-04-23T09:18:00-FLR-001,M2M_CATALOG,[{'displayName': 'GOES15: SEM/XRS 1.0-8.0'}],2015-04-23T09:18Z,2015-04-23T10:07Z,2015-04-23T10:07Z,M1.1,N07W80,12321,,2015-04-23T12:30Z,1,https://kauai.ccmc.gsfc.nasa.gov/DONKI/view/FLR/8299/-1,2015-04-23T09:36:00-CME-001,2015-04-23T09:36:00.000-04:00,CME
2015-05-05T22:05:00-FLR-001,M2M_CATALOG,[{'displayName': 'GOES15: SEM/XRS 1.0-8.0'}],2015-05-05T22:05Z,2015-05-05T22:11Z,2015-05-05T22:15Z,X2.7,N15E79,12339,Moderate Sized eruption seen with the flare!,2015-05-06T15:40Z,5,https://kauai.ccmc.gsfc.nasa.gov/DONKI/view/FLR/8434/-1,2015-05-05T22:24:00-CME-001,2015-05-05T22:24:00.000-04:00,CME
2015-05-12T02:15:00-FLR-001,M2M_CATALOG,[{'displayName': 'GOES15: SEM/XRS 1.0-8.0'}],2015-05-12T02:15Z,2015-05-12T03:22Z,2015-05-12T03:42Z,C2.6,S21W83,12335,"flare connected to filament eruption at SW limb, might be partially obscured, post-eruptive loops visible over the limb.",2015-05-13T23:02Z,1,https://kauai.ccmc.gsfc.nasa.gov/DONKI/view/FLR/8496/-1,2015-05-12T02:48:00-CME-001,2015-05-12T02:48:00.000-04:00,CME
2015-06-09T19:55:00-FLR-001,M2M_CATALOG,[{'displayName': 'GOES15: SEM/XRS 1.0-8.0'}],2015-06-09T19:55Z,2015-06-09T20:06Z,2015-06-09T20:20Z,C2.8,S07E22,12364,,2015-06-10T04:40Z,1,https://kauai.ccmc.gsfc.nasa.gov/DONKI/view/FLR/8628/-1,2015-06-09T20:00:00-CME-001,2015-06-09T20:00:00.000-04:00,CME
2015-06-18T00:34:00-FLR-001,M2M_CATALOG,[{'displayName': 'GOES15: SEM/XRS 1.0-8.0'}],2015-06-18T00:34Z,2015-06-18T01:27Z,2015-06-18T01:55Z,M1.2,S13W90,12365,Source location might be on or right behind the W limb judging by brightening in GOES-15 SXI and SDO.,2015-06-24T22:10Z,6,https://kauai.ccmc.gsfc.nasa.gov/DONKI/view/FLR/8692/-1,2015-06-18T09:25:00-SEP-001,2015-06-18T09:25:00.000-04:00,SEP
2015-06-18T00:34:00-FLR-001,M2M_CATALOG,[{'displayName': 'GOES15: SEM/XRS 1.0-8.0'}],2015-06-18T00:34Z,2015-06-18T01:27Z,2015-06-18T01:55Z,M1.2,S13W90,12365,Source location might be on or right behind the W limb judging by brightening in GOES-15 SXI and SDO.,2015-06-24T22:10Z,6,https://kauai.ccmc.gsfc.nasa.gov/DONKI/view/FLR/8692/-1,2015-06-18T15:30:00-SEP-001,2015-06-18T15:30:00.000-04:00,SEP
2015-06-18T16:33:00-FLR-001,M2M_CATALOG,[{'displayName': 'GOES15: SEM/XRS 1.0-8.0'}],2015-06-18T16:33Z,2015-06-18T17:36Z,2015-06-18T18:25Z,M3.0,N15E45,12371,There is definitely a possible eruption after the flare due to a big darkening area NE of AR 2371.,2015-06-24T20:56Z,3,https://kauai.ccmc.gsfc.nasa.gov/DONKI/view/FLR/8709/-1,2015-06-18T17:24:00-CME-001,2015-06-18T17:24:00.000-04:00,CME
2015-06-21T02:06:00-FLR-001,M2M_CATALOG,[{'displayName': 'GOES15: SEM/XRS 1.0-8.0'}],2015-06-21T02:06Z,2015-06-21T02:36Z,2015-06-21T03:02Z,M2.6,N13E12,12371,"The same AR previously produced an M2.0 flare, 2015-06-21T01:02:00-FLR-001, which we register as a separate flare, however these two flares can be considered as one long duration event with two peaks.",2016-07-22T17:36Z,4,https://kauai.ccmc.gsfc.nasa.gov/DONKI/view/FLR/8735/-1,2015-06-21T02:48:00-CME-001,2015-06-21T02:48:00.000-04:00,CME
2015-06-21T02:06:00-FLR-001,M2M_CATALOG,[{'displayName': 'GOES15: SEM/XRS 1.0-8.0'}],2015-06-21T02:06Z,2015-06-21T02:36Z,2015-06-21T03:02Z,M2.6,N13E12,12371,"The same AR previously produced an M2.0 flare, 2015-06-21T01:02:00-FLR-001, which we register as a separate flare, however these two flares can be considered as one long duration event with two peaks.",2016-07-22T17:36Z,4,https://kauai.ccmc.gsfc.nasa.gov/DONKI/view/FLR/8735/-1,2015-06-21T20:35:00-SEP-001,2015-06-21T20:35:00.000-04:00,SEP
2015-06-21T09:38:00-FLR-001,M2M_CATALOG,[{'displayName': 'GOES15: SEM/XRS 1.0-8.0'}],2015-06-21T09:38Z,2015-06-21T09:44Z,2015-06-21T09:50Z,M3.8,S20W50,12367,,2015-06-21T21:35Z,1,https://kauai.ccmc.gsfc.nasa.gov/DONKI/view/FLR/8746/-1,2015-06-21T20:35:00-SEP-001,2015-06-21T20:35:00.000-04:00,SEP
2015-06-21T18:10:00-FLR-001,M2M_CATALOG,[{'displayName': 'GOES15: SEM/XRS 1.0-8.0'}],2015-06-21T18:10Z,2015-06-21T18:20Z,2015-06-21T18:28Z,M1.1,S20W50,12367,,2015-06-21T21:01Z,1,https://kauai.ccmc.gsfc.nasa.gov/DONKI/view/FLR/8745/-1,2015-06-21T20:35:00-SEP-001,2015-06-21T20:35:00.000-04:00,SEP
2015-06-22T17:39:00-FLR-001,M2M_CATALOG,[{'displayName': 'GOES15: SEM/XRS 1.0-8.0'}],2015-06-22T17:39Z,2015-06-22T18:23Z,2015-06-22T18:51Z,M6.5,N13W05,12371,Signs of CME-type structural evolution as well.,2015-06-24T12:06Z,4,https://kauai.ccmc.gsfc.nasa.gov/DONKI/view/FLR/8756/-1,2015-06-22T18:36:00-CME-001,2015-06-22T18:36:00.000-04:00,CME
2015-06-25T08:02:00-FLR-001,M2M_CATALOG,[{'displayName': 'GOES15: SEM/XRS 1.0-8.0'}],2015-06-25T08:02Z,2015-06-25T08:16Z,2015-06-25T09:05Z,M7.9,N13W40,12371,,2015-06-25T12:14Z,3,https://kauai.ccmc.gsfc.nasa.gov/DONKI/view/FLR/8800/-1,2015-06-25T08:36:00-CME-001,2015-06-25T08:36:00.000-04:00,CME
2015-06-25T08:02:00-FLR-001,M2M_CATALOG,[{'displayName': 'GOES15: SEM/XRS 1.0-8.0'}],2015-06-25T08:02Z,2015-06-25T08:16Z,2015-06-25T09:05Z,M7.9,N13W40,12371,,2015-06-25T12:14Z,3,https://kauai.ccmc.gsfc.nasa.gov/DONKI/view/FLR/8800/-1,2015-06-25T18:00:00-SEP-001,2015-06-25T18:00:00.000-04:00,SEP
2015-06-25T08:02:00-FLR-001,M2M_CATALOG,[{'displayName': 'GOES15: SEM/XRS 1.0-8.0'}],2015-06-25T08:02Z,2015-06-25T08:16Z,2015-06-25T09:05Z,M7.9,N13W40,12371,,2015-06-25T12:14Z,3,https://kauai.ccmc.gsfc.nasa.gov/DONKI/view/FLR/8800/-1,2015-06-26T01:20:00-SEP-001,2015-06-26T01:20:00.000-04:00,SEP
2015-07-19T09:22:00-FLR-001,M2M_CATALOG,[{'displayName': 'GOES15: SEM/XRS 1.0-8.0'}],2015-07-19T09:22Z,2015-07-19T10:40Z,2015-07-19T13:02Z,C2.1,S25W62,,A filament eruption followed this long duration C-class flare and a CME was visible on the available coronagraph imagery.,2015-07-20T15:14Z,1,https://kauai.ccmc.gsfc.nasa.gov/DONKI/view/FLR/8957/-1,2015-07-19T09:48:00-CME-001,2015-07-19T09:48:00.000-04:00,CME
2015-08-21T09:34:00-FLR-001,M2M_CATALOG,[{'displayName': 'GOES15: SEM/XRS 1.0-8.0'}],2015-08-21T09:34Z,2015-08-21T09:48Z,2015-08-21T10:07Z,M1.4,S17E26,12403,"This flare is located at the western periphery of the AR where the outer boundary of the newly emergent flux encounters an old decayed AR, with a filament that has developed between the ARs which seems to partially erupt (note, that the filament channel still seems present after the eruption, e.g. as seen in AIA 304)",2015-08-21T21:24Z,2,https://kauai.ccmc.gsfc.nasa.gov/DONKI/view/FLR/9150/-1,2015-08-21T10:24:00-CME-001,2015-08-21T10:24:00.000-04:00,CME
2015-08-22T06:39:00-FLR-001,M2M_CATALOG,[{'displayName': 'GOES15: SEM/XRS 1.0-8.0'}],2015-08-22T06:39Z,2015-08-22T06:49Z,2015-08-22T06:59Z,M1.2,S15E13,12403,Large eruption and dimming seen in association with this flare in SDO,2015-08-22T12:08Z,2,https://kauai.ccmc.gsfc.nasa.gov/DONKI/view/FLR/9155/-1,2015-08-22T07:24:00-CME-001,2015-08-22T07:24:00.000-04:00,CME
2015-09-20T17:32:00-FLR-001,M2M_CATALOG,[{'displayName': 'GOES15: SEM/XRS 1.0-8.0'}],2015-09-20T17:32Z,2015-09-20T18:03Z,2015-09-20T18:29Z,M2.1,S22W50,12415,,2015-09-23T15:46Z,2,https://kauai.ccmc.gsfc.nasa.gov/DONKI/view/FLR/9358/-1,2015-09-20T18:12:00-CME-001,2015-09-20T18:12:00.000-04:00,CME
2015-09-28T03:45:00-FLR-001,M2M_CATALOG,[{'displayName': 'GOES15: SEM/XRS 1.0-8.0'}],2015-09-28T03:45Z,2015-09-28T03:55Z,2015-09-28T03:59Z,M3.6,S08W71,12423,"close to W limb, nice eruption seen in AIA 304",2015-09-28T13:31Z,2,https://kauai.ccmc.gsfc.nasa.gov/DONKI/view/FLR/9400/-1,2015-09-28T05:12:00-CME-001,2015-09-28T05:12:00.000-04:00,CME
2015-10-22T02:13:00-FLR-001,M2M_CATALOG,[{'displayName': 'GOES15: SEM/XRS 1.0-8.0'}],2015-10-22T02:13Z,2015-10-22T03:40Z,2015-10-22T07:44Z,C4.4,S10W34,12434,"very long duration event, seems to have no impulsive phase, lightcurve from post-eruptive arcade, can be seen very clearly in AIA 131 and flare ribbons in AIA 304, event has dimmings to the SE of the AR and a CME observed in coronagraph images",2015-10-23T01:03Z,1,https://kauai.ccmc.gsfc.nasa.gov/DONKI/view/FLR/9547/-1,2015-10-22T03:12:00-CME-001,2015-10-22T03:12:00.000-04:00,CME
2015-10-29T01:03:00-FLR-001,M2M_CATALOG,[{'displayName': 'GOES15: SEM/XRS 1.0-8.0'}],2015-10-29T01:03Z,2015-10-29T01:25Z,2015-10-29T01:40Z,C1.1,N19W37,12440,After the flare there was an eruption that caused rising levels of SEP and they crossed the threshold in both SOHO and GOES.,2015-11-04T18:18Z,2,https://kauai.ccmc.gsfc.nasa.gov/DONKI/view/FLR/9577/-1,2015-10-29T04:00:00-SEP-001,2015-10-29T04:00:00.000-04:00,SEP
2015-10-29T01:03:00-FLR-001,M2M_CATALOG,[{'displayName': 'GOES15: SEM/XRS 1.0-8.0'}],2015-10-29T01:03Z,2015-10-29T01:25Z,2015-10-29T01:40Z,C1.1,N19W37,12440,After the flare there was an eruption that caused rising levels of SEP and they crossed the threshold in both SOHO and GOES.,2015-11-04T18:18Z,2,https://kauai.ccmc.gsfc.nasa.gov/DONKI/view/FLR/9577/-1,2015-10-29T04:35:00-SEP-001,2015-10-29T04:35:00.000-04:00,SEP
2015-10-29T01:03:00-FLR-001,M2M_CATALOG,[{'displayName': 'GOES15: SEM/XRS 1.0-8.0'}],2015-10-29T01:03Z,2015-10-29T01:25Z,2015-10-29T01:40Z,C1.1,N19W37,12440,After the flare there was an eruption that caused rising levels of SEP and they crossed the threshold in both SOHO and GOES.,2015-11-04T18:18Z,2,https://kauai.ccmc.gsfc.nasa.gov/DONKI/view/FLR/9577/-1,2015-10-29T05:50:00-SEP-001,2015-10-29T05:50:00.000-04:00,SEP
2015-11-04T03:20:00-FLR-001,M2M_CATALOG,[{'displayName': 'GOES15: SEM/XRS 1.0-8.0'}],2015-11-04T03:20Z,2015-11-04T03:25Z,2015-11-04T03:29Z,M1.9,N14W65,12445,After the flare there was a filament eruption from the region.,2015-11-04T04:55Z,4,https://kauai.ccmc.gsfc.nasa.gov/DONKI/view/FLR/9632/-1,2015-11-04T03:48:00-CME-001,2015-11-04T03:48:00.000-05:00,CME
2015-11-04T13:30:00-FLR-001,M2M_CATALOG,[{'displayName': 'GOES15: SEM/XRS 1.0-8.0'}],2015-11-04T13:30Z,2015-11-04T13:52Z,2015-11-04T14:13Z,M3.7,N06W04,12443,"Associated with large eruption with dimming and EUV wave visible in SDO AIA 171, 193, and 304.",2015-11-04T17:35Z,2,https://kauai.ccmc.gsfc.nasa.gov/DONKI/view/FLR/9637/-1,2015-11-04T14:24:00-CME-001,2015-11-04T14:24:00.000-05:00,CME
2015-12-01T07:59:00-FLR-001,M2M_CATALOG,[{'displayName': 'GOES15: SEM/XRS 1.0-8.0'}],2015-12-01T07:59Z,2015-12-01T08:10Z,2015-12-01T08:30Z,C3.6,N10W42,12458,Flare also had dimming and possible outflowing material - at least a small CME.,2015-12-01T13:19Z,1,https://kauai.ccmc.gsfc.nasa.gov/DONKI/view/FLR/9782/-1,2015-12-01T09:54:00-CME-001,2015-12-01T09:54:00.000-05:00,CME
2015-12-21T00:52:00-FLR-001,M2M_CATALOG,[{'displayName': 'GOES15: SEM/XRS 1.0-8.0'}],2015-12-21T00:52Z,2015-12-21T01:03Z,2015-12-21T01:11Z,M2.8,N01E81,,,2015-12-21T03:52Z,1,https://kauai.ccmc.gsfc.nasa.gov/DONKI/view/FLR/9889/-1,2015-12-21T01:24:00-CME-001,2015-12-21T01:24:00.000-05:00,CME
2015-12-21T10:09:00-FLR-001,M2M_CATALOG,[{'displayName': 'GOES15: SEM/XRS 1.0-8.0'}],2015-12-21T10:09Z,2015-12-21T10:19Z,2015-12-21T10:32Z,M1.1,N01E81,,,2015-12-21T13:01Z,1,https://kauai.ccmc.gsfc.nasa.gov/DONKI/view/FLR/9892/-1,2015-12-21T10:48:00-CME-001,2015-12-21T10:48:00.000-05:00,CME
2015-12-23T00:23:00-FLR-001,M2M_CATALOG,[{'displayName': 'GOES15: SEM/XRS 1.0-8.0'}],2015-12-23T00:23Z,2015-12-23T00:40Z,2015-12-23T00:52Z,M4.7,S21E65,12473,"There was an associated eruption from the region at the same time, with dimming and opening and closing field lines.",2015-12-23T01:37Z,2,https://kauai.ccmc.gsfc.nasa.gov/DONKI/view/FLR/9908/-1,2015-12-23T01:09:00-CME-001,2015-12-23T01:09:00.000-05:00,CME
2015-12-28T11:20:00-FLR-001,M2M_CATALOG,[{'displayName': 'GOES15: SEM/XRS 1.0-8.0'}],2015-12-28T11:20Z,2015-12-28T12:45Z,2015-12-28T14:09Z,M1.8,S22W12,12473,,2015-12-28T18:04Z,4,https://kauai.ccmc.gsfc.nasa.gov/DONKI/view/FLR/9935/-1,2015-12-28T12:39:00-CME-001,2015-12-28T12:39:00.000-05:00,CME
2016-01-01T23:00:00-FLR-001,M2M_CATALOG,[{'displayName': 'GOES15: SEM/XRS 1.0-8.0'}],2016-01-01T23:00Z,2015-01-02T00:10Z,,M2.3,S21W73,12473,"Associated eruption visible in SOD AIA 171. 193, and 304 with opening field lines and filament liftoff.",2016-01-04T09:22Z,2,https://kauai.ccmc.gsfc.nasa.gov/DONKI/view/FLR/9963/-1,2016-01-01T23:12:00-CME-001,2016-01-01T23:12:00.000-05:00,CME
2016-01-01T23:00:00-FLR-001,M2M_CATALOG,[{'displayName': 'GOES15: SEM/XRS 1.0-8.0'}],2016-01-01T23:00Z,2015-01-02T00:10Z,,M2.3,S21W73,12473,"Associated eruption visible in SOD AIA 171. 193, and 304 with opening field lines and filament liftoff.",2016-01-04T09:22Z,2,https://kauai.ccmc.gsfc.nasa.gov/DONKI/view/FLR/9963/-1,2016-01-02T02:48:00-SEP-001,2016-01-02T02:48:00.000-05:00,SEP
2016-01-01T23:00:00-FLR-001,M2M_CATALOG,[{'displayName': 'GOES15: SEM/XRS 1.0-8.0'}],2016-01-01T23:00Z,2015-01-02T00:10Z,,M2.3,S21W73,12473,"Associated eruption visible in SOD AIA 171. 193, and 304 with opening field lines and filament liftoff.",2016-01-04T09:22Z,2,https://kauai.ccmc.gsfc.nasa.gov/DONKI/view/FLR/9963/-1,2016-01-02T04:30:00-SEP-001,2016-01-02T04:30:00.000-05:00,SEP
2016-01-28T11:48:00-FLR-001,M2M_CATALOG,[{'displayName': 'GOES15: SEM/XRS 1.0-8.0'}],2016-01-28T11:48Z,2016-01-28T12:02Z,2016-01-28T12:56Z,C9.6,N03W47,12488,,2016-01-28T22:31Z,1,https://kauai.ccmc.gsfc.nasa.gov/DONKI/view/FLR/10122/-1,2016-01-28T12:24:00-CME-001,2016-01-28T12:24:00.000-05:00,CME
2016-02-11T20:18:00-FLR-001,M2M_CATALOG,[{'displayName': 'GOES15: SEM/XRS 1.0-8.0'}],2016-02-11T20:18Z,2016-02-11T21:03Z,2016-02-11T22:27Z,C8.9,N11W11,12497,Flare location is between AR 12497 and AR 12496,2016-02-12T00:15Z,1,https://kauai.ccmc.gsfc.nasa.gov/DONKI/view/FLR/10194/-1,2016-02-11T21:28:00-CME-001,2016-02-11T21:28:00.000-05:00,CME
2016-03-16T06:34:00-FLR-001,M2M_CATALOG,[{'displayName': 'GOES15: SEM/XRS 1.0-8.0'}],2016-03-16T06:34Z,2016-03-16T06:45Z,2016-03-16T06:57Z,C2.2,N12W88,12522,,2016-03-16T15:34Z,1,https://kauai.ccmc.gsfc.nasa.gov/DONKI/view/FLR/10362/-1,2016-03-16T07:00:00-CME-001,2016-03-16T07:00:00.000-04:00,CME
2016-04-09T12:08:00-FLR-001,M2M_CATALOG,[{'displayName': 'GOES15: SEM/XRS 1.0-8.0'}],2016-04-09T12:08Z,2016-04-09T13:42Z,2016-04-09T16:00Z,C2.8,N11E60,12529,Long duration flare that can be seen coming from the AR 2529.  The flare corresponds to large amounts of opening and moving field lines that can be seen clearly on the western limb STA EUVI 195 at the same time as the eruption.,2016-04-09T16:40Z,4,https://kauai.ccmc.gsfc.nasa.gov/DONKI/view/FLR/10460/-1,2016-04-09T13:36:00-CME-001,2016-04-09T13:36:00.000-04:00,CME
2016-04-18T00:14:00-FLR-001,M2M_CATALOG,[{'displayName': 'GOES15: SEM/XRS 1.0-8.0'}],2016-04-18T00:14Z,2016-04-18T00:29Z,2016-04-18T00:39Z,M6.7,N10W51,12529,,2016-04-18T13:27Z,2,https://kauai.ccmc.gsfc.nasa.gov/DONKI/view/FLR/10506/-1,2016-04-18T00:36:00-CME-001,2016-04-18T00:36:00.000-04:00,CME
2016-06-27T09:42:00-FLR-001,M2M_CATALOG,[{'displayName': 'GOES15: SEM/XRS 1.0-8.0'}],2016-06-27T09:42Z,2016-06-27T09:58Z,2016-06-27T10:24Z,B5.8,N14E42,,,2016-06-27T18:46Z,1,https://kauai.ccmc.gsfc.nasa.gov/DONKI/view/FLR/10837/-1,2016-06-27T10:24:00-CME-001,2016-06-27T10:24:00.000-04:00,CME
2016-07-10T00:53:00-FLR-001,M2M_CATALOG,[{'displayName': 'GOES15: SEM/XRS 1.0-8.0'}],2016-07-10T00:53Z,2016-07-10T00:59Z,,C8.6,N12E67,12564,,2016-07-10T12:06Z,1,https://kauai.ccmc.gsfc.nasa.gov/DONKI/view/FLR/10964/-1,2016-07-10T00:53:00-CME-001,2016-07-10T00:53:00.000-04:00,CME
2016-07-23T05:00:00-FLR-001,M2M_CATALOG,[{'displayName': 'GOES15: SEM/XRS 1.0-8.0'}],2016-07-23T05:00Z,2016-07-23T05:16Z,2016-07-23T05:24Z,M7.6,N05W73,12565,"double peaked flare M7.6, M5.5",2016-07-23T14:30Z,3,https://kauai.ccmc.gsfc.nasa.gov/DONKI/view/FLR/11052/-1,2016-07-23T05:24:00-CME-001,2016-07-23T05:24:00.000-04:00,CME
2016-07-23T05:27:00-FLR-001,M2M_CATALOG,[{'displayName': 'GOES15: SEM/XRS 1.0-8.0'}],2016-07-23T05:27Z,2016-07-23T05:31Z,2016-07-23T05:33Z,M5.5,N05W75,12565,"double peaked flare M7.6, M5.5",2016-07-23T14:31Z,3,https://kauai.ccmc.gsfc.nasa.gov/DONKI/view/FLR/11054/-1,2016-07-23T05:24:00-CME-001,2016-07-23T05:24:00.000-04:00,CME
2016-12-10T16:48:00-FLR-001,M2M_CATALOG,[{'displayName': 'GOES15: SEM/XRS 1.0-8.0'}],2016-12-10T16:48Z,2016-12-10T17:15Z,2016-12-10T17:35Z,C4.0,S07W89,,This solar flare occurred on the western limb and can be seen very clearly in both SDO 171 and 193.  The eruption is characterized by significant moving and opening field lines.,2016-12-10T18:45Z,1,https://kauai.ccmc.gsfc.nasa.gov/DONKI/view/FLR/11977/-1,2016-12-10T17:24:00-CME-001,2016-12-10T17:24:00.000-05:00,CME
2017-03-27T11:07:00-FLR-001,M2M_CATALOG,[{'displayName': 'GOES15: SEM/XRS 1.0-8.0'}],2017-03-27T11:07Z,2017-03-27T11:12Z,2017-03-27T12:43Z,C3.2,S10E65,,,2017-03-28T14:19Z,2,https://kauai.ccmc.gsfc.nasa.gov/DONKI/view/FLR/12329/-1,2017-03-27T12:12:00-CME-001,2017-03-27T12:12:00.000-04:00,CME
2017-04-01T19:30:00-FLR-001,M2M_CATALOG,[{'displayName': 'GOES15: SEM/XRS 1.0-8.0'}],2017-04-01T19:30Z,2017-04-01T19:56Z,2017-04-01T20:13Z,C3.7,N14W53,12644,,2017-04-02T16:55Z,1,https://kauai.ccmc.gsfc.nasa.gov/DONKI/view/FLR/12358/-1,2017-04-01T20:12:00-CME-001,2017-04-01T20:12:00.000-04:00,CME
2017-04-01T21:35:00-FLR-001,M2M_CATALOG,[{'displayName': 'GOES15: SEM/XRS 1.0-8.0'}],2017-04-01T21:35Z,2017-04-01T21:48Z,2017-04-01T22:05Z,M4.4,S13W54,12644,,2017-04-04T20:05Z,2,https://kauai.ccmc.gsfc.nasa.gov/DONKI/view/FLR/12357/-1,2017-04-01T22:12:00-CME-001,2017-04-01T22:12:00.000-04:00,CME
2017-04-02T07:48:00-FLR-001,M2M_CATALOG,[{'displayName': 'GOES15: SEM/XRS 1.0-8.0'}],2017-04-02T07:48Z,2017-04-02T08:02Z,2017-04-02T08:13Z,M5.3,N12W56,12644,,2017-04-04T20:06Z,3,https://kauai.ccmc.gsfc.nasa.gov/DONKI/view/FLR/12350/-1,2017-04-02T09:09:00-CME-001,2017-04-02T09:09:00.000-04:00,CME
2017-04-02T18:18:00-FLR-001,M2M_CATALOG,[{'displayName': 'GOES15: SEM/XRS 1.0-8.0'}],2017-04-02T18:18Z,2017-04-02T18:38Z,2017-04-02T19:28Z,M2.1,N12W66,12644,"This flare is double peaked, with peaks at 18:38 and 18:51. The M2.1 flare was the larger first peak.",2017-04-02T20:49Z,3,https://kauai.ccmc.gsfc.nasa.gov/DONKI/view/FLR/12359/-1,2017-04-02T20:09:00-CME-001,2017-04-02T20:09:00.000-04:00,CME
2017-04-03T00:54:00-FLR-001,M2M_CATALOG,[{'displayName': 'GOES15: SEM/XRS 1.0-8.0'}],2017-04-03T00:54Z,2017-04-03T01:05Z,2017-04-03T01:12Z,M1.2,N12W66,12644,,2017-04-04T20:08Z,2,https://kauai.ccmc.gsfc.nasa.gov/DONKI/view/FLR/12374/-1,2017-04-03T01:48:00-CME-001,2017-04-03T01:48:00.000-04:00,CME
2017-04-03T14:21:00-FLR-001,M2M_CATALOG,[{'displayName': 'GOES15: SEM/XRS 1.0-8.0'}],2017-04-03T14:21Z,2017-04-03T14:29Z,2017-04-03T14:34Z,M5.8,N16W78,12644,"AR close to solar limb, nice eruption visible in SDO 304 (and other channels)",2017-04-04T20:09Z,4,https://kauai.ccmc.gsfc.nasa.gov/DONKI/view/FLR/12369/-1,2017-04-03T15:36:00-CME-001,2017-04-03T15:36:00.000-04:00,CME
2017-04-18T09:29:00-FLR-001,M2M_CATALOG,[{'displayName': 'GOES15: SEM/XRS 1.0-8.0'}],2017-04-18T09:29Z,2017-04-18T09:41Z,,C3.3,N09E84,,Associated with a CME seen at 2017-04-18T10:00Z.,2017-04-18T16:49Z,2,https://kauai.ccmc.gsfc.nasa.gov/DONKI/view/FLR/12459/-1,2017-04-18T10:00:00-CME-001,2017-04-18T10:00:00.000-04:00,CME
2017-04-18T19:15:00-FLR-001,M2M_CATALOG,[{'displayName': 'GOES15: SEM/XRS 1.0-8.0'}],2017-04-18T19:15Z,2017-04-18T20:10Z,,C5.5,N09E84,,Flare from the same AR as the previous one.  An eruption with post-arcade loops is visible. Caused a CME and an associated SEP event.,2017-04-19T15:46Z,2,https://kauai.ccmc.gsfc.nasa.gov/DONKI/view/FLR/12462/-1,2017-04-18T19:48:00-CME-001,2017-04-18T19:48:00.000-04:00,CME
2017-04-18T19:15:00-FLR-001,M2M_CATALOG,[{'displayName': 'GOES15: SEM/XRS 1.0-8.0'}],2017-04-18T19:15Z,2017-04-18T20:10Z,,C5.5,N09E84,,Flare from the same AR as the previous one.  An eruption with post-arcade loops is visible. Caused a CME and an associated SEP event.,2017-04-19T15:46Z,2,https://kauai.ccmc.gsfc.nasa.gov/DONKI/view/FLR/12462/-1,2017-04-18T23:39:00-SEP-001,2017-04-18T23:39:00.000-04:00,SEP
2017-07-02T12:15:00-FLR-001,M2M_CATALOG,[{'displayName': 'GOES15: SEM/XRS 1.0-8.0'}],2017-07-02T12:15Z,2017-07-02T12:39Z,,B3.1,N18W80,12664,,2017-07-02T18:39Z,1,https://kauai.ccmc.gsfc.nasa.gov/DONKI/view/FLR/12718/-1,2017-07-02T13:25:00-CME-001,2017-07-02T13:25:00.000-04:00,CME
2017-07-14T01:07:00-FLR-001,M2M_CATALOG,[{'displayName': 'GOES15: SEM/XRS 1.0-8.0'}],2017-07-14T01:07Z,2017-07-14T02:09Z,2017-07-14T03:24Z,M2.4,S09W33,12665,,2017-07-14T12:01Z,1,https://kauai.ccmc.gsfc.nasa.gov/DONKI/view/FLR/12761/-1,2017-07-14T01:36:00-CME-001,2017-07-14T01:36:00.000-04:00,CME
2017-07-14T01:07:00-FLR-001,M2M_CATALOG,[{'displayName': 'GOES15: SEM/XRS 1.0-8.0'}],2017-07-14T01:07Z,2017-07-14T02:09Z,2017-07-14T03:24Z,M2.4,S09W33,12665,,2017-07-14T12:01Z,1,https://kauai.ccmc.gsfc.nasa.gov/DONKI/view/FLR/12761/-1,2017-07-14T09:00:00-SEP-001,2017-07-14T09:00:00.000-04:00,SEP
2017-07-15T19:21:00-FLR-001,M2M_CATALOG,[{'displayName': 'GOES15: SEM/XRS 1.0-8.0'}],2017-07-15T19:21Z,2017-07-15T19:36Z,,C5.8,S05W64,12665,,2017-07-16T13:17Z,1,https://kauai.ccmc.gsfc.nasa.gov/DONKI/view/FLR/12781/-1,2017-07-15T21:24:00-CME-001,2017-07-15T21:24:00.000-04:00,CME
2017-08-15T12:20:00-FLR-001,M2M_CATALOG,[{'displayName': 'GOES15: SEM/XRS 1.0-8.0'}],2017-08-15T12:20Z,2017-08-15T13:51Z,2017-08-15T14:50Z,C1.1,N08E73,12671,Also some clear CME signatures: dimming (DIM) and post-eruptive arcade (PEA).,2017-08-15T16:19Z,1,https://kauai.ccmc.gsfc.nasa.gov/DONKI/view/FLR/12895/-1,2017-08-15T13:48:00-CME-001,2017-08-15T13:48:00.000-04:00,CME
2017-08-19T21:28:00-FLR-001,M2M_CATALOG,[{'displayName': 'GOES15: SEM/XRS 1.0-8.0'}],2017-08-19T21:28Z,2017-08-19T21:55Z,2017-08-19T22:22Z,C7.0,N10E10,12671,With this flare is a large eruption characterized by opening field lines and some dimming around 21:31Z.,2017-08-20T15:22Z,2,https://kauai.ccmc.gsfc.nasa.gov/DONKI/view/FLR/12921/-1,2017-08-19T23:09:00-CME-001,2017-08-19T23:09:00.000-04:00,CME
2017-09-02T15:23:00-FLR-001,M2M_CATALOG,[{'displayName': 'GOES15: SEM/XRS 1.0-8.0'}],2017-09-02T15:23Z,2017-09-02T15:41Z,2017-09-02T17:27Z,C7.7,N05W90,,,2017-09-02T18:56Z,1,https://kauai.ccmc.gsfc.nasa.gov/DONKI/view/FLR/12965/-1,2017-09-02T16:00:00-CME-001,2017-09-02T16:00:00.000-04:00,CME
2017-09-04T15:11:00-FLR-001,M2M_CATALOG,[{'displayName': 'GOES15: SEM/XRS 1.0-8.0'}],2017-09-04T15:11Z,2017-09-04T15:30Z,2017-09-04T15:33Z,M1.5,S10W08,12673,,2017-09-06T19:43Z,4,https://kauai.ccmc.gsfc.nasa.gov/DONKI/view/FLR/12975/-1,2017-09-04T19:39:00-CME-001,2017-09-04T19:39:00.000-04:00,CME
2017-09-04T18:05:00-FLR-001,M2M_CATALOG,[{'displayName': 'GOES15: SEM/XRS 1.0-8.0'}],2017-09-04T18:05Z,2017-09-04T18:22Z,2019-09-04T18:31Z,M1.0,S10W12,12673,,2017-09-04T21:15Z,3,https://kauai.ccmc.gsfc.nasa.gov/DONKI/view/FLR/12976/-1,2017-09-04T19:39:00-CME-001,2017-09-04T19:39:00.000-04:00,CME
2017-09-04T20:15:00-FLR-001,M2M_CATALOG,[{'displayName': 'GOES15: SEM/XRS 1.0-8.0'}],2017-09-04T20:15Z,2017-09-04T20:33Z,2017-09-04T20:37Z,M5.5,S10W14,12673,,2017-09-04T21:33Z,4,https://kauai.ccmc.gsfc.nasa.gov/DONKI/view/FLR/12979/-1,2017-09-04T20:36:00-CME-001,2017-09-04T20:36:00.000-04:00,CME
2017-09-04T20:15:00-FLR-001,M2M_CATALOG,[{'displayName': 'GOES15: SEM/XRS 1.0-8.0'}],2017-09-04T20:15Z,2017-09-04T20:33Z,2017-09-04T20:37Z,M5.5,S10W14,12673,,2017-09-04T21:33Z,4,https://kauai.ccmc.gsfc.nasa.gov/DONKI/view/FLR/12979/-1,2017-09-04T22:56:00-SEP-001,2017-09-04T22:56:00.000-04:00,SEP
2017-09-04T20:15:00-FLR-001,M2M_CATALOG,[{'displayName': 'GOES15: SEM/XRS 1.0-8.0'}],2017-09-04T20:15Z,2017-09-04T20:33Z,2017-09-04T20:37Z,M5.5,S10W14,12673,,2017-09-04T21:33Z,4,https://kauai.ccmc.gsfc.nasa.gov/DONKI/view/FLR/12979/-1,2017-09-04T23:52:00-SEP-001,2017-09-04T23:52:00.000-04:00,SEP
2017-09-04T20:15:00-FLR-001,M2M_CATALOG,[{'displayName': 'GOES15: SEM/XRS 1.0-8.0'}],2017-09-04T20:15Z,2017-09-04T20:33Z,2017-09-04T20:37Z,M5.5,S10W14,12673,,2017-09-04T21:33Z,4,https://kauai.ccmc.gsfc.nasa.gov/DONKI/view/FLR/12979/-1,2017-09-05T00:30:00-SEP-001,2017-09-05T00:30:00.000-04:00,SEP
2017-09-04T20:15:00-FLR-001,M2M_CATALOG,[{'displayName': 'GOES15: SEM/XRS 1.0-8.0'}],2017-09-04T20:15Z,2017-09-04T20:33Z,2017-09-04T20:37Z,M5.5,S10W14,12673,,2017-09-04T21:33Z,4,https://kauai.ccmc.gsfc.nasa.gov/DONKI/view/FLR/12979/-1,2017-09-06T23:45:00-SEP-001,2017-09-06T23:45:00.000-04:00,SEP
2017-09-06T11:53:00-FLR-001,M2M_CATALOG,[{'displayName': 'GOES15: SEM/XRS 1.0-8.0'}],2017-09-06T11:53Z,2017-09-06T12:02Z,2017-09-06T12:10Z,X9.3,S07W33,12673,"This flare has an extended elevated flux tail beyond 12:10Z (the SWPC flare ending time), and the AIA images indicate signatures consistent with a CME.",2017-09-10T23:36Z,4,https://kauai.ccmc.gsfc.nasa.gov/DONKI/view/FLR/13010/-1,2017-09-06T12:24:00-CME-001,2017-09-06T12:24:00.000-04:00,CME
2017-09-06T11:53:00-FLR-001,M2M_CATALOG,[{'displayName': 'GOES15: SEM/XRS 1.0-8.0'}],2017-09-06T11:53Z,2017-09-06T12:02Z,2017-09-06T12:10Z,X9.3,S07W33,12673,"This flare has an extended elevated flux tail beyond 12:10Z (the SWPC flare ending time), and the AIA images indicate signatures consistent with a CME.",2017-09-10T23:36Z,4,https://kauai.ccmc.gsfc.nasa.gov/DONKI/view/FLR/13010/-1,2017-09-06T23:30:00-SEP-001,2017-09-06T23:30:00.000-04:00,SEP
2017-09-07T10:11:00-FLR-001,M2M_CATALOG,[{'displayName': 'GOES15: SEM/XRS 1.0-8.0'}],2017-09-07T10:11Z,2017-09-07T10:15Z,2017-09-07T10:18Z,M7.3,S08W47,12673,,2017-09-12T18:35Z,3,https://kauai.ccmc.gsfc.nasa.gov/DONKI/view/FLR/13038/-1,2017-09-07T10:48:00-CME-001,2017-09-07T10:48:00.000-04:00,CME
2017-09-07T14:20:00-FLR-001,M2M_CATALOG,[{'displayName': 'GOES15: SEM/XRS 1.0-8.0'}],2017-09-07T14:20Z,2017-09-07T14:36Z,2017-09-07T14:55Z,X1.3,S09W53,12673,,2017-09-12T18:35Z,4,https://kauai.ccmc.gsfc.nasa.gov/DONKI/view/FLR/13043/-1,2017-09-07T15:12:00-CME-001,2017-09-07T15:12:00.000-04:00,CME
2017-09-07T23:51:00-FLR-001,M2M_CATALOG,[{'displayName': 'GOES15: SEM/XRS 1.0-8.0'}],2017-09-07T23:51Z,2017-09-07T23:59Z,2017-09-08T00:14Z,M3.9,S15W50,12673,,2017-09-10T23:45Z,3,https://kauai.ccmc.gsfc.nasa.gov/DONKI/view/FLR/13060/-1,2017-09-07T23:36:00-CME-001,2017-09-07T23:36:00.000-04:00,CME
2017-09-08T03:39:00-FLR-001,M2M_CATALOG,[{'displayName': 'GOES15: SEM/XRS 1.0-8.0'}],2017-09-08T03:39Z,2017-09-08T03:43Z,2017-09-08T03:46Z,M1.2,S07W55,12673,,2017-09-08T12:53Z,1,https://kauai.ccmc.gsfc.nasa.gov/DONKI/view/FLR/13065/-1,2017-09-08T04:17:00-CME-001,2017-09-08T04:17:00.000-04:00,CME
2017-09-08T07:40:00-FLR-001,M2M_CATALOG,[{'displayName': 'GOES15: SEM/XRS 1.0-8.0'}],2017-09-08T07:40Z,2017-09-08T07:49Z,2017-09-08T07:58Z,M8.1,S10W58,12673,,2017-09-08T12:32Z,2,https://kauai.ccmc.gsfc.nasa.gov/DONKI/view/FLR/13061/-1,2017-09-08T07:24:00-CME-001,2017-09-08T07:24:00.000-04:00,CME
2017-09-10T15:35:00-FLR-001,M2M_CATALOG,[{'displayName': 'GOES15: SEM/XRS 1.0-8.0'}],2017-09-10T15:35Z,2017-09-10T16:06Z,2017-09-10T16:31Z,X8.2,S08W88,12673,"This auto generated flare has been updated with the proper start, and peak time as well as class and source location.",2017-09-10T23:46Z,4,https://kauai.ccmc.gsfc.nasa.gov/DONKI/view/FLR/13098/-1,2017-09-10T16:09:00-CME-001,2017-09-10T16:09:00.000-04:00,CME
2017-09-10T15:35:00-FLR-001,M2M_CATALOG,[{'displayName': 'GOES15: SEM/XRS 1.0-8.0'}],2017-09-10T15:35Z,2017-09-10T16:06Z,2017-09-10T16:31Z,X8.2,S08W88,12673,"This auto generated flare has been updated with the proper start, and peak time as well as class and source location.",2017-09-10T23:46Z,4,https://kauai.ccmc.gsfc.nasa.gov/DONKI/view/FLR/13098/-1,2017-09-10T16:25:00-SEP-001,2017-09-10T16:25:00.000-04:00,SEP
2017-09-10T15:35:00-FLR-001,M2M_CATALOG,[{'displayName': 'GOES15: SEM/XRS 1.0-8.0'}],2017-09-10T15:35Z,2017-09-10T16:06Z,2017-09-10T16:31Z,X8.2,S08W88,12673,"This auto generated flare has been updated with the proper start, and peak time as well as class and source location.",2017-09-10T23:46Z,4,https://kauai.ccmc.gsfc.nasa.gov/DONKI/view/FLR/13098/-1,2017-09-10T16:45:00-SEP-001,2017-09-10T16:45:00.000-04:00,SEP
2017-09-10T15:35:00-FLR-001,M2M_CATALOG,[{'displayName': 'GOES15: SEM/XRS 1.0-8.0'}],2017-09-10T15:35Z,2017-09-10T16:06Z,2017-09-10T16:31Z,X8.2,S08W88,12673,"This auto generated flare has been updated with the proper start, and peak time as well as class and source location.",2017-09-10T23:46Z,4,https://kauai.ccmc.gsfc.nasa.gov/DONKI/view/FLR/13098/-1,2017-09-10T20:00:00-SEP-001,2017-09-10T20:00:00.000-04:00,SEP
2017-09-12T07:23:00-FLR-001,M2M_CATALOG,[{'displayName': 'GOES15: SEM/XRS 1.0-8.0'}],2017-09-12T07:23Z,2017-09-12T07:29Z,2017-09-12T07:48Z,C3.0,N09E49,12680,,2017-09-12T12:12Z,1,https://kauai.ccmc.gsfc.nasa.gov/DONKI/view/FLR/13124/-1,2017-09-12T08:09:00-CME-001,2017-09-12T08:09:00.000-04:00,CME
2017-09-12T07:23:00-FLR-001,M2M_CATALOG,[{'displayName': 'GOES15: SEM/XRS 1.0-8.0'}],2017-09-12T07:23Z,2017-09-12T07:29Z,2017-09-12T07:48Z,C3.0,N09E49,12680,,2017-09-12T12:12Z,1,https://kauai.ccmc.gsfc.nasa.gov/DONKI/view/FLR/13124/-1,2017-09-13T05:33:00-SEP-001,2017-09-13T05:33:00.000-04:00,SEP
2017-09-12T19:03:00-FLR-001,M2M_CATALOG,[{'displayName': 'GOES15: SEM/XRS 1.0-8.0'}],2017-09-12T19:03Z,2017-09-12T19:20Z,2017-09-12T19:28Z,C1.6,N07E41,12680,,2017-09-12T20:27Z,1,https://kauai.ccmc.gsfc.nasa.gov/DONKI/view/FLR/13131/-1,2017-09-13T05:33:00-SEP-001,2017-09-13T05:33:00.000-04:00,SEP
2017-10-20T23:10:00-FLR-001,M2M_CATALOG,[{'displayName': 'GOES15: SEM/XRS 1.0-8.0'}],2017-10-20T23:10Z,2017-10-20T23:28Z,2017-10-21T23:37Z,M1.1,S10E90,12685,"flare at the east limb seen in AIA 193/131/304, from former AR 12673, has no AR number yet.",2017-10-21T23:09Z,4,https://kauai.ccmc.gsfc.nasa.gov/DONKI/view/FLR/13344/-1,2017-10-21T00:12:00-CME-001,2017-10-21T00:12:00.000-04:00,CME
2018-02-12T00:15:00-FLR-001,M2M_CATALOG,[{'displayName': 'GOES15: SEM/XRS 1.0-8.0'}],2018-02-12T00:15Z,2018-02-12T01:35Z,2018-02-12T03:21Z,C1.5,S05W10,12699,,2018-02-12T15:35Z,1,https://kauai.ccmc.gsfc.nasa.gov/DONKI/view/FLR/13663/-1,2018-02-12T01:25:00-CME-001,2018-02-12T01:25:00.000-05:00,CME
2018-03-30T07:57:00-FLR-001,M2M_CATALOG,[{'displayName': 'GOES15: SEM/XRS 1.0-8.0'}],2018-03-30T07:57Z,2018-03-30T08:04Z,2018-03-30T08:08Z,C4.6,S10E70,12703,This flare had an associated eruption characterized by opening field lines around 8:06Z that was best seen in SDO AIA 193.,2018-03-30T13:36Z,1,https://kauai.ccmc.gsfc.nasa.gov/DONKI/view/FLR/13791/-1,2018-03-30T08:48:00-CME-001,2018-03-30T08:48:00.000-04:00,CME
2019-03-08T03:07:00-FLR-001,M2M_CATALOG,[{'displayName': 'GOES15: SEM/XRS 1.0-8.0'}],2019-03-08T03:07Z,2019-03-08T03:18Z,,C1.3,N09W04,12734,,2019-03-09T14:34Z,1,https://kauai.ccmc.gsfc.nasa.gov/DONKI/view/FLR/14548/-1,2019-03-08T04:17:00-CME-001,2019-03-08T04:17:00.000-05:00,CME
2019-03-20T07:05:00-FLR-001,M2M_CATALOG,[{'displayName': 'GOES15: SEM/XRS 1.0-8.0'}],2019-03-20T07:05Z,2019-03-20T07:14Z,,B6.1,N09W23,12736,This solar flare is associated with the earlier eruption from AR2736 that occurred at 07:13Z.,2019-03-20T16:00Z,1,https://kauai.ccmc.gsfc.nasa.gov/DONKI/view/FLR/14570/-1,2019-03-20T08:24:00-CME-001,2019-03-20T08:24:00.000-04:00,CME
2019-03-20T10:35:00-FLR-001,M2M_CATALOG,[{'displayName': 'GOES15: SEM/XRS 1.0-8.0'}],2019-03-20T10:35Z,2019-03-20T11:18Z,,C4.8,N08W26,12736,"This solar flare is associated with the eruption from the active region at 11:09Z, corresponding to the main body of the CME.",2019-03-20T16:03Z,1,https://kauai.ccmc.gsfc.nasa.gov/DONKI/view/FLR/14571/-1,2019-03-20T08:24:00-CME-001,2019-03-20T08:24:00.000-04:00,CME
2020-11-20T16:44:00-FLR-001,M2M_CATALOG,[{'displayName': 'GOES-P: EXIS 1.0-8.0'}],2020-11-20T16:44Z,2020-11-20T17:03Z,,C1.9,S22E40,12783,,2020-11-21T17:27Z,1,https://kauai.ccmc.gsfc.nasa.gov/DONKI/view/FLR/16096/-1,2020-11-20T19:51:00-CME-001,2020-11-20T19:51:00.000-05:00,CME
2020-11-29T12:34:00-FLR-001,M2M_CATALOG,[{'displayName': 'GOES-P: EXIS 1.0-8.0'}],2020-11-29T12:34Z,2020-11-29T13:11Z,2020-11-29T13:41Z,M4.4,S25E97,,The source is the active region hidden behind the southeastern limb as seen from the Earth-facing disk. The source signature of this flare can be seen in STEREO A EUVI 195 from the associated active region near S25E40.,2020-12-02T21:36Z,5,https://kauai.ccmc.gsfc.nasa.gov/DONKI/view/FLR/16155/-1,2020-11-29T13:24:00-CME-001,2020-11-29T13:24:00.000-05:00,CME
2020-11-29T12:34:00-FLR-001,M2M_CATALOG,[{'displayName': 'GOES-P: EXIS 1.0-8.0'}],2020-11-29T12:34Z,2020-11-29T13:11Z,2020-11-29T13:41Z,M4.4,S25E97,,The source is the active region hidden behind the southeastern limb as seen from the Earth-facing disk. The source signature of this flare can be seen in STEREO A EUVI 195 from the associated active region near S25E40.,2020-12-02T21:36Z,5,https://kauai.ccmc.gsfc.nasa.gov/DONKI/view/FLR/16155/-1,2020-11-30T04:26:00-SEP-001,2020-11-30T04:26:00.000-05:00,SEP
2020-12-07T15:46:00-FLR-001,M2M_CATALOG,[{'displayName': 'GOES-P: EXIS 1.0-8.0'}],2020-12-07T15:46Z,2020-12-07T16:32Z,,C7.4,S23W11,12790,The signature of this C7.4 flare is visible in SDO AIA 131 starting at 2020-12-07T15:51Z from AR2790 (S23W11).,2020-12-07T18:33Z,3,https://kauai.ccmc.gsfc.nasa.gov/DONKI/view/FLR/16213/-1,2020-12-07T16:24:00-CME-001,2020-12-07T16:24:00.000-05:00,CME
2020-12-13T08:45:00-FLR-001,M2M_CATALOG,[{'displayName': 'GOES-P: EXIS 1.0-8.0'}],2020-12-13T08:45Z,2020-12-13T08:55Z,2020-12-13T09:08Z,B1.4,S18E90,,,2020-12-17T14:49Z,2,https://kauai.ccmc.gsfc.nasa.gov/DONKI/view/FLR/16262/-1,2020-12-13T09:24:00-CME-001,2020-12-13T09:24:00.000-05:00,CME
2020-12-14T14:09:00-FLR-001,M2M_CATALOG,[{'displayName': 'GOES-P: EXIS 1.0-8.0'}],2020-12-14T14:09Z,2020-12-14T14:37Z,2020-12-14T14:56Z,C4.0,S22E44,12792,,2020-12-15T17:34Z,1,https://kauai.ccmc.gsfc.nasa.gov/DONKI/view/FLR/16255/-1,2020-12-14T15:12:00-CME-001,2020-12-14T15:12:00.000-05:00,CME
2021-02-26T07:01:00-FLR-001,M2M_CATALOG,[{'displayName': 'GOES-P: EXIS 1.0-8.0'}],2021-02-26T07:01Z,2021-02-26T07:25Z,,B9.5,S23W43,12805,This flare is visible in SDO/AIA 335 and STA EUVI 195 and is associated with a CME eruption. A post-eruption arcade follows the CME eruption which is visible in STA EUVI 195 beginning around 07:45Z.,2021-02-26T20:57Z,2,https://kauai.ccmc.gsfc.nasa.gov/DONKI/view/FLR/16539/-1,2021-02-26T08:53:00-CME-001,2021-02-26T08:53:00.000-05:00,CME
2021-03-09T12:17:00-FLR-001,M2M_CATALOG,[{'displayName': 'GOES-P: EXIS 1.0-8.0'}],2021-03-09T12:17Z,2021-03-09T12:35Z,2021-03-09T13:10Z,C1.6,N19E87,12808,Associated with an eruption visible beginning 2021-03-09T12:30Z in STEREO A EUVI 195 and SDO/AIA 193.,2021-03-09T20:23Z,1,https://kauai.ccmc.gsfc.nasa.gov/DONKI/view/FLR/16588/-1,2021-03-09T15:53:00-CME-001,2021-03-09T15:53:00.000-05:00,CME
2021-04-17T16:20:00-FLR-001,M2M_CATALOG,[{'displayName': 'GOES-P: EXIS 1.0-8.0'}],2021-04-17T16:20Z,2021-04-17T17:17Z,,B9.7,S10E110,,The source is an unlabeled AR visible near the SE limb of STA EUVIA images. The eruption can be seen as opening field lines just beyond the SE limb in SDO images.,2021-04-17T20:11Z,2,https://kauai.ccmc.gsfc.nasa.gov/DONKI/view/FLR/16743/-1,2021-04-17T16:36:00-CME-001,2021-04-17T16:36:00.000-04:00,CME
2021-04-19T23:19:00-FLR-001,M2M_CATALOG,[{'displayName': 'GOES-P: EXIS 1.0-8.0'}],2021-04-19T23:19Z,2021-04-19T23:42Z,2021-04-19T23:59Z,M1.1,S24E23,12816,An M1.1 flare was detected by GOES starting at 2021-04-19T23:19Z and peaking at 2021-04-19T23:42Z. The flare eruption was observed in SDO/AIA imagery 131/193/211 with the source location being AR2816 (S24E23). The flare was associated with a CME starting at 2021-04-20T00:12Z.,2021-04-20T18:23Z,3,https://kauai.ccmc.gsfc.nasa.gov/DONKI/view/FLR/16758/-1,2021-04-20T00:12:00-CME-001,2021-04-20T00:12:00.000-04:00,CME
2021-04-22T04:10:00-FLR-001,M2M_CATALOG,[{'displayName': 'GOES-P: EXIS 1.0-8.0'}],2021-04-22T04:10Z,2021-04-22T04:35Z,2021-04-22T05:00Z,C3.8,S24W08,12816,"Associated with eruption, visible in STEREO A EUVI 195 and SDO AIA 171/193 beginning 2021-04-22T04:21Z.",2021-04-22T15:39Z,1,https://kauai.ccmc.gsfc.nasa.gov/DONKI/view/FLR/16771/-1,2021-04-22T05:23:00-CME-001,2021-04-22T05:23:00.000-04:00,CME
2021-04-25T01:22:00-FLR-001,M2M_CATALOG,[{'displayName': 'GOES-P: EXIS 1.0-8.0'}],2021-04-25T01:22Z,2021-04-25T01:35Z,2021-04-25T03:41Z,C2.6,S24W45,12816,"The source of this flare is an eruption from AR 2816 (S24W45) showing brightening and quick rising material visible in AIA 193/171/304 beginning at 01:24Z, also visible off the SW limb showing opening field lines and rising material in STA EUVI 195 beginning at 01:25Z. This eruption was associated with the 2021-04-25T02:54Z CME.",2021-04-25T13:58Z,1,https://kauai.ccmc.gsfc.nasa.gov/DONKI/view/FLR/16788/-1,2021-04-25T02:54:00-CME-001,2021-04-25T02:54:00.000-04:00,CME
2021-05-07T03:37:00-FLR-001,M2M_CATALOG,[{'displayName': 'GOES-P: EXIS 1.0-8.0'}],2021-05-07T03:37Z,2021-05-07T03:41Z,,B6.0,N17E86,,The EUV signature of this flare is visible towards the NE limb of the Earth-facing disk as seen in SDO AIA 131 around 2021-05-07T03:42Z.,2021-05-07T20:40Z,1,https://kauai.ccmc.gsfc.nasa.gov/DONKI/view/FLR/16859/-1,2021-05-07T04:28:00-CME-001,2021-05-07T04:28:00.000-04:00,CME
2021-05-07T18:43:00-FLR-001,M2M_CATALOG,[{'displayName': 'GOES-P: EXIS 1.0-8.0'}],2021-05-07T18:43Z,2021-05-07T19:04Z,2021-05-07T19:19Z,M3.9,N17E78,12822,The EUV signature of this M3.9 flare is visible towards the NE limb of the Earth-facing disk as seen in SDO AIA 131 starting around 2021-05-07T18:48Z.,2021-05-12T18:21Z,3,https://kauai.ccmc.gsfc.nasa.gov/DONKI/view/FLR/16853/-1,2021-05-07T19:53:00-CME-001,2021-05-07T19:53:00.000-04:00,CME
2021-05-09T13:39:00-FLR-001,M2M_CATALOG,[{'displayName': 'GOES-P: EXIS 1.0-8.0'}],2021-05-09T13:39Z,2021-05-09T13:58Z,,C4.0,N18E49,12822,This flare and associated eruption produced a CME that is visible as a partial halo to the north in STA Cor2 at 15:23Z.,2021-05-09T17:12Z,1,https://kauai.ccmc.gsfc.nasa.gov/DONKI/view/FLR/16871/-1,2021-05-09T15:23:00-CME-001,2021-05-09T15:23:00.000-04:00,CME
2021-05-14T00:37:00-FLR-001,M2M_CATALOG,[{'displayName': 'GOES-P: EXIS 1.0-8.0'}],2021-05-14T00:37Z,2021-05-14T01:04Z,2021-05-14T01:31Z,B4.9,S22W00,12823,This flare is best seen in SDO/AIA 335 and 94 wavelengths. It is associated with a Earth-directed S-type CME.,2021-05-14T20:03Z,1,https://kauai.ccmc.gsfc.nasa.gov/DONKI/view/FLR/16906/-1,2021-05-14T05:23:00-CME-001,2021-05-14T05:23:00.000-04:00,CME
2021-05-19T02:58:00-FLR-001,M2M_CATALOG,[{'displayName': 'GOES-P: EXIS 1.0-8.0'}],2021-05-19T02:58Z,2021-05-19T03:07Z,2021-05-19T03:15Z,B1.2,N18W79,12822,A brightening corresponding to this solar flare can be seen in SDO AIA 131 around 2021-05-19T03:07Z from AR 12822 near N18W79.,2021-05-19T17:08Z,1,https://kauai.ccmc.gsfc.nasa.gov/DONKI/view/FLR/16919/-1,2021-05-19T03:48:00-CME-001,2021-05-19T03:48:00.000-04:00,CME
2021-05-19T17:02:00-FLR-001,M2M_CATALOG,[{'displayName': 'GOES-P: EXIS 1.0-8.0'}],2021-05-19T17:02Z,2021-05-19T17:08Z,2021-05-19T17:14Z,B1.3,N18W89,12822,B1.3 flare was detected starting at 17:02Z and peaking around 17:08Z. The flare source was AR2822 around N18W89.,2021-05-21T12:03Z,2,https://kauai.ccmc.gsfc.nasa.gov/DONKI/view/FLR/16929/-1,2021-05-19T17:48:00-CME-001,2021-05-19T17:48:00.000-04:00,CME
2021-05-21T08:41:00-FLR-001,M2M_CATALOG,[{'displayName': 'GOES-P: EXIS 1.0-8.0'}],2021-05-21T08:41Z,2021-05-21T08:46Z,,B3.8,N16E90,,A B3.8 class flare was observed on the limb around N16E90 in SDO/AIA 171/193/304. The flare started at about 08:41Z and peaked around 08:46Z. There was an associated eruption with the flare.,2021-05-21T18:49Z,1,https://kauai.ccmc.gsfc.nasa.gov/DONKI/view/FLR/16930/-1,2021-05-21T09:48:00-CME-001,2021-05-21T09:48:00.000-04:00,CME
2021-05-22T06:12:00-FLR-001,M2M_CATALOG,[{'displayName': 'GOES-P: EXIS 1.0-8.0'}],2021-05-22T06:12Z,2021-05-22T06:17Z,2021-05-22T06:24Z,C6.0,N20E20,12824,,2021-05-24T13:18Z,2,https://kauai.ccmc.gsfc.nasa.gov/DONKI/view/FLR/16940/-1,2021-05-22T09:12:00-CME-001,2021-05-22T09:12:00.000-04:00,CME
2021-05-22T15:12:00-FLR-001,M2M_CATALOG,[{'displayName': 'GOES-P: EXIS 1.0-8.0'}],2021-05-22T15:12Z,2021-05-22T15:35Z,2021-05-22T15:44Z,C3.2,N20E18,12824,,2021-05-24T13:19Z,3,https://kauai.ccmc.gsfc.nasa.gov/DONKI/view/FLR/16945/-1,2021-05-22T16:09:00-CME-001,2021-05-22T16:09:00.000-04:00,CME
2021-05-22T21:30:00-FLR-001,M2M_CATALOG,[{'displayName': 'GOES-P: EXIS 1.0-8.0'}],2021-05-22T21:30Z,2021-05-22T21:36Z,2021-05-22T21:43Z,M1.4,N20E15,12824,,2021-05-23T13:15Z,2,https://kauai.ccmc.gsfc.nasa.gov/DONKI/view/FLR/16952/-1,2021-05-22T22:09:00-CME-001,2021-05-22T22:09:00.000-04:00,CME
2021-05-23T09:15:00-FLR-001,M2M_CATALOG,[{'displayName': 'GOES-P: EXIS 1.0-8.0'}],2021-05-23T09:15Z,2021-05-23T09:22Z,2021-05-23T09:35Z,C2.4,N21E8,12824,,2021-05-24T13:15Z,2,https://kauai.ccmc.gsfc.nasa.gov/DONKI/view/FLR/16960/-1,2021-05-23T09:53:00-CME-001,2021-05-23T09:53:00.000-04:00,CME
2021-05-23T11:00:00-FLR-001,M2M_CATALOG,[{'displayName': 'GOES-P: EXIS 1.0-8.0'}],2021-05-23T11:00Z,2021-05-23T11:08Z,2021-05-23T11:14Z,M1.1,N21E07,12824,,2021-06-14T18:34Z,4,https://kauai.ccmc.gsfc.nasa.gov/DONKI/view/FLR/16959/-1,2021-05-23T11:38:00-CME-001,2021-05-23T11:38:00.000-04:00,CME
2021-05-23T17:00:00-FLR-001,M2M_CATALOG,[{'displayName': 'GOES-P: EXIS 1.0-8.0'}],2021-05-23T17:00Z,2021-05-23T17:05Z,2021-05-23T17:10Z,C2.2,N21E04,12824,The source signature of this C2.2 flare from AR 12824 (N21E04) is clearly visible in SDO AIA 131 around 2021-05-23T17:04Z.,2021-05-24T19:44Z,3,https://kauai.ccmc.gsfc.nasa.gov/DONKI/view/FLR/16967/-1,2021-05-23T17:38:00-CME-001,2021-05-23T17:38:00.000-04:00,CME
2021-05-24T00:24:00-FLR-001,M2M_CATALOG,[{'displayName': 'GOES-P: EXIS 1.0-8.0'}],2021-05-24T00:24Z,2021-05-24T00:34Z,2021-05-24T00:38Z,B4.8,N20W03,12824,The source signature of this B4.8 flare from AR 12824 (N20W03) is clearly visible in SDO AIA 131 around 2021-05-24T00:24Z.,2021-05-24T19:49Z,1,https://kauai.ccmc.gsfc.nasa.gov/DONKI/view/FLR/16980/-1,2021-05-24T01:25:00-CME-001,2021-05-24T01:25:00.000-04:00,CME
2021-05-28T22:19:00-FLR-001,M2M_CATALOG,[{'displayName': 'GOES-P: EXIS 1.0-8.0'}],2021-05-28T22:19Z,2021-05-28T23:13Z,2021-05-29T00:12Z,C9.4,N19W68,12824,"Flare from AR 2824 seen on the west side of SDO AIA 131,193,171.  Connectivity to the Earth was strong and an SEP event was reached with GOES >10 MeV protons.",2021-05-29T03:32Z,1,https://kauai.ccmc.gsfc.nasa.gov/DONKI/view/FLR/17006/-1,2021-05-28T23:12:00-CME-001,2021-05-28T23:12:00.000-04:00,CME
2021-05-28T22:19:00-FLR-001,M2M_CATALOG,[{'displayName': 'GOES-P: EXIS 1.0-8.0'}],2021-05-28T22:19Z,2021-05-28T23:13Z,2021-05-29T00:12Z,C9.4,N19W68,12824,"Flare from AR 2824 seen on the west side of SDO AIA 131,193,171.  Connectivity to the Earth was strong and an SEP event was reached with GOES >10 MeV protons.",2021-05-29T03:32Z,1,https://kauai.ccmc.gsfc.nasa.gov/DONKI/view/FLR/17006/-1,2021-05-29T03:00:00-SEP-001,2021-05-29T03:00:00.000-04:00,SEP
2021-06-23T06:43:00-FLR-001,M2M_CATALOG,[{'displayName': 'GOES-P: EXIS 1.0-8.0'}],2021-06-23T06:43Z,2021-06-23T07:07Z,2021-06-23T07:34Z,C3.4,N14E89,,,2021-06-23T19:18Z,1,https://kauai.ccmc.gsfc.nasa.gov/DONKI/view/FLR/17132/-1,2021-06-23T07:24:00-CME-001,2021-06-23T07:24:00.000-04:00,CME
2021-06-25T02:45:00-FLR-001,M2M_CATALOG,[{'displayName': 'GOES-P: EXIS 1.0-8.0'}],2021-06-25T02:45Z,2021-06-25T03:04Z,2021-06-25T03:26Z,C6.0,N21W77,12833,,2021-06-25T17:01Z,1,https://kauai.ccmc.gsfc.nasa.gov/DONKI/view/FLR/17143/-1,2021-06-25T03:24:00-CME-001,2021-06-25T03:24:00.000-04:00,CME
2021-06-25T13:48:00-FLR-001,M2M_CATALOG,[{'displayName': 'GOES-P: EXIS 1.0-8.0'}],2021-06-25T13:48Z,2021-06-25T14:03Z,2021-06-25T14:15Z,C1.7,N22W83,12833,,2021-06-25T17:04Z,1,https://kauai.ccmc.gsfc.nasa.gov/DONKI/view/FLR/17144/-1,2021-06-25T14:24:00-CME-001,2021-06-25T14:24:00.000-04:00,CME
2021-07-03T02:14:00-FLR-001,M2M_CATALOG,[{'displayName': 'GOES-P: EXIS 1.0-8.0'}],2021-07-03T02:14Z,2021-07-03T02:31Z,2021-07-03T02:39Z,C5.7,N23W75,12838,"Associated with eruption from AR 12838; opening/rising field lines visible in SDO AIA 171/193 beginning 2021-07-03T02:24Z, material outflow visible in SDO AIA 171 beginning 2021-07-03T02:30Z.",2021-07-03T14:23Z,1,https://kauai.ccmc.gsfc.nasa.gov/DONKI/view/FLR/17197/-1,2021-07-03T03:48:00-CME-001,2021-07-03T03:48:00.000-04:00,CME
2021-07-03T07:04:00-FLR-001,M2M_CATALOG,[{'displayName': 'GOES-P: EXIS 1.0-8.0'}],2021-07-03T07:04Z,2021-07-03T07:17Z,2021-07-03T07:22Z,M2.7,N23W78,12838,"Associated with eruption from AR 12838, near N23W78, visible as opening/rising field lines in SDO AIA 171/193 beginning 2021-07-03T07:19Z.",2021-07-03T17:21Z,4,https://kauai.ccmc.gsfc.nasa.gov/DONKI/view/FLR/17189/-1,2021-07-03T08:00:00-CME-001,2021-07-03T08:00:00.000-04:00,CME
2021-07-03T14:18:00-FLR-001,M2M_CATALOG,[{'displayName': 'GOES-P: EXIS 1.0-8.0'}],2021-07-03T14:18Z,2021-07-03T14:29Z,2021-07-03T14:34Z,X1.5,N23W80,12838,,2021-07-03T14:42Z,2,https://kauai.ccmc.gsfc.nasa.gov/DONKI/view/FLR/17201/-1,2021-07-03T14:48:00-CME-001,2021-07-03T14:48:00.000-04:00,CME
2021-07-03T16:59:00-FLR-001,M2M_CATALOG,[{'displayName': 'GOES-P: EXIS 1.0-8.0'}],2021-07-03T16:59Z,2021-07-03T17:03Z,2021-07-03T17:14Z,M1.0,N23W82,12838,,2021-07-03T17:20Z,1,https://kauai.ccmc.gsfc.nasa.gov/DONKI/view/FLR/17208/-1,2021-07-03T17:36:00-CME-001,2021-07-03T17:36:00.000-04:00,CME
2021-07-04T05:01:00-FLR-001,M2M_CATALOG,[{'displayName': 'GOES-P: EXIS 1.0-8.0'}],2021-07-04T05:01Z,2021-07-04T05:09Z,2021-07-04T05:15Z,M1.5,N22W88,12838,Associated with eruption visible in SDO AIA 171/193/304 beginning 2021-07-04T05:04Z.,2021-07-04T12:13Z,1,https://kauai.ccmc.gsfc.nasa.gov/DONKI/view/FLR/17211/-1,2021-07-04T06:00:00-CME-001,2021-07-04T06:00:00.000-04:00,CME
2021-07-05T16:36:00-FLR-001,M2M_CATALOG,[{'displayName': 'GOES-P: EXIS 1.0-8.0'}],2021-07-05T16:36Z,2021-07-05T16:50Z,2021-07-05T17:05Z,B5.3,N23W110,12838,Over-the-limb measurement may affect the classification of this flare.  Associated with eruption seen on/behind the NW limb in SDO AIA 171 after 2021-07-05T16:39Z.,2021-07-05T19:56Z,1,https://kauai.ccmc.gsfc.nasa.gov/DONKI/view/FLR/17224/-1,2021-07-05T17:53:00-CME-001,2021-07-05T17:53:00.000-04:00,CME
2021-07-05T23:09:00-FLR-001,M2M_CATALOG,[{'displayName': 'GOES-P: EXIS 1.0-8.0'}],2021-07-05T23:09Z,2021-07-06T00:35Z,2021-07-06T01:40Z,B5.7,N28W93,,Flare occurs during post-eruption arcade from 2021-07-06T00:12Z. Flare appears to be from the plague region to the east of Active Region 12838.,2021-07-06T17:38Z,3,https://kauai.ccmc.gsfc.nasa.gov/DONKI/view/FLR/17227/-1,2021-07-06T00:12:00-CME-001,2021-07-06T00:12:00.000-04:00,CME
2021-07-07T15:16:00-FLR-001,M2M_CATALOG,[{'displayName': 'GOES-P: EXIS 1.0-8.0'}],2021-07-07T15:16Z,2021-07-07T15:51Z,2021-07-07T16:30Z,B7.1,N17W50,12837,,2021-07-08T18:17Z,1,https://kauai.ccmc.gsfc.nasa.gov/DONKI/view/FLR/17239/-1,2021-07-07T16:24:00-CME-001,2021-07-07T16:24:00.000-04:00,CME
2021-07-09T07:30:00-FLR-001,M2M_CATALOG,[{'displayName': 'GOES-P: EXIS 1.0-8.0'}],2021-07-09T07:30Z,2021-07-09T07:55Z,2021-07-09T08:03Z,C6.0,N27W95,12840,,2021-07-09T19:05Z,1,https://kauai.ccmc.gsfc.nasa.gov/DONKI/view/FLR/17242/-1,2021-07-09T08:12:00-CME-001,2021-07-09T08:12:00.000-04:00,CME
2021-07-09T10:31:00-FLR-001,M2M_CATALOG,[{'displayName': 'GOES-P: EXIS 1.0-8.0'}],2021-07-09T10:31Z,2021-07-09T10:50Z,2021-07-09T10:58Z,C7.0,N27W96,12840,,2021-07-09T19:16Z,3,https://kauai.ccmc.gsfc.nasa.gov/DONKI/view/FLR/17243/-1,2021-07-09T11:12:00-CME-001,2021-07-09T11:12:00.000-04:00,CME
2021-07-09T17:15:00-FLR-001,M2M_CATALOG,[{'displayName': 'GOES-P: EXIS 1.0-8.0'}],2021-07-09T17:15Z,2021-07-09T17:25Z,2021-07-09T17:30Z,C4.7,N27W98,12840,,2021-07-09T19:31Z,1,https://kauai.ccmc.gsfc.nasa.gov/DONKI/view/FLR/17249/-1,2021-07-09T18:05:00-SEP-001,2021-07-09T18:05:00.000-04:00,SEP
2021-07-10T01:56:00-FLR-001,M2M_CATALOG,[{'displayName': 'GOES-P: EXIS 1.0-8.0'}],2021-07-10T01:56Z,2021-07-10T02:06Z,2021-07-10T02:10Z,B2.9,N27W104,12840,Associated with field line opening over NW limb of SDO AIA 171/193 beginning 2021-07-10T02:12Z and subsequent CME in NW of SOHO LASCO/C2 beginning 2021-07-10T03:12Z.,2021-07-10T13:26Z,1,https://kauai.ccmc.gsfc.nasa.gov/DONKI/view/FLR/17256/-1,2021-07-10T03:12:00-CME-001,2021-07-10T03:12:00.000-04:00,CME
2021-07-10T10:11:00-FLR-001,M2M_CATALOG,[{'displayName': 'GOES-P: EXIS 1.0-8.0'}],2021-07-10T10:11Z,2021-07-10T10:26Z,2021-07-10T10:40Z,B1.6,N27W108,12840,Associated with eruption from AR 12840 visible in SDO AIA 171/193 beginning 2021-07-10T10:15Z and CME visible in SOHO LASCO/C2 and STEREO A COR2 beginning 2021-07-10T12:00Z.,2021-07-10T15:59Z,1,https://kauai.ccmc.gsfc.nasa.gov/DONKI/view/FLR/17262/-1,2021-07-10T12:00:00-CME-001,2021-07-10T12:00:00.000-04:00,CME
2021-07-20T16:18:00-FLR-001,M2M_CATALOG,[{'displayName': 'GOES-P: EXIS 1.0-8.0'}],2021-07-20T16:18Z,2021-07-20T16:33Z,,B5.4,N27E63,12846,,2021-07-21T18:18Z,1,https://kauai.ccmc.gsfc.nasa.gov/DONKI/view/FLR/17344/-1,2021-07-20T16:48:00-CME-001,2021-07-20T16:48:00.000-04:00,CME
2021-07-23T23:54:00-FLR-001,M2M_CATALOG,[{'displayName': 'GOES-P: EXIS 1.0-8.0'}],2021-07-23T23:54Z,2021-07-24T00:33Z,2021-07-24T01:02Z,C4.3,S16E52,12849,,2021-07-24T12:38Z,1,https://kauai.ccmc.gsfc.nasa.gov/DONKI/view/FLR/17369/-1,2021-07-24T00:36:00-CME-001,2021-07-24T00:36:00.000-04:00,CME
2021-07-25T04:42:00-FLR-001,M2M_CATALOG,[{'displayName': 'GOES-P: EXIS 1.0-8.0'}],2021-07-25T04:42Z,2021-07-25T04:57Z,2021-07-25T05:13Z,B2.5,N20W26,12848,,2021-07-25T12:59Z,1,https://kauai.ccmc.gsfc.nasa.gov/DONKI/view/FLR/17385/-1,2021-07-25T05:48:00-CME-001,2021-07-25T05:48:00.000-04:00,CME
2021-07-26T14:57:00-FLR-001,M2M_CATALOG,[{'displayName': 'GOES-P: EXIS 1.0-8.0'}],2021-07-26T14:57Z,2021-07-26T16:09Z,,B2.2,S30E00,12847,,2021-07-26T19:12Z,1,https://kauai.ccmc.gsfc.nasa.gov/DONKI/view/FLR/17395/-1,2021-07-26T16:48:00-CME-001,2021-07-26T16:48:00.000-04:00,CME
2021-07-27T02:00:00-FLR-001,M2M_CATALOG,[{'displayName': 'GOES-P: EXIS 1.0-8.0'}],2021-07-27T02:00Z,2021-07-27T02:13Z,2021-07-27T02:34Z,B1.9,S15E25,12849,,2021-07-27T18:24Z,1,https://kauai.ccmc.gsfc.nasa.gov/DONKI/view/FLR/17403/-1,2021-07-27T03:24:00-CME-001,2021-07-27T03:24:00.000-04:00,CME
2021-07-28T07:25:00-FLR-001,M2M_CATALOG,[{'displayName': 'GOES-P: EXIS 1.0-8.0'}],2021-07-28T07:25Z,2021-07-28T07:38Z,2021-07-28T07:43Z,B6.9,N24W37,12846,,2021-07-28T19:31Z,1,https://kauai.ccmc.gsfc.nasa.gov/DONKI/view/FLR/17416/-1,2021-07-28T09:53:00-CME-001,2021-07-28T09:53:00.000-04:00,CME
2021-07-28T07:25:00-FLR-001,M2M_CATALOG,[{'displayName': 'GOES-P: EXIS 1.0-8.0'}],2021-07-28T07:25Z,2021-07-28T07:38Z,2021-07-28T07:43Z,B6.9,N24W37,12846,,2021-07-28T19:31Z,1,https://kauai.ccmc.gsfc.nasa.gov/DONKI/view/FLR/17416/-1,2021-07-28T10:09:00-CME-001,2021-07-28T10:09:00.000-04:00,CME
2021-07-31T16:05:00-FLR-001,M2M_CATALOG,[{'displayName': 'GOES-P: EXIS 1.0-8.0'}],2021-07-31T16:05Z,2021-07-31T17:47Z,2021-07-31T19:41Z,B2.4,S20W45,,This flare is associated with an eruption that occurred to the East of Active Regions 12849 and 12847.,2021-08-01T16:08Z,1,https://kauai.ccmc.gsfc.nasa.gov/DONKI/view/FLR/17436/-1,2021-07-31T17:38:00-CME-001,2021-07-31T17:38:00.000-04:00,CME
2021-08-04T03:13:00-FLR-001,M2M_CATALOG,[{'displayName': 'GOES-P: EXIS 1.0-8.0'}],2021-08-04T03:13Z,2021-08-04T03:29Z,2021-08-04T03:39Z,B5.9,S32W44,12850,,2021-08-04T13:14Z,1,https://kauai.ccmc.gsfc.nasa.gov/DONKI/view/FLR/17446/-1,2021-08-04T04:53:00-CME-001,2021-08-04T04:53:00.000-04:00,CME
2021-08-17T10:26:00-FLR-001,M2M_CATALOG,[{'displayName': 'GOES-P: EXIS 1.0-8.0'}],2021-08-17T10:26Z,2021-08-17T11:01Z,,A9.1,S31E85,,,2021-08-17T18:33Z,1,https://kauai.ccmc.gsfc.nasa.gov/DONKI/view/FLR/17525/-1,2021-08-17T11:12:00-CME-001,2021-08-17T11:12:00.000-04:00,CME
2021-08-24T12:03:00-FLR-001,M2M_CATALOG,[{'displayName': 'GOES-P: EXIS 1.0-8.0'}],2021-08-24T12:03Z,2021-08-24T12:16Z,,B8.8,N19E39,12859,,2021-08-26T15:36Z,1,https://kauai.ccmc.gsfc.nasa.gov/DONKI/view/FLR/17580/-1,2021-08-24T13:25:00-CME-001,2021-08-24T13:25:00.000-04:00,CME
2021-08-26T17:48:00-FLR-001,M2M_CATALOG,[{'displayName': 'GOES-P: EXIS 1.0-8.0'}],2021-08-26T17:48Z,2021-08-26T18:18Z,,C3.0,N20E14,12839,,2021-08-27T19:48Z,1,https://kauai.ccmc.gsfc.nasa.gov/DONKI/view/FLR/17595/-1,2021-08-26T18:53:00-CME-001,2021-08-26T18:53:00.000-04:00,CME
2021-08-26T23:15:00-FLR-001,M2M_CATALOG,[{'displayName': 'GOES-P: EXIS 1.0-8.0'}],2021-08-26T23:15Z,2021-08-26T23:22Z,,C3.9,S30E20,12860,,2021-08-28T14:02Z,1,https://kauai.ccmc.gsfc.nasa.gov/DONKI/view/FLR/17608/-1,2021-08-27T00:24:00-CME-001,2021-08-27T00:24:00.000-04:00,CME
2021-08-28T05:39:00-FLR-001,M2M_CATALOG,[{'displayName': 'GOES-P: EXIS 1.0-8.0'}],2021-08-28T05:39Z,2021-08-28T06:11Z,2021-08-28T06:23Z,M4.7,S28E00,12860,,2021-08-28T13:45Z,1,https://kauai.ccmc.gsfc.nasa.gov/DONKI/view/FLR/17607/-1,2021-08-28T07:00:00-CME-001,2021-08-28T07:00:00.000-04:00,CME
2021-09-04T21:06:00-FLR-001,M2M_CATALOG,[{'displayName': 'GOES-P: EXIS 1.0-8.0'}],2021-09-04T21:06Z,2021-09-04T21:33Z,,B4.5,N21E06,12864,,2021-09-05T16:27Z,1,https://kauai.ccmc.gsfc.nasa.gov/DONKI/view/FLR/17661/-1,2021-09-04T23:53:00-CME-001,2021-09-04T23:53:00.000-04:00,CME
2021-09-05T17:42:00-FLR-001,M2M_CATALOG,[{'displayName': 'GOES-P: EXIS 1.0-8.0'}],2021-09-05T17:42Z,2021-09-05T18:11Z,2021-09-05T18:46Z,B7.9,N22E15,12865,,2021-09-07T15:28Z,1,https://kauai.ccmc.gsfc.nasa.gov/DONKI/view/FLR/17681/-1,2021-09-05T21:36:00-CME-001,2021-09-05T21:36:00.000-04:00,CME
2021-09-05T18:47:00-FLR-001,M2M_CATALOG,[{'displayName': 'GOES-P: EXIS 1.0-8.0'}],2021-09-05T18:47Z,2021-09-05T18:56Z,2021-09-05T19:20Z,B7.0,N24E00,12864,,2021-09-07T15:32Z,1,https://kauai.ccmc.gsfc.nasa.gov/DONKI/view/FLR/17682/-1,2021-09-05T21:36:00-CME-001,2021-09-05T21:36:00.000-04:00,CME
2021-09-07T23:42:00-FLR-001,M2M_CATALOG,[{'displayName': 'GOES-P: EXIS 1.0-8.0'}],2021-09-07T23:42Z,2021-09-08T00:09Z,2021-09-08T00:33Z,C2.3,N22W39,12864,,2021-09-09T20:21Z,1,https://kauai.ccmc.gsfc.nasa.gov/DONKI/view/FLR/17694/-1,2021-09-08T00:23:00-CME-001,2021-09-08T00:23:00.000-04:00,CME
2021-09-17T04:14:00-FLR-001,M2M_CATALOG,[{'displayName': 'GOES-S: EXIS 1.0-8.0'}],2021-09-17T04:14Z,2021-09-17T04:28Z,,C5.5,S30E85,,An associated EUV signature for this flare is visible towards the SE limb of the Earth-facing disk as seen in SDO AIA 131 starting around 2021-09-17T04:14Z. GOES-P does not capture the full intensity of the flare due to a data outage between approximately 2021-09-17T04:20-05:30Z.,2021-09-17T13:50Z,1,https://kauai.ccmc.gsfc.nasa.gov/DONKI/view/FLR/17760/-1,2021-09-17T04:28:00-CME-001,2021-09-17T04:28:00.000-04:00,CME
2021-09-23T04:20:00-FLR-001,M2M_CATALOG,[{'displayName': 'GOES-S: EXIS 1.0-8.0'}],2021-09-23T04:20Z,2021-09-23T04:42Z,2021-05-22T17:16Z,M2.8,S22E28,12871,"Seen in GOES 17 (secondary) instrument data, with a gap in primary.",2021-09-24T14:25Z,2,https://kauai.ccmc.gsfc.nasa.gov/DONKI/view/FLR/17803/-1,2021-09-23T05:48:00-CME-001,2021-09-23T05:48:00.000-04:00,CME
2021-09-23T15:23:00-FLR-001,M2M_CATALOG,[{'displayName': 'GOES-P: EXIS 1.0-8.0'}],2021-09-23T15:23Z,2021-09-23T15:28Z,2021-09-23T15:39Z,M1.8,S28E16,12871,,2021-09-29T21:20Z,3,https://kauai.ccmc.gsfc.nasa.gov/DONKI/view/FLR/17807/-1,2021-09-23T16:53:00-CME-001,2021-09-23T16:53:00.000-04:00,CME
2021-09-26T11:20:00-FLR-001,M2M_CATALOG,[{'displayName': 'GOES-P: EXIS 1.0-8.0'}],2021-09-26T11:20Z,2021-09-26T11:24Z,2021-09-26T11:28Z,C1.6,S28W19,12871,The flare is best seen in SDO/AIA 131 at its peak time. There is an associated CME with this flare that is visible in both the SOHO LASCO coronagraphs and the STEREO A coronagraph. Opening field lines are visible to the SW in SDO/AIA 171 from the flare and subsequent eruption from AR12871.,2021-09-26T19:44Z,1,https://kauai.ccmc.gsfc.nasa.gov/DONKI/view/FLR/17832/-1,2021-09-26T12:36:00-CME-001,2021-09-26T12:36:00.000-04:00,CME
2021-09-28T05:54:00-FLR-001,M2M_CATALOG,[{'displayName': 'GOES-P: EXIS 1.0-8.0'}],2021-09-28T05:54Z,2021-09-28T06:34Z,2021-09-28T09:00Z,C1.6,S27W45,12871,This flare entry was changed from B6.9 to C1.6.,2021-09-29T21:22Z,4,https://kauai.ccmc.gsfc.nasa.gov/DONKI/view/FLR/17844/-1,2021-09-28T07:00:00-CME-001,2021-09-28T07:00:00.000-04:00,CME
2021-10-07T13:17:00-FLR-001,M2M_CATALOG,[{'displayName': 'GOES-P: EXIS 1.0-8.0'}],2021-10-07T13:17Z,2021-10-07T13:27Z,,B2.6,S23W18,,Flare associated with an eruption that caused a CME.,2021-10-08T18:21Z,1,https://kauai.ccmc.gsfc.nasa.gov/DONKI/view/FLR/17909/-1,2021-10-07T14:24:00-CME-001,2021-10-07T14:24:00.000-04:00,CME
2021-10-09T06:19:00-FLR-001,M2M_CATALOG,[{'displayName': 'GOES-P: EXIS 1.0-8.0'}],2021-10-09T06:19Z,2021-10-09T06:38Z,2021-10-09T06:53Z,M1.6,N20E09,12882,,2021-10-09T16:17Z,2,https://kauai.ccmc.gsfc.nasa.gov/DONKI/view/FLR/17921/-1,2021-10-09T07:09:00-CME-001,2021-10-09T07:09:00.000-04:00,CME
2021-10-09T06:19:00-FLR-001,M2M_CATALOG,[{'displayName': 'GOES-P: EXIS 1.0-8.0'}],2021-10-09T06:19Z,2021-10-09T06:38Z,2021-10-09T06:53Z,M1.6,N20E09,12882,,2021-10-09T16:17Z,2,https://kauai.ccmc.gsfc.nasa.gov/DONKI/view/FLR/17921/-1,2021-10-09T07:51:00-SEP-001,2021-10-09T07:51:00.000-04:00,SEP
2021-10-12T01:36:00-FLR-001,M2M_CATALOG,[{'displayName': 'GOES-P: EXIS 1.0-8.0'}],2021-10-12T01:36Z,2021-10-12T01:46Z,,B9.5,N16E29,12882,,2021-10-12T21:12Z,1,https://kauai.ccmc.gsfc.nasa.gov/DONKI/view/FLR/17950/-1,2021-10-12T03:24:00-CME-001,2021-10-12T03:24:00.000-04:00,CME
2021-10-13T09:54:00-FLR-001,M2M_CATALOG,[{'displayName': 'GOES-P: EXIS 1.0-8.0'}],2021-10-13T09:54Z,2021-10-13T10:14Z,2021-10-13T10:22Z,B3.3,N17W51,12882,,2021-10-13T16:18Z,1,https://kauai.ccmc.gsfc.nasa.gov/DONKI/view/FLR/17958/-1,2021-10-13T11:00:00-CME-001,2021-10-13T11:00:00.000-04:00,CME
2021-10-15T15:01:00-FLR-001,M2M_CATALOG,[{'displayName': 'GOES-P: EXIS 1.0-8.0'}],2021-10-15T15:01Z,2021-10-15T15:16Z,2021-10-15T15:29Z,B9.7,N15W76,12882,,2021-10-16T13:05Z,1,https://kauai.ccmc.gsfc.nasa.gov/DONKI/view/FLR/17978/-1,2021-10-15T16:12:00-CME-001,2021-10-15T16:12:00.000-04:00,CME
2021-10-25T03:25:00-FLR-001,M2M_CATALOG,[{'displayName': 'GOES-P: EXIS 1.0-8.0'}],2021-10-25T03:25Z,2021-10-25T03:31Z,,B3.7,S30E40,12887,The signature of this B3.7 flare appears as a general brightening from AR 12887 (near S30E40) and is accompanied by visible field line movement as seen in SDO AIA 131 starting around 2021-10-25T03:22Z.,2021-10-25T18:54Z,1,https://kauai.ccmc.gsfc.nasa.gov/DONKI/view/FLR/18059/-1,2021-10-25T05:36:00-CME-001,2021-10-25T05:36:00.000-04:00,CME
2021-10-26T09:08:00-FLR-001,M2M_CATALOG,[{'displayName': 'GOES-P: EXIS 1.0-8.0'}],2021-10-26T09:08Z,2021-10-26T09:13Z,2021-10-26T09:23Z,C1.0,N20E90,12891,,2021-10-27T16:11Z,2,https://kauai.ccmc.gsfc.nasa.gov/DONKI/view/FLR/18078/-1,2021-10-26T10:36:00-CME-001,2021-10-26T10:36:00.000-04:00,CME
2021-10-27T21:53:00-FLR-001,M2M_CATALOG,[{'displayName': 'GOES-P: EXIS 1.0-8.0'}],2021-10-27T21:53Z,2021-10-27T21:59Z,,C1.1,S26E02,12887,,2021-10-28T14:27Z,2,https://kauai.ccmc.gsfc.nasa.gov/DONKI/view/FLR/18092/-1,2021-10-28T01:23:00-CME-001,2021-10-28T01:23:00.000-04:00,CME
2021-10-28T15:17:00-FLR-001,M2M_CATALOG,[{'displayName': 'GOES-P: EXIS 1.0-8.0'}],2021-10-28T15:17Z,2021-10-28T15:35Z,2021-10-28T15:48Z,X1.0,S26W04,12887,,2021-10-28T19:18Z,3,https://kauai.ccmc.gsfc.nasa.gov/DONKI/view/FLR/18096/-1,2021-10-28T15:53:00-CME-001,2021-10-28T15:53:00.000-04:00,CME
2021-10-28T15:17:00-FLR-001,M2M_CATALOG,[{'displayName': 'GOES-P: EXIS 1.0-8.0'}],2021-10-28T15:17Z,2021-10-28T15:35Z,2021-10-28T15:48Z,X1.0,S26W04,12887,,2021-10-28T19:18Z,3,https://kauai.ccmc.gsfc.nasa.gov/DONKI/view/FLR/18096/-1,2021-10-28T16:16:00-SEP-001,2021-10-28T16:16:00.000-04:00,SEP
2021-10-28T15:17:00-FLR-001,M2M_CATALOG,[{'displayName': 'GOES-P: EXIS 1.0-8.0'}],2021-10-28T15:17Z,2021-10-28T15:35Z,2021-10-28T15:48Z,X1.0,S26W04,12887,,2021-10-28T19:18Z,3,https://kauai.ccmc.gsfc.nasa.gov/DONKI/view/FLR/18096/-1,2021-10-28T16:35:00-SEP-001,2021-10-28T16:35:00.000-04:00,SEP
2021-10-28T15:17:00-FLR-001,M2M_CATALOG,[{'displayName': 'GOES-P: EXIS 1.0-8.0'}],2021-10-28T15:17Z,2021-10-28T15:35Z,2021-10-28T15:48Z,X1.0,S26W04,12887,,2021-10-28T19:18Z,3,https://kauai.ccmc.gsfc.nasa.gov/DONKI/view/FLR/18096/-1,2021-10-28T17:39:00-SEP-001,2021-10-28T17:39:00.000-04:00,SEP
2021-10-28T15:17:00-FLR-001,M2M_CATALOG,[{'displayName': 'GOES-P: EXIS 1.0-8.0'}],2021-10-28T15:17Z,2021-10-28T15:35Z,2021-10-28T15:48Z,X1.0,S26W04,12887,,2021-10-28T19:18Z,3,https://kauai.ccmc.gsfc.nasa.gov/DONKI/view/FLR/18096/-1,2021-10-28T17:40:00-SEP-001,2021-10-28T17:40:00.000-04:00,SEP
2021-10-28T15:17:00-FLR-001,M2M_CATALOG,[{'displayName': 'GOES-P: EXIS 1.0-8.0'}],2021-10-28T15:17Z,2021-10-28T15:35Z,2021-10-28T15:48Z,X1.0,S26W04,12887,,2021-10-28T19:18Z,3,https://kauai.ccmc.gsfc.nasa.gov/DONKI/view/FLR/18096/-1,2021-10-28T18:28:00-SEP-001,2021-10-28T18:28:00.000-04:00,SEP
2021-10-28T15:17:00-FLR-001,M2M_CATALOG,[{'displayName': 'GOES-P: EXIS 1.0-8.0'}],2021-10-28T15:17Z,2021-10-28T15:35Z,2021-10-28T15:48Z,X1.0,S26W04,12887,,2021-10-28T19:18Z,3,https://kauai.ccmc.gsfc.nasa.gov/DONKI/view/FLR/18096/-1,2021-10-28T20:44:00-SEP-001,2021-10-28T20:44:00.000-04:00,SEP
2021-10-31T06:53:00-FLR-001,M2M_CATALOG,[{'displayName': 'GOES-P: EXIS 1.0-8.0'}],2021-10-31T06:53Z,2021-10-31T07:06Z,2021-10-31T07:12Z,C2.9,N16E25,12891,,2021-10-31T19:45Z,1,https://kauai.ccmc.gsfc.nasa.gov/DONKI/view/FLR/18138/-1,2021-10-31T08:36:00-CME-001,2021-10-31T08:36:00.000-04:00,CME
2021-11-01T00:57:00-FLR-001,M2M_CATALOG,[{'displayName': 'GOES-P: EXIS 1.0-8.0'}],2021-11-01T00:57Z,2021-11-01T01:45Z,2021-11-01T02:10Z,M1.5,S28W48,12887,,2021-11-01T12:49Z,2,https://kauai.ccmc.gsfc.nasa.gov/DONKI/view/FLR/18145/-1,2021-11-01T02:00:00-CME-001,2021-11-01T02:00:00.000-04:00,CME
2021-11-01T00:57:00-FLR-001,M2M_CATALOG,[{'displayName': 'GOES-P: EXIS 1.0-8.0'}],2021-11-01T00:57Z,2021-11-01T01:45Z,2021-11-01T02:10Z,M1.5,S28W48,12887,,2021-11-01T12:49Z,2,https://kauai.ccmc.gsfc.nasa.gov/DONKI/view/FLR/18145/-1,2021-11-01T03:12:00-SEP-001,2021-11-01T03:12:00.000-04:00,SEP
2021-11-01T17:28:00-FLR-001,M2M_CATALOG,[{'displayName': 'GOES-P: EXIS 1.0-8.0'}],2021-11-01T17:28Z,2021-11-01T18:01Z,2021-11-01T18:44Z,C1.3,S28W58,12887,,2021-11-02T17:15Z,2,https://kauai.ccmc.gsfc.nasa.gov/DONKI/view/FLR/18155/-1,2021-11-01T18:38:00-CME-001,2021-11-01T18:38:00.000-04:00,CME
2021-11-01T20:54:00-FLR-001,M2M_CATALOG,[{'displayName': 'GOES-P: EXIS 1.0-8.0'}],2021-11-01T20:54Z,2021-11-01T21:33Z,2021-11-01T21:51Z,C4.0,S28W59,12887,This flare is a long-duration event associated with a brightening visible in SDO AIA 131 from AR 12887 (near S28W59) around 2021-11-01T21:30Z.,2021-11-02T15:41Z,2,https://kauai.ccmc.gsfc.nasa.gov/DONKI/view/FLR/18169/-1,2021-11-01T21:36:00-CME-001,2021-11-01T21:36:00.000-04:00,CME
2021-11-02T02:03:00-FLR-001,M2M_CATALOG,[{'displayName': 'GOES-P: EXIS 1.0-8.0'}],2021-11-02T02:03Z,2021-11-02T02:51Z,2021-11-02T02:57Z,M1.6,N20E03,12891,The signature of this long-duration M-class flare can be seen in SDO AIA 131 toward the center of the Earth-facing disk around 2021-11-02T03:01Z. The end time is an estimate due to a second flare from AR 12887 occurring simultaneously.,2021-11-02T17:52Z,3,https://kauai.ccmc.gsfc.nasa.gov/DONKI/view/FLR/18160/-1,2021-11-02T02:48:00-CME-001,2021-11-02T02:48:00.000-04:00,CME
2021-11-03T20:56:00-FLR-001,M2M_CATALOG,[{'displayName': 'GOES-P: EXIS 1.0-8.0'}],2021-11-03T20:56Z,2021-11-03T21:17Z,2021-11-03T22:10Z,C5.2,S28W90,12887,The flare longitude might be slightly above 90 degrees as the Active Region 2887 had already rotated off the solar disk.,2021-11-04T20:42Z,2,https://kauai.ccmc.gsfc.nasa.gov/DONKI/view/FLR/18211/-1,2021-11-03T21:48:00-CME-001,2021-11-03T21:48:00.000-04:00,CME
2021-11-09T15:47:00-FLR-001,M2M_CATALOG,[{'displayName': 'GOES-P: EXIS 1.0-8.0'}],2021-11-09T15:47Z,2021-11-09T17:02Z,2021-11-09T17:37Z,M2.0,N16W100,12891,The signature of this flare is visible off the NW limb of the Earth-facing disk as seen in SDO AIA 131 after 2021-11-09T16:00Z.,2021-11-09T21:43Z,2,https://kauai.ccmc.gsfc.nasa.gov/DONKI/view/FLR/18260/-1,2021-11-09T16:48:00-CME-001,2021-11-09T16:48:00.000-05:00,CME
2021-12-04T04:43:00-FLR-001,M2M_CATALOG,[{'displayName': 'GOES-P: EXIS 1.0-8.0'}],2021-12-04T04:43Z,2021-12-04T05:15Z,2021-12-04T05:34Z,C4.2,S25W94,12898,,2021-12-04T13:24Z,1,https://kauai.ccmc.gsfc.nasa.gov/DONKI/view/FLR/18420/-1,2021-12-04T05:24:00-CME-001,2021-12-04T05:24:00.000-05:00,CME
2021-12-04T15:04:00-FLR-001,M2M_CATALOG,[{'displayName': 'GOES-P: EXIS 1.0-8.0'}],2021-12-04T15:04Z,2021-12-04T15:34Z,2021-12-04T15:48Z,C1.8,S25W100,12898,,2021-12-04T17:45Z,1,https://kauai.ccmc.gsfc.nasa.gov/DONKI/view/FLR/18433/-1,2021-12-04T16:12:00-CME-001,2021-12-04T16:12:00.000-05:00,CME
2021-12-04T23:21:00-FLR-001,M2M_CATALOG,[{'displayName': 'GOES-P: EXIS 1.0-8.0'}],2021-12-04T23:21Z,2021-12-04T23:59Z,2021-12-05T00:14Z,C7.1,S26W103,12898,Visible over the western limb in SDO AIA 131; longitude estimated from motion of AR 12898.,2021-12-05T13:05Z,1,https://kauai.ccmc.gsfc.nasa.gov/DONKI/view/FLR/18438/-1,2021-12-05T01:25:00-CME-001,2021-12-05T01:25:00.000-05:00,CME
2021-12-05T06:58:00-FLR-001,M2M_CATALOG,[{'displayName': 'GOES-P: EXIS 1.0-8.0'}],2021-12-05T06:58Z,2021-12-05T07:19Z,2021-12-05T07:36Z,M1.4,S26W105,12898,Visible over the western limb in SDO AIA 131; longitude estimated from motion of AR 12898.,2021-12-05T12:54Z,1,https://kauai.ccmc.gsfc.nasa.gov/DONKI/view/FLR/18437/-1,2021-12-05T07:36:00-CME-001,2021-12-05T07:36:00.000-05:00,CME
2021-12-15T01:36:00-FLR-001,M2M_CATALOG,[{'displayName': 'GOES-P: EXIS 1.0-8.0'}],2021-12-15T01:36Z,2021-12-15T01:46Z,2021-12-15T01:55Z,C2.1,S21E49,12907,The signature of this flare is observed from AR 12907 (S21E49) in SDO AIA 131 around the peak time at 2021-12-15T01:46Z.,2021-12-15T20:10Z,1,https://kauai.ccmc.gsfc.nasa.gov/DONKI/view/FLR/18536/-1,2021-12-15T05:00:00-CME-001,2021-12-15T05:00:00.000-05:00,CME
2021-12-16T03:44:00-FLR-001,M2M_CATALOG,[{'displayName': 'GOES-P: EXIS 1.0-8.0'}],2021-12-16T03:44Z,0021-12-16T03:54Z,2021-12-16T04:04Z,C1.3,S21E78,12909,,2021-12-17T13:18Z,2,https://kauai.ccmc.gsfc.nasa.gov/DONKI/view/FLR/18563/-1,2021-12-16T04:24:00-CME-001,2021-12-16T04:24:00.000-05:00,CME
2021-12-18T17:27:00-FLR-001,M2M_CATALOG,[{'displayName': 'GOES-P: EXIS 1.0-8.0'}],2021-12-18T17:27Z,2021-12-18T18:01Z,2021-12-18T18:36Z,C6.3,S19E89,,,2021-12-19T14:12Z,1,https://kauai.ccmc.gsfc.nasa.gov/DONKI/view/FLR/18574/-1,2021-12-18T18:12:00-CME-001,2021-12-18T18:12:00.000-05:00,CME
2021-12-20T03:08:00-FLR-001,M2M_CATALOG,[{'displayName': 'GOES-P: EXIS 1.0-8.0'}],2021-12-20T03:08Z,2021-12-20T03:21Z,2021-12-20T03:27Z,C4.4,S19E11,12909,Short duration flare.,2021-12-20T17:05Z,1,https://kauai.ccmc.gsfc.nasa.gov/DONKI/view/FLR/18586/-1,2021-12-20T05:48:00-CME-001,2021-12-20T05:48:00.000-05:00,CME
2021-12-20T11:12:00-FLR-001,M2M_CATALOG,[{'displayName': 'GOES-P: EXIS 1.0-8.0'}],2021-12-20T11:12Z,2021-12-20T11:36Z,2021-12-20T11:55Z,M1.8,S20W01,12908,,2021-12-20T12:44Z,1,https://kauai.ccmc.gsfc.nasa.gov/DONKI/view/FLR/18583/-1,2021-12-20T12:36:00-CME-001,2021-12-20T12:36:00.000-05:00,CME
2021-12-21T19:02:00-FLR-001,M2M_CATALOG,[{'displayName': 'GOES-P: EXIS 1.0-8.0'}],2021-12-21T19:02Z,2021-12-21T19:23Z,2021-12-21T19:53Z,C4.9,S21W06,12909,The source signature of this flare is observed in SDO AIA 131 from AR 12909 near S21W06 around 2021-12-21T19:23Z.,2021-12-21T22:31Z,1,https://kauai.ccmc.gsfc.nasa.gov/DONKI/view/FLR/18604/-1,2021-12-21T20:23:00-CME-001,2021-12-21T20:23:00.000-05:00,CME
2021-12-22T06:54:00-FLR-001,M2M_CATALOG,[{'displayName': 'GOES-P: EXIS 1.0-8.0'}],2021-12-22T06:54Z,2021-12-22T07:06Z,2021-12-22T07:21Z,M1.3,S21W25,12908,,2021-12-22T14:33Z,1,https://kauai.ccmc.gsfc.nasa.gov/DONKI/view/FLR/18615/-1,2021-12-22T11:09:00-CME-001,2021-12-22T11:09:00.000-05:00,CME
2021-12-23T21:55:00-FLR-001,M2M_CATALOG,[{'displayName': 'GOES-P: EXIS 1.0-8.0'}],2021-12-23T21:55Z,2021-12-23T22:03Z,,C1.2,S31W89,12906,,2021-12-25T00:03Z,1,https://kauai.ccmc.gsfc.nasa.gov/DONKI/view/FLR/18638/-1,2021-12-23T22:36:00-CME-001,2021-12-23T22:36:00.000-05:00,CME
2021-12-24T09:59:00-FLR-001,M2M_CATALOG,[{'displayName': 'GOES-P: EXIS 1.0-8.0'}],2021-12-24T09:59Z,2021-12-24T10:13Z,2021-12-24T10:20Z,C4.2,S22W70,12907,,2021-12-25T02:12Z,1,https://kauai.ccmc.gsfc.nasa.gov/DONKI/view/FLR/18643/-1,2021-12-24T12:24:00-CME-001,2021-12-24T12:24:00.000-05:00,CME
2022-01-12T04:13:00-FLR-001,M2M_CATALOG,[{'displayName': 'GOES-P: EXIS 1.0-8.0'}],2022-01-12T04:13Z,2022-01-12T04:23Z,2022-01-12T04:27Z,B7.2,N30E110,,,2022-01-12T14:55Z,1,https://kauai.ccmc.gsfc.nasa.gov/DONKI/view/FLR/18805/-1,2022-01-12T04:36:00-CME-001,2022-01-12T04:36:00.000-05:00,CME
2022-01-13T20:24:00-FLR-001,M2M_CATALOG,[{'displayName': 'GOES-P: EXIS 1.0-8.0'}],2022-01-13T20:24Z,2022-01-13T20:33Z,2022-01-13T20:38Z,C1.3,N30E95,,,2022-01-14T16:40Z,1,https://kauai.ccmc.gsfc.nasa.gov/DONKI/view/FLR/18833/-1,2022-01-13T21:09:00-CME-001,2022-01-13T21:09:00.000-05:00,CME
2022-01-14T01:47:00-FLR-001,M2M_CATALOG,[{'displayName': 'GOES-P: EXIS 1.0-8.0'}],2022-01-14T01:47Z,2022-01-14T02:03Z,2022-01-14T02:14Z,M1.8,N30E95,12932,Flare has a secondary C5.4 peak at 2022-01-14T02:33Z followed by long-duration C-class X-ray flux from post-eruptive arcades visible over the NE limb in SDO AIA 304.,2022-01-19T19:08Z,2,https://kauai.ccmc.gsfc.nasa.gov/DONKI/view/FLR/18824/-1,2022-01-14T03:05:00-CME-001,2022-01-14T03:05:00.000-05:00,CME
2022-01-14T13:07:00-FLR-001,M2M_CATALOG,[{'displayName': 'GOES-P: EXIS 1.0-8.0'}],2022-01-14T13:07Z,2022-01-14T13:34Z,2022-01-14T14:16Z,C4.3,S33W40,12925,,2022-01-14T14:52Z,1,https://kauai.ccmc.gsfc.nasa.gov/DONKI/view/FLR/18829/-1,2022-01-14T13:38:00-CME-001,2022-01-14T13:38:00.000-05:00,CME
2022-01-16T04:56:00-FLR-001,M2M_CATALOG,[{'displayName': 'GOES-P: EXIS 1.0-8.0'}],2022-01-16T04:56Z,2022-01-16T05:11Z,2022-01-16T05:48Z,C1.2,N25W21,12930,,2022-01-16T17:33Z,1,https://kauai.ccmc.gsfc.nasa.gov/DONKI/view/FLR/18860/-1,2022-01-16T11:36:00-CME-001,2022-01-16T11:36:00.000-05:00,CME
2022-01-16T19:15:00-FLR-001,M2M_CATALOG,[{'displayName': 'GOES-P: EXIS 1.0-8.0'}],2022-01-16T19:15Z,2022-01-16T19:45Z,2022-01-16T19:53Z,C2.4,N08W30,12929,,2022-01-17T17:07Z,2,https://kauai.ccmc.gsfc.nasa.gov/DONKI/view/FLR/18869/-1,2022-01-16T20:48:00-CME-001,2022-01-16T20:48:00.000-05:00,CME
2022-01-17T13:48:00-FLR-001,M2M_CATALOG,[{'displayName': 'GOES-P: EXIS 1.0-8.0'}],2022-01-17T13:48Z,2022-01-17T14:15Z,2022-01-17T14:46Z,C2.8,N20W35,12930,,2022-01-17T18:13Z,1,https://kauai.ccmc.gsfc.nasa.gov/DONKI/view/FLR/18873/-1,2022-01-17T14:48:00-CME-001,2022-01-17T14:48:00.000-05:00,CME
2022-01-18T17:01:00-FLR-001,M2M_CATALOG,[{'displayName': 'GOES-P: EXIS 1.0-8.0'}],2022-01-18T17:01Z,2022-01-18T17:44Z,2022-01-18T18:17Z,M1.5,N07W53,12929,Short duration flare associated with an eruption in this Active Region,2022-01-19T14:30Z,4,https://kauai.ccmc.gsfc.nasa.gov/DONKI/view/FLR/18876/-1,2022-01-18T18:23:00-CME-001,2022-01-18T18:23:00.000-05:00,CME
2022-01-20T05:41:00-FLR-001,M2M_CATALOG,[{'displayName': 'GOES-P: EXIS 1.0-8.0'}],2022-01-20T05:41Z,2022-01-20T06:01Z,2022-01-20T06:12Z,M5.5,N08W76,12929,The signature of this flare can be seen in SDO AIA 131 near the western limb of the Earth-facing disk starting around 2022-01-20T05:45Z.,2022-01-20T13:03Z,3,https://kauai.ccmc.gsfc.nasa.gov/DONKI/view/FLR/18897/-1,2022-01-20T06:12:00-CME-001,2022-01-20T06:12:00.000-05:00,CME
2022-01-20T05:41:00-FLR-001,M2M_CATALOG,[{'displayName': 'GOES-P: EXIS 1.0-8.0'}],2022-01-20T05:41Z,2022-01-20T06:01Z,2022-01-20T06:12Z,M5.5,N08W76,12929,The signature of this flare can be seen in SDO AIA 131 near the western limb of the Earth-facing disk starting around 2022-01-20T05:45Z.,2022-01-20T13:03Z,3,https://kauai.ccmc.gsfc.nasa.gov/DONKI/view/FLR/18897/-1,2022-01-20T07:20:00-SEP-001,2022-01-20T07:20:00.000-05:00,SEP
2022-01-20T05:41:00-FLR-001,M2M_CATALOG,[{'displayName': 'GOES-P: EXIS 1.0-8.0'}],2022-01-20T05:41Z,2022-01-20T06:01Z,2022-01-20T06:12Z,M5.5,N08W76,12929,The signature of this flare can be seen in SDO AIA 131 near the western limb of the Earth-facing disk starting around 2022-01-20T05:45Z.,2022-01-20T13:03Z,3,https://kauai.ccmc.gsfc.nasa.gov/DONKI/view/FLR/18897/-1,2022-01-20T08:00:00-SEP-001,2022-01-20T08:00:00.000-05:00,SEP
2022-01-20T05:41:00-FLR-001,M2M_CATALOG,[{'displayName': 'GOES-P: EXIS 1.0-8.0'}],2022-01-20T05:41Z,2022-01-20T06:01Z,2022-01-20T06:12Z,M5.5,N08W76,12929,The signature of this flare can be seen in SDO AIA 131 near the western limb of the Earth-facing disk starting around 2022-01-20T05:45Z.,2022-01-20T13:03Z,3,https://kauai.ccmc.gsfc.nasa.gov/DONKI/view/FLR/18897/-1,2022-01-20T08:07:00-SEP-001,2022-01-20T08:07:00.000-05:00,SEP
2022-01-20T05:41:00-FLR-001,M2M_CATALOG,[{'displayName': 'GOES-P: EXIS 1.0-8.0'}],2022-01-20T05:41Z,2022-01-20T06:01Z,2022-01-20T06:12Z,M5.5,N08W76,12929,The signature of this flare can be seen in SDO AIA 131 near the western limb of the Earth-facing disk starting around 2022-01-20T05:45Z.,2022-01-20T13:03Z,3,https://kauai.ccmc.gsfc.nasa.gov/DONKI/view/FLR/18897/-1,2022-01-20T08:10:00-SEP-001,2022-01-20T08:10:00.000-05:00,SEP
2022-01-29T22:45:00-FLR-001,M2M_CATALOG,[{'displayName': 'GOES-P: EXIS 1.0-8.0'}],2022-01-29T22:45Z,2022-01-29T23:32Z,2022-01-30T00:24Z,M1.1,N17E10,12936,,2022-01-30T12:20Z,1,https://kauai.ccmc.gsfc.nasa.gov/DONKI/view/FLR/19003/-1,2022-01-29T23:36:00-CME-001,2022-01-29T23:36:00.000-05:00,CME
2022-02-04T05:56:00-FLR-001,M2M_CATALOG,[{'displayName': 'GOES-P: EXIS 1.0-8.0'}],2022-02-04T05:56Z,2022-02-04T06:06Z,2022-02-04T06:14Z,C2.8,N17W65,12936,,2022-02-04T16:10Z,1,https://kauai.ccmc.gsfc.nasa.gov/DONKI/view/FLR/19073/-1,2022-02-04T07:24:00-CME-001,2022-02-04T07:24:00.000-05:00,CME
2022-02-04T15:39:00-FLR-001,M2M_CATALOG,[{'displayName': 'GOES-P: EXIS 1.0-8.0'}],2022-02-04T15:39Z,2022-02-04T15:51Z,2022-02-04T15:57Z,C5.8,N17W68,12936,,2022-02-05T16:36Z,1,https://kauai.ccmc.gsfc.nasa.gov/DONKI/view/FLR/19088/-1,2022-02-04T17:12:00-CME-001,2022-02-04T17:12:00.000-05:00,CME
2022-02-04T21:42:00-FLR-001,M2M_CATALOG,[{'displayName': 'GOES-P: EXIS 1.0-8.0'}],2022-02-04T21:42Z,2022-02-04T21:57Z,2022-02-04T22:02Z,C2.6,N15W80,12936,,2022-02-05T15:21Z,1,https://kauai.ccmc.gsfc.nasa.gov/DONKI/view/FLR/19085/-1,2022-02-04T22:24:00-CME-001,2022-02-04T22:24:00.000-05:00,CME
2022-02-06T11:45:00-FLR-001,M2M_CATALOG,[{'displayName': 'GOES-P: EXIS 1.0-8.0'}],2022-02-06T11:45Z,2022-02-06T13:41Z,2022-02-06T15:44Z,C3.1,S21W06,12939,This is a long duration flare.,2022-02-09T17:51Z,2,https://kauai.ccmc.gsfc.nasa.gov/DONKI/view/FLR/19099/-1,2022-02-06T14:09:00-CME-001,2022-02-06T14:09:00.000-05:00,CME
2022-02-12T08:25:00-FLR-001,M2M_CATALOG,[{'displayName': 'GOES-P: EXIS 1.0-8.0'}],2022-02-12T08:25Z,2022-02-12T08:44Z,2022-02-12T08:56Z,M1.4,S16W88,12939,Short duration flare.,2022-02-16T12:59Z,2,https://kauai.ccmc.gsfc.nasa.gov/DONKI/view/FLR/19142/-1,2022-02-12T09:23:00-CME-001,2022-02-12T09:23:00.000-05:00,CME
2022-02-12T17:19:00-FLR-001,M2M_CATALOG,[{'displayName': 'GOES-P: EXIS 1.0-8.0'}],2022-02-12T17:19Z,2022-02-12T17:26Z,2022-02-12T17:38Z,C8.0,S25W94,12944,,2022-02-16T13:00Z,2,https://kauai.ccmc.gsfc.nasa.gov/DONKI/view/FLR/19147/-1,2022-02-12T17:48:00-CME-001,2022-02-12T17:48:00.000-05:00,CME
2022-02-13T00:48:00-FLR-001,M2M_CATALOG,[{'displayName': 'GOES-P: EXIS 1.0-8.0'}],2022-02-13T00:48Z,2022-02-13T01:20Z,2022-02-13T01:43Z,C3.2,N17W96,12940,Relatively long duration flare.,2022-02-16T13:01Z,2,https://kauai.ccmc.gsfc.nasa.gov/DONKI/view/FLR/19158/-1,2022-02-13T02:36:00-CME-001,2022-02-13T02:36:00.000-05:00,CME
2022-02-17T20:40:00-FLR-001,M2M_CATALOG,[{'displayName': 'GOES-P: EXIS 1.0-8.0'}],2022-02-17T20:40Z,2022-02-17T20:51Z,2022-02-17T21:10Z,C1.4,N19E34,12950,,2022-02-19T17:46Z,1,https://kauai.ccmc.gsfc.nasa.gov/DONKI/view/FLR/19233/-1,2022-02-17T21:53:00-CME-001,2022-02-17T21:53:00.000-05:00,CME
2022-02-18T16:05:00-FLR-001,M2M_CATALOG,[{'displayName': 'GOES-P: EXIS 1.0-8.0'}],2022-02-18T16:05Z,2022-02-18T16:27Z,2022-02-18T16:41Z,B8.4,N21E24,12950,,2022-02-19T15:43Z,1,https://kauai.ccmc.gsfc.nasa.gov/DONKI/view/FLR/19228/-1,2022-02-18T18:12:00-CME-001,2022-02-18T18:12:00.000-05:00,CME
2022-02-19T21:13:00-FLR-001,M2M_CATALOG,[{'displayName': 'GOES-P: EXIS 1.0-8.0'}],2022-02-19T21:13Z,2022-02-19T21:26Z,2022-02-19T21:31Z,B7.2,N20E110,12954,,2022-02-21T13:17Z,2,https://kauai.ccmc.gsfc.nasa.gov/DONKI/view/FLR/19244/-1,2022-02-20T01:25:00-CME-001,2022-02-20T01:25:00.000-05:00,CME
2022-02-20T03:36:00-FLR-001,M2M_CATALOG,[{'displayName': 'GOES-P: EXIS 1.0-8.0'}],2022-02-20T03:36Z,2022-02-20T04:07Z,2022-02-20T04:24Z,C5.1,N20E95,12954,Long-duration flare associated with coronal mass ejection.,2022-02-21T13:18Z,3,https://kauai.ccmc.gsfc.nasa.gov/DONKI/view/FLR/19247/-1,2022-02-20T04:24:00-CME-001,2022-02-20T04:24:00.000-05:00,CME
2022-02-28T08:05:00-FLR-001,M2M_CATALOG,[{'displayName': 'GOES-P: EXIS 1.0-8.0'}],2022-02-28T08:05Z,2022-02-28T08:37Z,2022-02-28T09:02Z,C1.2,S25E65,,,2022-02-28T20:04Z,1,https://kauai.ccmc.gsfc.nasa.gov/DONKI/view/FLR/19296/-1,2022-02-28T08:48:00-CME-001,2022-02-28T08:48:00.000-05:00,CME
2022-02-28T09:02:00-FLR-001,M2M_CATALOG,[{'displayName': 'GOES-P: EXIS 1.0-8.0'}],2022-02-28T09:02Z,2022-02-28T09:17Z,2022-02-28T09:30Z,C3.1,S25E65,,,2022-03-03T04:07Z,3,https://kauai.ccmc.gsfc.nasa.gov/DONKI/view/FLR/19297/-1,2022-02-28T08:48:00-CME-001,2022-02-28T08:48:00.000-05:00,CME
2022-03-02T09:12:00-FLR-001,M2M_CATALOG,[{'displayName': 'GOES-P: EXIS 1.0-8.0'}],2022-03-02T09:12Z,2022-03-02T09:42Z,2022-03-02T10:08Z,C3.0,S16E31,12957,,2022-03-03T04:11Z,1,https://kauai.ccmc.gsfc.nasa.gov/DONKI/view/FLR/19326/-1,2022-03-02T12:24:00-CME-001,2022-03-02T12:24:00.000-05:00,CME
2022-03-02T17:31:00-FLR-001,M2M_CATALOG,[{'displayName': 'GOES-P: EXIS 1.0-8.0'}],2022-03-02T17:31Z,2022-03-02T17:39Z,2022-03-02T17:47Z,M2.0,N16E27,12958,,2022-03-02T18:13Z,3,https://kauai.ccmc.gsfc.nasa.gov/DONKI/view/FLR/19314/-1,2022-03-02T18:24:00-CME-001,2022-03-02T18:24:00.000-05:00,CME
2022-03-04T19:28:00-FLR-001,M2M_CATALOG,[{'displayName': 'GOES-P: EXIS 1.0-8.0'}],2022-03-04T19:28Z,2022-03-04T19:36Z,2022-03-04T19:41Z,B7.5,S21E56,12960,,2022-03-09T17:23Z,2,https://kauai.ccmc.gsfc.nasa.gov/DONKI/view/FLR/19364/-1,2022-03-04T20:36:00-CME-001,2022-03-04T20:36:00.000-05:00,CME
2022-03-10T18:17:00-FLR-001,M2M_CATALOG,[{'displayName': 'GOES-P: EXIS 1.0-8.0'}],2022-03-10T18:17Z,2022-03-10T20:32Z,2022-03-10T20:53Z,C2.8,N20W15,12962,A long duration x-ray event characterized not by a typical solar flare signature but by a large area of bright post-eruptive arcades best seen in SDO AIA 131 starting around 2022-03-10T19:00Z.,2022-03-15T15:17Z,3,https://kauai.ccmc.gsfc.nasa.gov/DONKI/view/FLR/19413/-1,2022-03-10T19:23:00-CME-001,2022-03-10T19:23:00.000-05:00,CME
2022-03-11T22:13:00-FLR-001,M2M_CATALOG,[{'displayName': 'GOES-P: EXIS 1.0-8.0'}],2022-03-11T22:13Z,2022-03-11T22:32Z,2022-03-11T22:38Z,M2.2,S28W66,12964,Strong flare from AR 12964 seen in SDO AIA 131.  Minor follow-up eruption seen in the SDO AIA 193/171 images.,2022-03-12T15:21Z,2,https://kauai.ccmc.gsfc.nasa.gov/DONKI/view/FLR/19417/-1,2022-03-11T23:12:00-CME-001,2022-03-11T23:12:00.000-05:00,CME
2022-03-14T17:13:00-FLR-001,M2M_CATALOG,[{'displayName': 'GOES-P: EXIS 1.0-8.0'}],2022-03-14T17:13Z,2022-03-14T17:32Z,2022-03-14T17:43Z,B8.5,S26W102,12964,"The source signature for this flare can be faintly seen towards the SW limb of the Earth-facing disk as seen in SDO AIA 131 starting around 2022-03-14T17:21Z. Based on visual inspection, the source is likely Active Region 12964, one of many active regions that rotated off of the Earth-facing disk starting around 2022-03-12.",2022-03-15T13:51Z,1,https://kauai.ccmc.gsfc.nasa.gov/DONKI/view/FLR/19452/-1,2022-03-14T17:36:00-CME-001,2022-03-14T17:36:00.000-04:00,CME
2022-03-20T07:30:00-FLR-001,M2M_CATALOG,[{'displayName': 'GOES-P: EXIS 1.0-8.0'}],2022-03-20T07:30Z,2022-03-20T07:45Z,2022-03-20T07:53Z,C4.6,N17E11,12971,Associated with Type-II radio burst.,2022-03-20T13:46Z,1,https://kauai.ccmc.gsfc.nasa.gov/DONKI/view/FLR/19492/-1,2022-03-20T11:24:00-CME-001,2022-03-20T11:24:00.000-04:00,CME
2022-03-25T05:02:00-FLR-001,M2M_CATALOG,[{'displayName': 'GOES-S: EXIS 1.0-8.0'}],2022-03-25T05:02Z,2022-03-25T05:26Z,2022-03-25T05:50Z,M1.4,S19E36,12974,The data for this flare is from the GOES Secondary and was estimated with GOES 17 data due to an eclipse with the GOES Primary (GOES 16) data during the event time.,2022-03-25T15:17Z,1,https://kauai.ccmc.gsfc.nasa.gov/DONKI/view/FLR/19528/-1,2022-03-25T06:12:00-CME-001,2022-03-25T06:12:00.000-04:00,CME
2022-03-28T10:58:00-FLR-001,M2M_CATALOG,[{'displayName': 'GOES-P: EXIS 1.0-8.0'}],2022-03-28T10:58Z,2022-03-28T11:29Z,2022-03-28T11:45Z,M4.0,N12W01,12975,,2022-03-28T12:02Z,2,https://kauai.ccmc.gsfc.nasa.gov/DONKI/view/FLR/19549/-1,2022-03-28T12:09:00-CME-001,2022-03-28T12:09:00.000-04:00,CME
2022-03-28T10:58:00-FLR-001,M2M_CATALOG,[{'displayName': 'GOES-P: EXIS 1.0-8.0'}],2022-03-28T10:58Z,2022-03-28T11:29Z,2022-03-28T11:45Z,M4.0,N12W01,12975,,2022-03-28T12:02Z,2,https://kauai.ccmc.gsfc.nasa.gov/DONKI/view/FLR/19549/-1,2022-03-28T12:25:00-SEP-001,2022-03-28T12:25:00.000-04:00,SEP
2022-03-28T10:58:00-FLR-001,M2M_CATALOG,[{'displayName': 'GOES-P: EXIS 1.0-8.0'}],2022-03-28T10:58Z,2022-03-28T11:29Z,2022-03-28T11:45Z,M4.0,N12W01,12975,,2022-03-28T12:02Z,2,https://kauai.ccmc.gsfc.nasa.gov/DONKI/view/FLR/19549/-1,2022-03-28T12:45:00-SEP-001,2022-03-28T12:45:00.000-04:00,SEP
2022-03-28T10:58:00-FLR-001,M2M_CATALOG,[{'displayName': 'GOES-P: EXIS 1.0-8.0'}],2022-03-28T10:58Z,2022-03-28T11:29Z,2022-03-28T11:45Z,M4.0,N12W01,12975,,2022-03-28T12:02Z,2,https://kauai.ccmc.gsfc.nasa.gov/DONKI/view/FLR/19549/-1,2022-03-28T13:25:00-SEP-001,2022-03-28T13:25:00.000-04:00,SEP
2022-03-28T10:58:00-FLR-001,M2M_CATALOG,[{'displayName': 'GOES-P: EXIS 1.0-8.0'}],2022-03-28T10:58Z,2022-03-28T11:29Z,2022-03-28T11:45Z,M4.0,N12W01,12975,,2022-03-28T12:02Z,2,https://kauai.ccmc.gsfc.nasa.gov/DONKI/view/FLR/19549/-1,2022-03-28T13:44:00-SEP-001,2022-03-28T13:44:00.000-04:00,SEP
2022-03-28T19:08:00-FLR-001,M2M_CATALOG,[{'displayName': 'GOES-P: EXIS 1.0-8.0'}],2022-03-28T19:08Z,2022-03-28T19:23Z,2022-03-28T19:40Z,M1.0,N12W06,12975,The source signature of this flare is clearly visible towards the center of the Earth-facing disk near N12W06 starting around 2022-03-28T18:54Z as seen in SDO AIA 131.,2022-03-29T13:43Z,3,https://kauai.ccmc.gsfc.nasa.gov/DONKI/view/FLR/19571/-1,2022-03-28T20:23:00-CME-001,2022-03-28T20:23:00.000-04:00,CME
2022-03-30T17:21:00-FLR-001,M2M_CATALOG,[{'displayName': 'GOES-P: EXIS 1.0-8.0'}],2022-03-30T17:21Z,2022-03-30T17:37Z,2022-03-30T17:46Z,X1.3,N13W34,12975,,2022-03-30T17:51Z,2,https://kauai.ccmc.gsfc.nasa.gov/DONKI/view/FLR/19591/-1,2022-03-30T18:23:00-CME-001,2022-03-30T18:23:00.000-04:00,CME
2022-03-30T17:21:00-FLR-001,M2M_CATALOG,[{'displayName': 'GOES-P: EXIS 1.0-8.0'}],2022-03-30T17:21Z,2022-03-30T17:37Z,2022-03-30T17:46Z,X1.3,N13W34,12975,,2022-03-30T17:51Z,2,https://kauai.ccmc.gsfc.nasa.gov/DONKI/view/FLR/19591/-1,2022-03-30T18:24:00-SEP-001,2022-03-30T18:24:00.000-04:00,SEP
2022-03-30T17:21:00-FLR-001,M2M_CATALOG,[{'displayName': 'GOES-P: EXIS 1.0-8.0'}],2022-03-30T17:21Z,2022-03-30T17:37Z,2022-03-30T17:46Z,X1.3,N13W34,12975,,2022-03-30T17:51Z,2,https://kauai.ccmc.gsfc.nasa.gov/DONKI/view/FLR/19591/-1,2022-03-31T04:33:00-SEP-001,2022-03-31T04:33:00.000-04:00,SEP
2022-03-30T17:21:00-FLR-001,M2M_CATALOG,[{'displayName': 'GOES-P: EXIS 1.0-8.0'}],2022-03-30T17:21Z,2022-03-30T17:37Z,2022-03-30T17:46Z,X1.3,N13W34,12975,,2022-03-30T17:51Z,2,https://kauai.ccmc.gsfc.nasa.gov/DONKI/view/FLR/19591/-1,2022-03-31T06:20:00-SEP-001,2022-03-31T06:20:00.000-04:00,SEP
2022-03-31T18:23:00-FLR-001,M2M_CATALOG,[{'displayName': 'GOES-P: EXIS 1.0-8.0'}],2022-03-31T18:23Z,2022-03-31T18:35Z,2022-03-31T18:45Z,M9.6,N13W48,12975,,2022-03-31T23:54Z,3,https://kauai.ccmc.gsfc.nasa.gov/DONKI/view/FLR/19616/-1,2022-03-31T19:09:00-CME-001,2022-03-31T19:09:00.000-04:00,CME
2022-04-02T12:56:00-FLR-001,M2M_CATALOG,[{'displayName': 'GOES-P: EXIS 1.0-8.0'}],2022-04-02T12:56Z,2022-04-02T13:55Z,2022-04-02T14:44Z,M3.9,N15W61,12976,Active Region number and source location have been updated after further review of the event.,2022-04-06T19:51Z,5,https://kauai.ccmc.gsfc.nasa.gov/DONKI/view/FLR/19635/-1,2022-04-02T13:38:00-CME-001,2022-04-02T13:38:00.000-04:00,CME
2022-04-02T12:56:00-FLR-001,M2M_CATALOG,[{'displayName': 'GOES-P: EXIS 1.0-8.0'}],2022-04-02T12:56Z,2022-04-02T13:55Z,2022-04-02T14:44Z,M3.9,N15W61,12976,Active Region number and source location have been updated after further review of the event.,2022-04-06T19:51Z,5,https://kauai.ccmc.gsfc.nasa.gov/DONKI/view/FLR/19635/-1,2022-04-02T14:30:00-SEP-001,2022-04-02T14:30:00.000-04:00,SEP
2022-04-02T12:56:00-FLR-001,M2M_CATALOG,[{'displayName': 'GOES-P: EXIS 1.0-8.0'}],2022-04-02T12:56Z,2022-04-02T13:55Z,2022-04-02T14:44Z,M3.9,N15W61,12976,Active Region number and source location have been updated after further review of the event.,2022-04-06T19:51Z,5,https://kauai.ccmc.gsfc.nasa.gov/DONKI/view/FLR/19635/-1,2022-04-02T14:38:00-SEP-001,2022-04-02T14:38:00.000-04:00,SEP
2022-04-02T12:56:00-FLR-001,M2M_CATALOG,[{'displayName': 'GOES-P: EXIS 1.0-8.0'}],2022-04-02T12:56Z,2022-04-02T13:55Z,2022-04-02T14:44Z,M3.9,N15W61,12976,Active Region number and source location have been updated after further review of the event.,2022-04-06T19:51Z,5,https://kauai.ccmc.gsfc.nasa.gov/DONKI/view/FLR/19635/-1,2022-04-02T14:39:00-SEP-001,2022-04-02T14:39:00.000-04:00,SEP
2022-04-09T18:55:00-FLR-001,M2M_CATALOG,[{'displayName': 'GOES-P: EXIS 1.0-8.0'}],2022-04-09T18:55Z,2022-04-09T19:00Z,2022-04-09T19:05Z,C1.1,S19W98,12978,Source location is based on the coordinates of the active region near/beyond the west limb.,2022-04-10T14:46Z,1,https://kauai.ccmc.gsfc.nasa.gov/DONKI/view/FLR/19725/-1,2022-04-09T19:24:00-CME-001,2022-04-09T19:24:00.000-04:00,CME
2022-04-11T05:00:00-FLR-001,M2M_CATALOG,[{'displayName': 'GOES-S: EXIS 1.0-8.0'}],2022-04-11T05:00Z,2022-04-11T05:21Z,2022-04-11T05:58Z,C1.6,S14E06,,This flare is not associated with a numbered active region.,2022-04-11T12:28Z,1,https://kauai.ccmc.gsfc.nasa.gov/DONKI/view/FLR/19737/-1,2022-04-11T06:00:00-CME-001,2022-04-11T06:00:00.000-04:00,CME
2022-04-17T03:17:00-FLR-001,M2M_CATALOG,[{'displayName': 'GOES-P: EXIS 1.0-8.0'}],2022-04-17T03:17Z,2022-04-17T03:34Z,2022-04-17T03:51Z,X1.1,N14E73,12994,,2022-04-17T11:56Z,2,https://kauai.ccmc.gsfc.nasa.gov/DONKI/view/FLR/19807/-1,2022-04-17T03:48:00-CME-001,2022-04-17T03:48:00.000-04:00,CME
2022-04-17T16:02:00-FLR-001,M2M_CATALOG,[{'displayName': 'GOES-P: EXIS 1.0-8.0'}],2022-04-17T16:02Z,2022-04-17T16:08Z,2022-04-17T16:13Z,C7.7,S31W71,12992,,2022-04-18T12:09Z,1,https://kauai.ccmc.gsfc.nasa.gov/DONKI/view/FLR/19829/-1,2022-04-17T19:39:00-CME-001,2022-04-17T19:39:00.000-04:00,CME
2022-04-19T20:42:00-FLR-001,M2M_CATALOG,[{'displayName': 'GOES-P: EXIS 1.0-8.0'}],2022-04-19T20:42Z,2022-04-19T20:49Z,2022-04-19T20:58Z,M3.7,S28W97,12992,,2022-04-26T18:10Z,2,https://kauai.ccmc.gsfc.nasa.gov/DONKI/view/FLR/19855/-1,2022-04-19T21:24:00-CME-001,2022-04-19T21:24:00.000-04:00,CME
2022-04-20T01:20:00-FLR-001,M2M_CATALOG,[{'displayName': 'GOES-P: EXIS 1.0-8.0'}],2022-04-20T01:20Z,2022-04-20T01:36Z,2022-04-20T01:44Z,M7.2,S28W97,12992,,2022-04-20T13:28Z,3,https://kauai.ccmc.gsfc.nasa.gov/DONKI/view/FLR/19851/-1,2022-04-20T02:00:00-CME-001,2022-04-20T02:00:00.000-04:00,CME
2022-04-20T03:41:00-FLR-001,M2M_CATALOG,[{'displayName': 'GOES-P: EXIS 1.0-8.0'}],2022-04-20T03:41Z,2022-04-20T03:57Z,2022-04-20T04:04Z,X2.2,S28W101,12992,,2022-04-20T11:52Z,2,https://kauai.ccmc.gsfc.nasa.gov/DONKI/view/FLR/19853/-1,2022-04-20T04:12:00-CME-001,2022-04-20T04:12:00.000-04:00,CME
2022-04-21T01:47:00-FLR-001,M2M_CATALOG,[{'displayName': 'GOES-P: EXIS 1.0-8.0'}],2022-04-21T01:47Z,2022-04-21T01:59Z,2022-04-21T02:05Z,M9.6,N22E23,12993,,2022-04-21T11:34Z,2,https://kauai.ccmc.gsfc.nasa.gov/DONKI/view/FLR/19881/-1,2022-04-21T02:36:00-CME-001,2022-04-21T02:36:00.000-04:00,CME
2022-04-25T17:24:00-FLR-001,M2M_CATALOG,[{'displayName': 'GOES-P: EXIS 1.0-8.0'}],2022-04-25T17:24Z,2022-04-25T17:35Z,2022-04-25T17:45Z,C6.8,S30E95,,,2022-04-25T19:43Z,1,https://kauai.ccmc.gsfc.nasa.gov/DONKI/view/FLR/19926/-1,2022-04-25T18:23:00-CME-001,2022-04-25T18:23:00.000-04:00,CME
2022-04-27T08:17:00-FLR-001,M2M_CATALOG,[{'displayName': 'GOES-P: EXIS 1.0-8.0'}],2022-04-27T08:17Z,2022-04-27T08:40Z,2022-04-27T08:57Z,C3.3,N29W13,12996,,2022-04-27T17:52Z,1,https://kauai.ccmc.gsfc.nasa.gov/DONKI/view/FLR/19957/-1,2022-04-27T08:48:00-CME-001,2022-04-27T08:48:00.000-04:00,CME
2022-04-27T10:48:00-FLR-001,M2M_CATALOG,[{'displayName': 'GOES-P: EXIS 1.0-8.0'}],2022-04-27T10:48Z,2022-04-27T10:54Z,2022-04-27T10:59Z,C2.0,S28E77,13001,"This was a double peaked flare, with a C1.8 flare peaking from the same active region at 10:45Z prior.",2022-04-27T21:35Z,1,https://kauai.ccmc.gsfc.nasa.gov/DONKI/view/FLR/19968/-1,2022-04-27T11:12:00-CME-001,2022-04-27T11:12:00.000-04:00,CME
2022-04-28T02:24:00-FLR-001,M2M_CATALOG,[{'displayName': 'GOES-P: EXIS 1.0-8.0'}],2022-04-28T02:24Z,2022-04-28T03:06Z,2022-04-28T03:27Z,C6.7,N27W24,12996,Associated with CME 2022-04-28T03:09Z.,2022-04-28T16:44Z,1,https://kauai.ccmc.gsfc.nasa.gov/DONKI/view/FLR/19972/-1,2022-04-28T03:09:00-CME-001,2022-04-28T03:09:00.000-04:00,CME
2022-04-29T07:15:00-FLR-001,M2M_CATALOG,[{'displayName': 'GOES-P: EXIS 1.0-8.0'}],2022-04-29T07:15Z,2022-04-29T07:30Z,2022-04-29T07:42Z,M1.2,N26W39,12996,,2022-04-29T11:03Z,1,https://kauai.ccmc.gsfc.nasa.gov/DONKI/view/FLR/19982/-1,2022-04-29T07:38:00-CME-001,2022-04-29T07:38:00.000-04:00,CME
2022-04-30T09:48:00-FLR-001,M2M_CATALOG,[{'displayName': 'GOES-P: EXIS 1.0-8.0'}],2022-04-30T09:48Z,2022-04-30T09:58Z,2022-04-30T10:05Z,M4.8,N15W94,12994,,2022-04-30T12:24Z,1,https://kauai.ccmc.gsfc.nasa.gov/DONKI/view/FLR/19997/-1,2022-04-30T10:24:00-CME-001,2022-04-30T10:24:00.000-04:00,CME
2022-04-30T13:37:00-FLR-001,M2M_CATALOG,[{'displayName': 'GOES-P: EXIS 1.0-8.0'}],2022-04-30T13:37Z,2022-04-30T13:47Z,2022-04-30T13:52Z,X1.1,N15W93,12994,,2022-04-30T14:32Z,3,https://kauai.ccmc.gsfc.nasa.gov/DONKI/view/FLR/20001/-1,2022-04-30T14:00:00-CME-001,2022-04-30T14:00:00.000-04:00,CME
2022-04-30T19:42:00-FLR-001,M2M_CATALOG,[{'displayName': 'GOES-P: EXIS 1.0-8.0'}],2022-04-30T19:42Z,2022-04-30T19:47Z,2022-04-30T19:54Z,M1.9,N15W102,12994,,2022-04-30T19:57Z,2,https://kauai.ccmc.gsfc.nasa.gov/DONKI/view/FLR/20017/-1,2022-04-30T20:00:00-CME-001,2022-04-30T20:00:00.000-04:00,CME
2022-05-03T07:34:00-FLR-001,M2M_CATALOG,[{'displayName': 'GOES-P: EXIS 1.0-8.0'}],2022-05-03T07:34Z,2022-05-03T07:53Z,2022-05-03T08:01Z,M1.3,S30E85,13006,The source signature for this M1.3 flare is clearly seen in SDO AIA 131 towards the SE limb of the Earth-facing disk starting around 2022-05-03T07:39Z. The longitude noted in this entry is an approximation and has an uncertainty of +/- 5 degrees based on visual inspection of the available EUV imagery.,2022-05-05T11:50Z,2,https://kauai.ccmc.gsfc.nasa.gov/DONKI/view/FLR/20053/-1,2022-05-03T08:36:00-CME-001,2022-05-03T08:36:00.000-04:00,CME
2022-05-08T03:38:00-FLR-001,M2M_CATALOG,[{'displayName': 'GOES-P: EXIS 1.0-8.0'}],2022-05-08T03:38Z,2022-05-08T03:53Z,2022-05-08T04:02Z,C6.4,S25E80,13007,,2022-05-09T11:18Z,2,https://kauai.ccmc.gsfc.nasa.gov/DONKI/view/FLR/20111/-1,2022-05-08T04:48:00-CME-001,2022-05-08T04:48:00.000-04:00,CME
2022-05-08T19:23:00-FLR-001,M2M_CATALOG,[{'displayName': 'GOES-P: EXIS 1.0-8.0'}],2022-05-08T19:23Z,2022-05-08T19:38Z,2022-05-08T19:52Z,C8.2,S24E67,13007,,2022-05-09T11:58Z,2,https://kauai.ccmc.gsfc.nasa.gov/DONKI/view/FLR/20121/-1,2022-05-08T22:24:00-CME-001,2022-05-08T22:24:00.000-04:00,CME
2022-05-10T13:27:00-FLR-001,M2M_CATALOG,[{'displayName': 'GOES-P: EXIS 1.0-8.0'}],2022-05-10T13:27Z,2022-05-10T13:36Z,2022-05-10T13:39Z,C4.7,S24E53,13007,Flare is directly followed by another C4.7 flare peaking at 2022-05-10T13:47Z from the same active region.,2022-05-10T19:15Z,1,https://kauai.ccmc.gsfc.nasa.gov/DONKI/view/FLR/20147/-1,2022-05-10T15:12:00-CME-001,2022-05-10T15:12:00.000-04:00,CME
2022-05-10T13:50:00-FLR-001,M2M_CATALOG,[{'displayName': 'GOES-P: EXIS 1.0-8.0'}],2022-05-10T13:50Z,2022-05-10T13:55Z,2022-05-10T13:59Z,X1.5,S31W03,13006,,2022-05-10T14:16Z,3,https://kauai.ccmc.gsfc.nasa.gov/DONKI/view/FLR/20130/-1,2022-05-10T14:48:00-CME-001,2022-05-10T14:48:00.000-04:00,CME
2022-05-11T18:13:00-FLR-001,M2M_CATALOG,[{'displayName': 'GOES-P: EXIS 1.0-8.0'}],2022-05-11T18:13Z,2022-05-11T18:58Z,2022-05-11T19:27Z,M2.6,S13W98,13004,"The source signature for the M2.6 solar flare is visible just beyond the western limb as seen from the Earth-facing disk in EUV imagery from SDO AIA 131 Angstroms around 2022-05-11T18:33Z. A concurrent solar flare from active region 3007 appeared around 18:36Z during this long duration M2.6 flare, but the intensity was therefore obscured by this brighter solar flare on the limb so there is no entry for this event.",2022-05-12T18:35Z,6,https://kauai.ccmc.gsfc.nasa.gov/DONKI/view/FLR/20163/-1,2022-05-11T18:48:00-CME-001,2022-05-11T18:48:00.000-04:00,CME
2022-05-12T20:04:00-FLR-001,M2M_CATALOG,[{'displayName': 'GOES-P: EXIS 1.0-8.0'}],2022-05-12T20:04Z,2022-05-12T20:19Z,2022-05-12T20:27Z,M1.3,N17E90,13011,,2022-05-17T11:40Z,2,https://kauai.ccmc.gsfc.nasa.gov/DONKI/view/FLR/20185/-1,2022-05-12T20:36:00-CME-001,2022-05-12T20:36:00.000-04:00,CME
2022-05-17T04:58:00-FLR-001,M2M_CATALOG,[{'displayName': 'GOES-P: EXIS 1.0-8.0'}],2022-05-17T04:58Z,2022-05-17T05:07Z,2022-05-17T05:18Z,C6.2,N13E35,13015,The eruption signature of this flare is visible in SDO AIA 131 imagery starting around 2022-05-17T05:00Z just east of Active Region 13015 near N13E35.,2022-05-17T16:17Z,1,https://kauai.ccmc.gsfc.nasa.gov/DONKI/view/FLR/20229/-1,2022-05-17T05:48:00-CME-001,2022-05-17T05:48:00.000-04:00,CME
2022-05-17T06:16:00-FLR-001,M2M_CATALOG,[{'displayName': 'GOES-P: EXIS 1.0-8.0'}],2022-05-17T06:16Z,2022-05-17T06:19Z,2022-05-17T06:24Z,C2.9,S16E21,13010,The signature of this short-duration flare is visible in SDO AIA 131 starting around 2022-05-17T06:16Z near Active Region 13010 (S16E21).,2022-05-17T16:30Z,1,https://kauai.ccmc.gsfc.nasa.gov/DONKI/view/FLR/20232/-1,2022-05-17T06:48:00-CME-001,2022-05-17T06:48:00.000-04:00,CME
2022-05-17T08:23:00-FLR-001,M2M_CATALOG,[{'displayName': 'GOES-P: EXIS 1.0-8.0'}],2022-05-17T08:23Z,2022-05-17T08:34Z,2022-05-17T08:40Z,C3.6,N16E20,13011,"The first of a double flare from AR 13011, the X-ray flux from this flare does not return to background levels before proceeding into the second flare, whose start time is the same as the end time of this flare.",2022-05-18T11:14Z,2,https://kauai.ccmc.gsfc.nasa.gov/DONKI/view/FLR/20238/-1,2022-05-17T09:23:00-CME-001,2022-05-17T09:23:00.000-04:00,CME
2022-05-17T08:40:00-FLR-001,M2M_CATALOG,[{'displayName': 'GOES-P: EXIS 1.0-8.0'}],2022-05-17T08:40Z,2022-05-17T09:00Z,2022-05-17T09:07Z,C4.3,N18E20,13011,"The second of a double flare from AR 13011, the X-ray flux from this flare does not start at background levels but rather proceeds directly from the first flare, whose end time is the same as the start time of this flare.",2022-05-18T11:15Z,2,https://kauai.ccmc.gsfc.nasa.gov/DONKI/view/FLR/20237/-1,2022-05-17T09:23:00-CME-001,2022-05-17T09:23:00.000-04:00,CME
2022-05-20T11:42:00-FLR-001,M2M_CATALOG,[{'displayName': 'GOES-P: EXIS 1.0-8.0'}],2022-05-20T11:42Z,2022-05-20T11:58Z,2022-05-20T12:10Z,C2.3,N18W25,13011,,2022-05-20T17:47Z,1,https://kauai.ccmc.gsfc.nasa.gov/DONKI/view/FLR/20271/-1,2022-05-20T12:23:00-CME-001,2022-05-20T12:23:00.000-04:00,CME
2022-05-20T23:24:00-FLR-001,M2M_CATALOG,[{'displayName': 'GOES-P: EXIS 1.0-8.0'}],2022-05-20T23:24Z,2022-05-20T23:37Z,2022-05-20T23:45Z,C5.2,N18W29,13011,,2022-05-21T14:56Z,1,https://kauai.ccmc.gsfc.nasa.gov/DONKI/view/FLR/20284/-1,2022-05-21T00:12:00-CME-001,2022-05-21T00:12:00.000-04:00,CME
2022-05-24T22:03:00-FLR-001,M2M_CATALOG,[{'displayName': 'GOES-P: EXIS 1.0-8.0'}],2022-05-24T22:03Z,2022-05-24T22:17Z,2022-05-24T22:25Z,C5.1,S11E90,13023,,2022-05-25T18:41Z,2,https://kauai.ccmc.gsfc.nasa.gov/DONKI/view/FLR/20338/-1,2022-05-24T23:12:00-CME-001,2022-05-24T23:12:00.000-04:00,CME
2022-05-25T18:12:00-FLR-001,M2M_CATALOG,[{'displayName': 'GOES-P: EXIS 1.0-8.0'}],2022-05-25T18:12Z,2022-05-25T18:24Z,2022-05-25T18:43Z,M1.3,S18W42,13016,,2022-06-01T18:52Z,3,https://kauai.ccmc.gsfc.nasa.gov/DONKI/view/FLR/20337/-1,2022-05-25T18:38:00-CME-001,2022-05-25T18:38:00.000-04:00,CME
2022-05-30T02:04:00-FLR-001,M2M_CATALOG,[{'displayName': 'GOES-P: EXIS 1.0-8.0'}],2022-05-30T02:04Z,2022-05-30T02:27Z,2022-05-30T02:38Z,C1.5,N15W67,13019,,2022-05-30T14:13Z,1,https://kauai.ccmc.gsfc.nasa.gov/DONKI/view/FLR/20382/-1,2022-05-30T03:12:00-CME-001,2022-05-30T03:12:00.000-04:00,CME
2022-06-05T11:35:00-FLR-001,M2M_CATALOG,[{'displayName': 'GOES-P: EXIS 1.0-8.0'}],2022-06-05T11:35Z,2022-06-05T12:00Z,2022-06-05T12:05Z,C1.3,S27E71,,"This is a double peaked flare from this source location. The second flare was a C1.7 flare starting at 2022-06-05T12:05Z, peaking at 2022-06-05T12:25Z, and ending at 2022-06-05T12:34Z. The first flare, the C1.3 flare, is likely associated with the 2022-06-05T13:17Z CME.",2022-06-05T19:06Z,1,https://kauai.ccmc.gsfc.nasa.gov/DONKI/view/FLR/20425/-1,2022-06-05T13:17:00-CME-001,2022-06-05T13:17:00.000-04:00,CME
2022-06-13T03:01:00-FLR-001,M2M_CATALOG,[{'displayName': 'GOES-P: EXIS 1.0-8.0'}],2022-06-13T03:01Z,2022-06-13T04:07Z,2022-06-13T05:12Z,M3.4,N26E53,13032,,2022-06-13T12:15Z,1,https://kauai.ccmc.gsfc.nasa.gov/DONKI/view/FLR/20477/-1,2022-06-13T03:12:00-CME-001,2022-06-13T03:12:00.000-04:00,CME
2022-06-20T15:19:00-FLR-001,M2M_CATALOG,[{'displayName': 'GOES-P: EXIS 1.0-8.0'}],2022-06-20T15:19Z,2022-06-20T15:26Z,2022-06-20T15:39Z,C4.4,N18W66,13030,,2022-06-20T16:43Z,1,https://kauai.ccmc.gsfc.nasa.gov/DONKI/view/FLR/20567/-1,2022-06-20T15:23:00-CME-001,2022-06-20T15:23:00.000-04:00,CME
2022-07-05T03:59:00-FLR-001,M2M_CATALOG,[{'displayName': 'GOES-P: EXIS 1.0-8.0'}],2022-07-05T03:59Z,2022-07-05T04:07Z,2022-07-05T04:17Z,C9.8,S20W23,13047,,2022-07-05T17:13Z,1,https://kauai.ccmc.gsfc.nasa.gov/DONKI/view/FLR/20716/-1,2022-07-05T04:24:00-CME-001,2022-07-05T04:24:00.000-04:00,CME
2022-07-08T20:07:00-FLR-001,M2M_CATALOG,[{'displayName': 'GOES-P: EXIS 1.0-8.0'}],2022-07-08T20:07Z,2022-07-08T20:49Z,2022-07-08T21:28Z,M2.5,N20E40,13053,,2022-07-09T11:38Z,1,https://kauai.ccmc.gsfc.nasa.gov/DONKI/view/FLR/20756/-1,2022-07-08T20:48:00-CME-001,2022-07-08T20:48:00.000-04:00,CME
2022-07-09T13:29:00-FLR-001,M2M_CATALOG,[{'displayName': 'GOES-P: EXIS 1.0-8.0'}],2022-07-09T13:29Z,2022-07-09T13:48Z,2022-07-09T14:05Z,C8.5,S22W88,13045,,2022-07-19T19:53Z,2,https://kauai.ccmc.gsfc.nasa.gov/DONKI/view/FLR/20765/-1,2022-07-09T14:00:00-CME-001,2022-07-09T14:00:00.000-04:00,CME
2022-07-09T13:29:00-FLR-001,M2M_CATALOG,[{'displayName': 'GOES-P: EXIS 1.0-8.0'}],2022-07-09T13:29Z,2022-07-09T13:48Z,2022-07-09T14:05Z,C8.5,S22W88,13045,,2022-07-19T19:53Z,2,https://kauai.ccmc.gsfc.nasa.gov/DONKI/view/FLR/20765/-1,2022-07-09T15:23:00-SEP-002,2022-07-09T15:23:00.000-04:00,SEP
2022-07-09T13:29:00-FLR-001,M2M_CATALOG,[{'displayName': 'GOES-P: EXIS 1.0-8.0'}],2022-07-09T13:29Z,2022-07-09T13:48Z,2022-07-09T14:05Z,C8.5,S22W88,13045,,2022-07-19T19:53Z,2,https://kauai.ccmc.gsfc.nasa.gov/DONKI/view/FLR/20765/-1,2022-07-09T15:23:00-SEP-001,2022-07-09T15:23:00.000-04:00,SEP
2022-07-09T13:29:00-FLR-001,M2M_CATALOG,[{'displayName': 'GOES-P: EXIS 1.0-8.0'}],2022-07-09T13:29Z,2022-07-09T13:48Z,2022-07-09T14:05Z,C8.5,S22W88,13045,,2022-07-19T19:53Z,2,https://kauai.ccmc.gsfc.nasa.gov/DONKI/view/FLR/20765/-1,2022-07-09T15:49:00-SEP-001,2022-07-09T15:49:00.000-04:00,SEP
2022-07-09T13:29:00-FLR-001,M2M_CATALOG,[{'displayName': 'GOES-P: EXIS 1.0-8.0'}],2022-07-09T13:29Z,2022-07-09T13:48Z,2022-07-09T14:05Z,C8.5,S22W88,13045,,2022-07-19T19:53Z,2,https://kauai.ccmc.gsfc.nasa.gov/DONKI/view/FLR/20765/-1,2022-07-09T15:49:00-SEP-002,2022-07-09T15:49:00.000-04:00,SEP
2022-07-09T22:26:00-FLR-001,M2M_CATALOG,[{'displayName': 'GOES-P: EXIS 1.0-8.0'}],2022-07-09T22:26Z,2022-07-09T22:45Z,2022-07-09T23:00Z,C4.6,N15E02,13052,,2022-07-11T16:24Z,1,https://kauai.ccmc.gsfc.nasa.gov/DONKI/view/FLR/20801/-1,2022-07-09T23:12:00-CME-001,2022-07-09T23:12:00.000-04:00,CME
2022-07-14T21:42:00-FLR-001,M2M_CATALOG,[{'displayName': 'GOES-P: EXIS 1.0-8.0'}],2022-07-14T21:42Z,2022-07-14T21:48Z,2022-07-14T21:53Z,M2.8,N15E71,13058,,2022-07-15T11:00Z,1,https://kauai.ccmc.gsfc.nasa.gov/DONKI/view/FLR/20825/-1,2022-07-14T22:24:00-CME-001,2022-07-14T22:24:00.000-04:00,CME
2022-07-15T07:13:00-FLR-001,M2M_CATALOG,[{'displayName': 'GOES-P: EXIS 1.0-8.0'}],2022-07-15T07:13Z,2022-07-15T07:24Z,2022-07-15T07:30Z,C3.1,N12E62,13058,,2022-07-15T12:08Z,1,https://kauai.ccmc.gsfc.nasa.gov/DONKI/view/FLR/20826/-1,2022-07-15T08:12:00-CME-001,2022-07-15T08:12:00.000-04:00,CME
2022-07-15T11:56:00-FLR-001,M2M_CATALOG,[{'displayName': 'GOES-P: EXIS 1.0-8.0'}],2022-07-15T11:56Z,2022-07-15T12:05Z,2022-07-15T12:11Z,C5.5,N15E64,13058,,2022-07-15T15:46Z,1,https://kauai.ccmc.gsfc.nasa.gov/DONKI/view/FLR/20838/-1,2022-07-15T13:36:00-CME-001,2022-07-15T13:36:00.000-04:00,CME
2022-07-21T01:02:00-FLR-001,M2M_CATALOG,[{'displayName': 'GOES-P: EXIS 1.0-8.0'}],2022-07-21T01:02Z,2022-07-21T01:11Z,2022-07-21T01:33Z,C5.6,N13W04,13060,,2022-07-21T11:01Z,1,https://kauai.ccmc.gsfc.nasa.gov/DONKI/view/FLR/20921/-1,2022-07-21T01:36:00-CME-001,2022-07-21T01:36:00.000-04:00,CME
2022-07-26T15:12:00-FLR-001,M2M_CATALOG,[{'displayName': 'GOES-P: EXIS 1.0-8.0'}],2022-07-26T15:12Z,2022-07-26T15:35Z,2022-07-26T15:47Z,C8.5,N09W89,13060,,2022-07-26T19:07Z,1,https://kauai.ccmc.gsfc.nasa.gov/DONKI/view/FLR/20994/-1,2022-07-26T16:23:00-CME-001,2022-07-26T16:23:00.000-04:00,CME
2022-07-31T22:41:00-FLR-001,M2M_CATALOG,[{'displayName': 'GOES-P: EXIS 1.0-8.0'}],2022-07-31T22:41Z,2022-07-31T23:09Z,2022-07-31T23:44Z,C9.3,N16E95,,This flare is associated with CME: 2022-07-31T23:12Z and likely originates from an active region just beyond the NE limb.,2022-08-01T18:06Z,1,https://kauai.ccmc.gsfc.nasa.gov/DONKI/view/FLR/21069/-1,2022-07-31T23:12:00-CME-001,2022-07-31T23:12:00.000-04:00,CME
2022-08-14T11:50:00-FLR-001,M2M_CATALOG,[{'displayName': 'GOES-P: EXIS 1.0-8.0'}],2022-08-14T11:50Z,2022-08-14T12:35Z,2022-08-14T13:36Z,C2.4,N21W14,13076,Long duration flare from AR 13076.,2022-08-14T20:28Z,1,https://kauai.ccmc.gsfc.nasa.gov/DONKI/view/FLR/21185/-1,2022-08-14T12:48:00-CME-001,2022-08-14T12:48:00.000-04:00,CME
2022-08-15T04:28:00-FLR-001,M2M_CATALOG,[{'displayName': 'GOES-P: EXIS 1.0-8.0'}],2022-08-15T04:28Z,2022-08-15T05:07Z,2022-08-15T05:19Z,C3.5,S20W40,,Long duration flare associated with a filament eruption.,2022-08-15T15:44Z,1,https://kauai.ccmc.gsfc.nasa.gov/DONKI/view/FLR/21193/-1,2022-08-15T05:12:00-CME-001,2022-08-15T05:12:00.000-04:00,CME
2022-08-15T14:31:00-FLR-001,M2M_CATALOG,[{'displayName': 'GOES-P: EXIS 1.0-8.0'}],2022-08-15T14:31Z,2022-08-15T14:36Z,2022-08-15T14:42Z,M1.0,S22E00,13078,,2022-08-15T15:20Z,1,https://kauai.ccmc.gsfc.nasa.gov/DONKI/view/FLR/21192/-1,2022-08-15T17:12:00-CME-001,2022-08-15T17:12:00.000-04:00,CME
2022-08-16T01:00:00-FLR-001,M2M_CATALOG,[{'displayName': 'GOES-P: EXIS 1.0-8.0'}],2022-08-16T01:00Z,2022-08-16T01:21Z,2022-08-16T01:25Z,C3.3,S24W06,13078,,2022-08-16T18:49Z,1,https://kauai.ccmc.gsfc.nasa.gov/DONKI/view/FLR/21224/-1,2022-08-16T02:24:00-CME-001,2022-08-16T02:24:00.000-04:00,CME
2022-08-16T01:25:00-FLR-001,M2M_CATALOG,[{'displayName': 'GOES-P: EXIS 1.0-8.0'}],2022-08-16T01:25Z,2022-08-16T01:39Z,2022-08-16T01:47Z,C5.9,S24W06,13078,,2022-08-16T18:51Z,1,https://kauai.ccmc.gsfc.nasa.gov/DONKI/view/FLR/21225/-1,2022-08-16T02:24:00-CME-001,2022-08-16T02:24:00.000-04:00,CME
2022-08-17T13:26:00-FLR-001,M2M_CATALOG,[{'displayName': 'GOES-P: EXIS 1.0-8.0'}],2022-08-17T13:26Z,2022-08-17T13:45Z,2022-08-17T13:50Z,M2.0,S21W25,13078,,2022-08-17T14:28Z,1,https://kauai.ccmc.gsfc.nasa.gov/DONKI/view/FLR/21238/-1,2022-08-17T14:53:00-CME-001,2022-08-17T14:53:00.000-04:00,CME
2022-08-18T10:04:00-FLR-001,M2M_CATALOG,[{'displayName': 'GOES-P: EXIS 1.0-8.0'}],2022-08-18T10:04Z,2022-08-18T10:09Z,2022-08-18T10:13Z,M1.3,S25W35,13078,,2022-08-18T11:41Z,2,https://kauai.ccmc.gsfc.nasa.gov/DONKI/view/FLR/21258/-1,2022-08-18T11:00:00-CME-001,2022-08-18T11:00:00.000-04:00,CME
2022-08-18T10:37:00-FLR-001,M2M_CATALOG,[{'displayName': 'GOES-P: EXIS 1.0-8.0'}],2022-08-18T10:37Z,2022-08-18T10:55Z,2022-08-18T11:13Z,M1.5,S25W35,13078,,2022-08-18T15:20Z,2,https://kauai.ccmc.gsfc.nasa.gov/DONKI/view/FLR/21259/-1,2022-08-18T11:00:00-CME-001,2022-08-18T11:00:00.000-04:00,CME
2022-08-18T12:27:00-FLR-001,M2M_CATALOG,[{'displayName': 'GOES-P: EXIS 1.0-8.0'}],2022-08-18T12:27Z,2022-08-18T12:35Z,2022-08-18T12:43Z,C2.7,N20W74,13075,Source location is in the vicinity of previously numbered plage region 13075 near the northwest limb.,2022-08-18T18:51Z,1,https://kauai.ccmc.gsfc.nasa.gov/DONKI/view/FLR/21272/-1,2022-08-18T12:48:00-CME-001,2022-08-18T12:48:00.000-04:00,CME
2022-08-18T21:44:00-FLR-001,M2M_CATALOG,[{'displayName': 'GOES-P: EXIS 1.0-8.0'}],2022-08-18T21:44Z,2022-08-18T21:58Z,2022-08-18T22:02Z,C6.3,S22W46,13078,,2022-08-19T11:59Z,2,https://kauai.ccmc.gsfc.nasa.gov/DONKI/view/FLR/21277/-1,2022-08-19T00:24:00-CME-001,2022-08-19T00:24:00.000-04:00,CME
2022-08-18T22:28:00-FLR-001,M2M_CATALOG,[{'displayName': 'GOES-P: EXIS 1.0-8.0'}],2022-08-18T22:28Z,2022-08-18T22:40Z,2022-08-18T22:55Z,C4.4,S26W47,13078,,2022-08-19T11:59Z,2,https://kauai.ccmc.gsfc.nasa.gov/DONKI/view/FLR/21278/-1,2022-08-19T00:24:00-CME-001,2022-08-19T00:24:00.000-04:00,CME
2022-08-19T04:14:00-FLR-001,M2M_CATALOG,[{'displayName': 'GOES-P: EXIS 1.0-8.0'}],2022-08-19T04:14Z,2022-08-19T04:44Z,2022-08-19T05:18Z,M1.6,S24W49,13078,,2022-08-19T11:33Z,1,https://kauai.ccmc.gsfc.nasa.gov/DONKI/view/FLR/21276/-1,2022-08-19T07:30:00-CME-001,2022-08-19T07:30:00.000-04:00,CME
2022-08-19T11:01:00-FLR-001,M2M_CATALOG,[{'displayName': 'GOES-P: EXIS 1.0-8.0'}],2022-08-19T11:01Z,2022-08-19T11:17Z,2022-08-19T11:32Z,C4.0,S24W53,13078,,2022-08-21T14:50Z,1,https://kauai.ccmc.gsfc.nasa.gov/DONKI/view/FLR/21308/-1,2022-08-19T11:38:00-CME-001,2022-08-19T11:38:00.000-04:00,CME
2022-08-26T06:07:00-FLR-001,M2M_CATALOG,[{'displayName': 'GOES-P: EXIS 1.0-8.0'}],2022-08-26T06:07Z,2022-08-26T06:28Z,2022-08-26T06:45Z,C7.2,S26W49,13088,,2022-08-27T17:58Z,1,https://kauai.ccmc.gsfc.nasa.gov/DONKI/view/FLR/21397/-1,2022-08-26T07:12:00-CME-001,2022-08-26T07:12:00.000-04:00,CME
2022-08-26T12:52:00-FLR-001,M2M_CATALOG,[{'displayName': 'GOES-P: EXIS 1.0-8.0'}],2022-08-26T12:52Z,2022-08-26T13:17Z,2022-08-26T13:40Z,M3.6,S26W52,13088,"This flare is primarily associated with active region 13088 which exhibits a longer duration flare. However, there is a simultaneous eruption/possible flare from active region 13089 which may have contributed to this increase in X-ray flux.",2022-08-26T19:29Z,1,https://kauai.ccmc.gsfc.nasa.gov/DONKI/view/FLR/21361/-1,2022-08-26T13:48:00-CME-001,2022-08-26T13:48:00.000-04:00,CME
2022-08-27T01:52:00-FLR-001,M2M_CATALOG,[{'displayName': 'GOES-P: EXIS 1.0-8.0'}],2022-08-27T01:52Z,2022-08-27T02:40Z,2022-08-27T03:05Z,M4.8,S30W62,13088,Long-duration flare associated with clear eruption and EUV wave.,2022-08-27T12:01Z,1,https://kauai.ccmc.gsfc.nasa.gov/DONKI/view/FLR/21370/-1,2022-08-27T02:23:00-CME-001,2022-08-27T02:23:00.000-04:00,CME
2022-08-27T01:52:00-FLR-001,M2M_CATALOG,[{'displayName': 'GOES-P: EXIS 1.0-8.0'}],2022-08-27T01:52Z,2022-08-27T02:40Z,2022-08-27T03:05Z,M4.8,S30W62,13088,Long-duration flare associated with clear eruption and EUV wave.,2022-08-27T12:01Z,1,https://kauai.ccmc.gsfc.nasa.gov/DONKI/view/FLR/21370/-1,2022-08-27T11:12:00-SEP-001,2022-08-27T11:12:00.000-04:00,SEP
2022-08-27T01:52:00-FLR-001,M2M_CATALOG,[{'displayName': 'GOES-P: EXIS 1.0-8.0'}],2022-08-27T01:52Z,2022-08-27T02:40Z,2022-08-27T03:05Z,M4.8,S30W62,13088,Long-duration flare associated with clear eruption and EUV wave.,2022-08-27T12:01Z,1,https://kauai.ccmc.gsfc.nasa.gov/DONKI/view/FLR/21370/-1,2022-08-27T11:55:00-SEP-001,2022-08-27T11:55:00.000-04:00,SEP
2022-08-28T07:24:00-FLR-001,M2M_CATALOG,[{'displayName': 'GOES-P: EXIS 1.0-8.0'}],2022-08-28T07:24Z,2022-08-28T07:48Z,2022-08-28T08:09Z,C9.9,S27W77,13088,,2022-08-28T11:52Z,1,https://kauai.ccmc.gsfc.nasa.gov/DONKI/view/FLR/21406/-1,2022-08-28T10:48:00-CME-001,2022-08-28T10:48:00.000-04:00,CME
2022-08-28T15:48:00-FLR-001,M2M_CATALOG,[{'displayName': 'GOES-P: EXIS 1.0-8.0'}],2022-08-28T15:48Z,2022-08-28T16:19Z,2022-08-28T16:46Z,M6.7,S27W85,13088,"Very long-duration flare, with continued M-class flux for two hours until subsequent M4.6 flare.",2022-08-28T19:07Z,4,https://kauai.ccmc.gsfc.nasa.gov/DONKI/view/FLR/21411/-1,2022-08-28T16:23:00-CME-001,2022-08-28T16:23:00.000-04:00,CME
2022-08-29T16:15:00-FLR-001,M2M_CATALOG,[{'displayName': 'GOES-P: EXIS 1.0-8.0'}],2022-08-29T16:15Z,2022-08-29T16:39Z,2022-08-29T17:51Z,M3.8,S27W95,13088,Peak occurred during GOES data outage; times and class taken from SDO Proxy values.,2022-08-29T18:01Z,1,https://kauai.ccmc.gsfc.nasa.gov/DONKI/view/FLR/21435/-1,2022-08-29T17:12:00-CME-001,2022-08-29T17:12:00.000-04:00,CME
2022-08-30T18:05:00-FLR-001,M2M_CATALOG,[{'displayName': 'GOES-P: EXIS 1.0-8.0'}],2022-08-30T18:05Z,2022-08-30T19:29Z,2022-08-30T21:23Z,M2.1,S24W99,13088,Long duration flare with longitude likely closer to 110 degrees (the estimated location of AR 13088 which had rotated behind the limb).,2023-10-24T19:04Z,3,https://kauai.ccmc.gsfc.nasa.gov/DONKI/view/FLR/21474/-1,2022-08-30T18:24:00-CME-001,2022-08-30T18:24:00.000-04:00,CME
2022-09-04T07:35:00-FLR-001,M2M_CATALOG,[{'displayName': 'GOES-P: EXIS 1.0-8.0'}],2022-09-04T07:35Z,2022-09-04T07:54Z,2022-09-04T08:12Z,C3.9,S27E25,13093,,2022-09-04T12:37Z,1,https://kauai.ccmc.gsfc.nasa.gov/DONKI/view/FLR/21529/-1,2022-09-04T08:48:00-CME-001,2022-09-04T08:48:00.000-04:00,CME
2022-09-17T12:42:00-FLR-001,M2M_CATALOG,[{'displayName': 'GOES-P: EXIS 1.0-8.0'}],2022-09-17T12:42Z,2022-09-17T13:19Z,2022-09-17T13:21Z,M1.0,N18W98,13098,,2022-09-17T13:52Z,1,https://kauai.ccmc.gsfc.nasa.gov/DONKI/view/FLR/21649/-1,2022-09-17T14:00:00-CME-001,2022-09-17T14:00:00.000-04:00,CME
2022-09-17T13:21:00-FLR-001,M2M_CATALOG,[{'displayName': 'GOES-P: EXIS 1.0-8.0'}],2022-09-17T13:21Z,2022-09-17T13:39Z,2022-09-17T13:53Z,M1.9,N18W98,13098,,2022-09-17T13:59Z,1,https://kauai.ccmc.gsfc.nasa.gov/DONKI/view/FLR/21650/-1,2022-09-17T14:00:00-CME-001,2022-09-17T14:00:00.000-04:00,CME
2022-09-19T00:43:00-FLR-001,M2M_CATALOG,[{'displayName': 'GOES-P: EXIS 1.0-8.0'}],2022-09-19T00:43Z,2022-09-19T01:02Z,2022-09-19T01:20Z,C6.5,S15W85,13105,,2022-09-19T19:36Z,1,https://kauai.ccmc.gsfc.nasa.gov/DONKI/view/FLR/21676/-1,2022-09-19T01:36:00-CME-001,2022-09-19T01:36:00.000-04:00,CME
2022-09-20T05:35:00-FLR-001,M2M_CATALOG,[{'displayName': 'GOES-P: EXIS 1.0-8.0'}],2022-09-20T05:35Z,2022-09-20T05:42Z,2022-09-20T05:55Z,C5.5,S25W16,13102,,2022-09-20T11:37Z,1,https://kauai.ccmc.gsfc.nasa.gov/DONKI/view/FLR/21679/-1,2022-09-20T06:36:00-CME-001,2022-09-20T06:36:00.000-04:00,CME
2022-09-23T17:48:00-FLR-001,M2M_CATALOG,[{'displayName': 'GOES-P: EXIS 1.0-8.0'}],2022-09-23T17:48Z,2022-09-23T18:10Z,2022-09-23T18:30Z,M1.7,N16E80,13110,,2022-09-27T19:05Z,3,https://kauai.ccmc.gsfc.nasa.gov/DONKI/view/FLR/21719/-1,2022-09-23T18:23:00-CME-001,2022-09-23T18:23:00.000-04:00,CME
2022-09-24T16:59:00-FLR-001,M2M_CATALOG,[{'displayName': 'GOES-P: EXIS 1.0-8.0'}],2022-09-24T16:59Z,2022-09-24T17:19Z,2022-09-24T17:19Z,C7.2,N16E62,13110,,2022-09-24T18:51Z,2,https://kauai.ccmc.gsfc.nasa.gov/DONKI/view/FLR/21736/-1,2022-09-24T17:53:00-CME-001,2022-09-24T17:53:00.000-04:00,CME
2022-10-01T19:58:00-FLR-001,M2M_CATALOG,[{'displayName': 'GOES-P: EXIS 1.0-8.0'}],2022-10-01T19:58Z,2022-10-01T20:10Z,2022-10-01T20:16Z,M5.8,N17W35,13110,,2022-10-02T12:01Z,2,https://kauai.ccmc.gsfc.nasa.gov/DONKI/view/FLR/21831/-1,2022-10-01T20:24:00-CME-001,2022-10-01T20:24:00.000-04:00,CME
2022-10-01T19:58:00-FLR-001,M2M_CATALOG,[{'displayName': 'GOES-P: EXIS 1.0-8.0'}],2022-10-01T19:58Z,2022-10-01T20:10Z,2022-10-01T20:16Z,M5.8,N17W35,13110,,2022-10-02T12:01Z,2,https://kauai.ccmc.gsfc.nasa.gov/DONKI/view/FLR/21831/-1,2022-10-01T21:17:00-SEP-001,2022-10-01T21:17:00.000-04:00,SEP
2022-10-01T19:58:00-FLR-001,M2M_CATALOG,[{'displayName': 'GOES-P: EXIS 1.0-8.0'}],2022-10-01T19:58Z,2022-10-01T20:10Z,2022-10-01T20:16Z,M5.8,N17W35,13110,,2022-10-02T12:01Z,2,https://kauai.ccmc.gsfc.nasa.gov/DONKI/view/FLR/21831/-1,2022-10-01T21:17:00-SEP-002,2022-10-01T21:17:00.000-04:00,SEP
2022-10-01T19:58:00-FLR-001,M2M_CATALOG,[{'displayName': 'GOES-P: EXIS 1.0-8.0'}],2022-10-01T19:58Z,2022-10-01T20:10Z,2022-10-01T20:16Z,M5.8,N17W35,13110,,2022-10-02T12:01Z,2,https://kauai.ccmc.gsfc.nasa.gov/DONKI/view/FLR/21831/-1,2022-10-01T21:25:00-SEP-001,2022-10-01T21:25:00.000-04:00,SEP
2022-10-01T19:58:00-FLR-001,M2M_CATALOG,[{'displayName': 'GOES-P: EXIS 1.0-8.0'}],2022-10-01T19:58Z,2022-10-01T20:10Z,2022-10-01T20:16Z,M5.8,N17W35,13110,,2022-10-02T12:01Z,2,https://kauai.ccmc.gsfc.nasa.gov/DONKI/view/FLR/21831/-1,2022-10-01T21:25:00-SEP-002,2022-10-01T21:25:00.000-04:00,SEP
2022-10-02T02:08:00-FLR-001,M2M_CATALOG,[{'displayName': 'GOES-P: EXIS 1.0-8.0'}],2022-10-02T02:08Z,2022-10-02T02:21Z,2022-10-02T02:26Z,M8.7,N17W39,13110,,2022-10-02T12:04Z,2,https://kauai.ccmc.gsfc.nasa.gov/DONKI/view/FLR/21833/-1,2022-10-02T02:36:00-CME-001,2022-10-02T02:36:00.000-04:00,CME
2022-10-02T02:08:00-FLR-001,M2M_CATALOG,[{'displayName': 'GOES-P: EXIS 1.0-8.0'}],2022-10-02T02:08Z,2022-10-02T02:21Z,2022-10-02T02:26Z,M8.7,N17W39,13110,,2022-10-02T12:04Z,2,https://kauai.ccmc.gsfc.nasa.gov/DONKI/view/FLR/21833/-1,2022-10-02T03:39:00-SEP-001,2022-10-02T03:39:00.000-04:00,SEP
2022-10-02T02:08:00-FLR-001,M2M_CATALOG,[{'displayName': 'GOES-P: EXIS 1.0-8.0'}],2022-10-02T02:08Z,2022-10-02T02:21Z,2022-10-02T02:26Z,M8.7,N17W39,13110,,2022-10-02T12:04Z,2,https://kauai.ccmc.gsfc.nasa.gov/DONKI/view/FLR/21833/-1,2022-10-02T03:39:00-SEP-002,2022-10-02T03:39:00.000-04:00,SEP
2022-10-02T02:08:00-FLR-001,M2M_CATALOG,[{'displayName': 'GOES-P: EXIS 1.0-8.0'}],2022-10-02T02:08Z,2022-10-02T02:21Z,2022-10-02T02:26Z,M8.7,N17W39,13110,,2022-10-02T12:04Z,2,https://kauai.ccmc.gsfc.nasa.gov/DONKI/view/FLR/21833/-1,2022-10-02T03:43:00-SEP-001,2022-10-02T03:43:00.000-04:00,SEP
2022-10-02T02:08:00-FLR-001,M2M_CATALOG,[{'displayName': 'GOES-P: EXIS 1.0-8.0'}],2022-10-02T02:08Z,2022-10-02T02:21Z,2022-10-02T02:26Z,M8.7,N17W39,13110,,2022-10-02T12:04Z,2,https://kauai.ccmc.gsfc.nasa.gov/DONKI/view/FLR/21833/-1,2022-10-02T03:43:00-SEP-002,2022-10-02T03:43:00.000-04:00,SEP
2022-10-02T19:53:00-FLR-001,M2M_CATALOG,[{'displayName': 'GOES-P: EXIS 1.0-8.0'}],2022-10-02T19:53Z,2022-10-02T20:25Z,2022-10-02T20:34Z,X1.0,N17W49,13110,,2022-10-03T11:02Z,2,https://kauai.ccmc.gsfc.nasa.gov/DONKI/view/FLR/21860/-1,2022-10-02T20:36:00-CME-001,2022-10-02T20:36:00.000-04:00,CME
2022-10-02T19:53:00-FLR-001,M2M_CATALOG,[{'displayName': 'GOES-P: EXIS 1.0-8.0'}],2022-10-02T19:53Z,2022-10-02T20:25Z,2022-10-02T20:34Z,X1.0,N17W49,13110,,2022-10-03T11:02Z,2,https://kauai.ccmc.gsfc.nasa.gov/DONKI/view/FLR/21860/-1,2022-10-02T22:01:00-SEP-001,2022-10-02T22:01:00.000-04:00,SEP
2022-10-02T19:53:00-FLR-001,M2M_CATALOG,[{'displayName': 'GOES-P: EXIS 1.0-8.0'}],2022-10-02T19:53Z,2022-10-02T20:25Z,2022-10-02T20:34Z,X1.0,N17W49,13110,,2022-10-03T11:02Z,2,https://kauai.ccmc.gsfc.nasa.gov/DONKI/view/FLR/21860/-1,2022-10-02T22:01:00-SEP-002,2022-10-02T22:01:00.000-04:00,SEP
2022-10-02T19:53:00-FLR-001,M2M_CATALOG,[{'displayName': 'GOES-P: EXIS 1.0-8.0'}],2022-10-02T19:53Z,2022-10-02T20:25Z,2022-10-02T20:34Z,X1.0,N17W49,13110,,2022-10-03T11:02Z,2,https://kauai.ccmc.gsfc.nasa.gov/DONKI/view/FLR/21860/-1,2022-10-02T22:04:00-SEP-001,2022-10-02T22:04:00.000-04:00,SEP
2022-10-03T09:38:00-FLR-001,M2M_CATALOG,[{'displayName': 'GOES-P: EXIS 1.0-8.0'}],2022-10-03T09:38Z,2022-10-03T10:11Z,2022-10-03T10:27Z,M4.2,N17W57,13110,,2022-10-03T10:58Z,1,https://kauai.ccmc.gsfc.nasa.gov/DONKI/view/FLR/21862/-1,2022-10-03T09:48:00-CME-001,2022-10-03T09:48:00.000-04:00,CME
2022-10-03T19:57:00-FLR-001,M2M_CATALOG,[{'displayName': 'GOES-P: EXIS 1.0-8.0'}],2022-10-03T19:57Z,2022-10-03T20:28Z,2022-10-03T20:52Z,M1.2,N17W64,13110,,2022-10-04T10:56Z,1,https://kauai.ccmc.gsfc.nasa.gov/DONKI/view/FLR/21885/-1,2022-10-03T20:36:00-CME-001,2022-10-03T20:36:00.000-04:00,CME
2022-10-04T12:48:00-FLR-001,M2M_CATALOG,[{'displayName': 'GOES-P: EXIS 1.0-8.0'}],2022-10-04T12:48Z,2022-10-04T13:15Z,2022-10-04T13:51Z,M1.6,N17W75,13110,,2022-10-04T15:06Z,1,https://kauai.ccmc.gsfc.nasa.gov/DONKI/view/FLR/21892/-1,2022-10-04T13:36:00-CME-001,2022-10-04T13:36:00.000-04:00,CME
2022-10-04T12:48:00-FLR-001,M2M_CATALOG,[{'displayName': 'GOES-P: EXIS 1.0-8.0'}],2022-10-04T12:48Z,2022-10-04T13:15Z,2022-10-04T13:51Z,M1.6,N17W75,13110,,2022-10-04T15:06Z,1,https://kauai.ccmc.gsfc.nasa.gov/DONKI/view/FLR/21892/-1,2022-10-04T15:52:00-SEP-001,2022-10-04T15:52:00.000-04:00,SEP
2022-10-04T12:48:00-FLR-001,M2M_CATALOG,[{'displayName': 'GOES-P: EXIS 1.0-8.0'}],2022-10-04T12:48Z,2022-10-04T13:15Z,2022-10-04T13:51Z,M1.6,N17W75,13110,,2022-10-04T15:06Z,1,https://kauai.ccmc.gsfc.nasa.gov/DONKI/view/FLR/21892/-1,2022-10-04T15:53:00-SEP-001,2022-10-04T15:53:00.000-04:00,SEP
2022-10-11T08:36:00-FLR-001,M2M_CATALOG,[{'displayName': 'GOES-P: EXIS 1.0-8.0'}],2022-10-11T08:36Z,2022-10-11T08:42Z,2022-10-11T08:46Z,M3.9,N24W35,13112,"Flare occurs east of ARs 3112 and 3116, but appears to be triggered by fluctuations in magnetic field line connection with AR 3112 (N22W45), according to SDO AIA 131/171 imagery, and the location appears to be part of a larger magnetic flux region that includes AR 3112, according to SDO HMI magnetograms.",2022-10-11T10:53Z,1,https://kauai.ccmc.gsfc.nasa.gov/DONKI/view/FLR/21973/-1,2022-10-11T09:23:00-CME-001,2022-10-11T09:23:00.000-04:00,CME
2022-10-11T10:47:00-FLR-001,M2M_CATALOG,[{'displayName': 'GOES-P: EXIS 1.0-8.0'}],2022-10-11T10:47Z,2022-10-11T10:52Z,2022-10-11T10:57Z,M1.5,N24W36,13112,"Flare occurs east of ARs 3112 and 3116, but appears to be triggered by fluctuations in magnetic field line connection with AR 3112 (N22W45), according to SDO AIA 131/171 imagery, and the location appears to be part of a larger magnetic flux region that includes AR 3112, according to SDO HMI magnetograms.",2022-10-11T11:36Z,1,https://kauai.ccmc.gsfc.nasa.gov/DONKI/view/FLR/21974/-1,2022-10-11T11:36:00-CME-001,2022-10-11T11:36:00.000-04:00,CME
2022-10-12T16:26:00-FLR-001,M2M_CATALOG,[{'displayName': 'GOES-P: EXIS 1.0-8.0'}],2022-10-12T16:26Z,2022-10-12T16:29Z,2022-10-08T16:33Z,C4.7,N25W55,13112,"The center of Active Region 13112 at the time of this eruption is closer to N22W63, however, the flare occurs slightly to the east of this location, hence the different source location coordinates.",2022-10-13T03:51Z,2,https://kauai.ccmc.gsfc.nasa.gov/DONKI/view/FLR/21999/-1,2022-10-12T17:12:00-CME-001,2022-10-12T17:12:00.000-04:00,CME
2022-10-17T16:47:00-FLR-001,M2M_CATALOG,[{'displayName': 'GOES-P: EXIS 1.0-8.0'}],2022-10-17T16:47Z,2022-10-17T17:14Z,2022-10-17T18:42Z,C3.3,S36W51,13124,,2022-10-17T19:41Z,1,https://kauai.ccmc.gsfc.nasa.gov/DONKI/view/FLR/22035/-1,2022-10-17T18:12:00-CME-001,2022-10-17T18:12:00.000-04:00,CME
2022-10-21T01:07:00-FLR-001,M2M_CATALOG,[{'displayName': 'GOES-P: EXIS 1.0-8.0'}],2022-10-21T01:07Z,2022-10-21T01:14Z,2022-10-21T01:19Z,C2.4,N26W92,13122,,2022-10-21T11:33Z,1,https://kauai.ccmc.gsfc.nasa.gov/DONKI/view/FLR/22065/-1,2022-10-21T02:48:00-CME-001,2022-10-21T02:48:00.000-04:00,CME
2022-10-25T18:52:00-FLR-001,M2M_CATALOG,[{'displayName': 'GOES-P: EXIS 1.0-8.0'}],2022-10-25T18:52Z,2022-10-25T19:03Z,2022-10-25T19:11Z,C4.9,N27E75,13133,,2022-10-26T16:05Z,1,https://kauai.ccmc.gsfc.nasa.gov/DONKI/view/FLR/22115/-1,2022-10-25T19:36:00-CME-001,2022-10-25T19:36:00.000-04:00,CME
2022-10-26T12:31:00-FLR-001,M2M_CATALOG,[{'displayName': 'GOES-P: EXIS 1.0-8.0'}],2022-10-26T12:31Z,2022-10-26T12:43Z,2022-10-26T12:52Z,C6.7,N26E67,13133,,2022-11-01T12:34Z,2,https://kauai.ccmc.gsfc.nasa.gov/DONKI/view/FLR/22124/-1,2022-10-26T13:23:00-CME-001,2022-10-26T13:23:00.000-04:00,CME
2022-11-03T06:58:00-FLR-001,M2M_CATALOG,[{'displayName': 'GOES-P: EXIS 1.0-8.0'}],2022-11-03T06:58Z,2022-11-03T07:23Z,2022-11-03T07:58Z,C1.3,S09E20,13136,,2022-11-03T13:14Z,1,https://kauai.ccmc.gsfc.nasa.gov/DONKI/view/FLR/22187/-1,2022-11-03T08:48:00-CME-001,2022-11-03T08:48:00.000-04:00,CME
2022-11-07T00:02:00-FLR-001,M2M_CATALOG,[{'displayName': 'GOES-P: EXIS 1.0-8.0'}],2022-11-07T00:02Z,2022-11-07T00:11Z,2022-11-07T00:16Z,M5.2,N12E56,13141,,2022-11-07T12:12Z,2,https://kauai.ccmc.gsfc.nasa.gov/DONKI/view/FLR/22218/-1,2022-11-07T00:48:00-CME-001,2022-11-07T00:48:00.000-05:00,CME
2022-11-09T19:46:00-FLR-001,M2M_CATALOG,[{'displayName': 'GOES-P: EXIS 1.0-8.0'}],2022-11-09T19:46Z,2022-11-09T20:05Z,2022-11-09T20:24Z,C4.3,S28E63,,,2022-11-10T12:30Z,1,https://kauai.ccmc.gsfc.nasa.gov/DONKI/view/FLR/22237/-1,2022-11-09T21:12:00-CME-001,2022-11-09T21:12:00.000-05:00,CME
2022-11-12T18:01:00-FLR-001,M2M_CATALOG,[{'displayName': 'GOES-P: EXIS 1.0-8.0'}],2022-11-12T18:01Z,2022-11-12T18:04Z,2022-11-12T18:10Z,C6.5,N14W25,13141,,2022-11-12T20:26Z,1,https://kauai.ccmc.gsfc.nasa.gov/DONKI/view/FLR/22268/-1,2022-11-12T19:12:00-CME-001,2022-11-12T19:12:00.000-05:00,CME
2022-11-14T02:44:00-FLR-001,M2M_CATALOG,[{'displayName': 'GOES-P: EXIS 1.0-8.0'}],2022-11-14T02:44Z,2022-11-14T02:49Z,2022-11-14T02:58Z,C3.3,N25W35,13145,,2022-11-14T12:35Z,1,https://kauai.ccmc.gsfc.nasa.gov/DONKI/view/FLR/22280/-1,2022-11-14T03:24:00-CME-001,2022-11-14T03:24:00.000-05:00,CME
2022-11-14T18:04:00-FLR-001,M2M_CATALOG,[{'displayName': 'GOES-P: EXIS 1.0-8.0'}],2022-11-14T18:04Z,2022-11-14T18:28Z,2022-11-14T18:55Z,C4.5,N25W59,13140,"There were multiple C-class flares from AR 3140 close to the same time, but this one seems to be of somewhat longer duration than the surrounding flares.",2022-11-15T14:34Z,1,https://kauai.ccmc.gsfc.nasa.gov/DONKI/view/FLR/22295/-1,2022-11-14T19:12:00-CME-001,2022-11-14T19:12:00.000-05:00,CME
2022-11-18T08:57:00-FLR-001,M2M_CATALOG,[{'displayName': 'GOES-P: EXIS 1.0-8.0'}],2022-11-18T08:57Z,2022-11-18T09:14Z,2022-11-18T09:31Z,C5.5,N28W88,13145,Source is likely Active Region 13145 that is visible just beyond the west limb of the Earth facing disk. Associated eruption best seen in SDO AIA 171/193/304.,2022-11-18T11:57Z,1,https://kauai.ccmc.gsfc.nasa.gov/DONKI/view/FLR/22341/-1,2022-11-18T09:36:00-CME-001,2022-11-18T09:36:00.000-05:00,CME
2022-11-18T11:23:00-FLR-001,M2M_CATALOG,[{'displayName': 'GOES-P: EXIS 1.0-8.0'}],2022-11-18T11:23Z,2022-11-18T11:28Z,2022-11-18T11:33Z,C5.1,N20W35,,,2022-11-18T20:28Z,1,https://kauai.ccmc.gsfc.nasa.gov/DONKI/view/FLR/22348/-1,2022-11-18T12:00:00-CME-001,2022-11-18T12:00:00.000-05:00,CME
2022-11-19T06:05:00-FLR-001,M2M_CATALOG,[{'displayName': 'GOES-P: EXIS 1.0-8.0'}],2022-11-19T06:05Z,2022-11-19T06:23Z,2022-11-19T06:38Z,C8.3,N21W45,13150,,2022-11-19T10:25Z,1,https://kauai.ccmc.gsfc.nasa.gov/DONKI/view/FLR/22363/-1,2022-11-19T07:36:00-CME-001,2022-11-19T07:36:00.000-05:00,CME
2022-11-19T12:42:00-FLR-001,M2M_CATALOG,[{'displayName': 'GOES-P: EXIS 1.0-8.0'}],2022-11-19T12:42Z,2022-11-19T12:56Z,2022-11-19T13:11Z,M1.6,N20W50,13150,,2022-11-19T13:16Z,1,https://kauai.ccmc.gsfc.nasa.gov/DONKI/view/FLR/22367/-1,2022-11-19T13:53:00-CME-001,2022-11-19T13:53:00.000-05:00,CME
2022-11-22T06:59:00-FLR-001,M2M_CATALOG,[{'displayName': 'GOES-P: EXIS 1.0-8.0'}],2022-11-22T06:59Z,2022-11-22T07:27Z,2022-11-22T07:42Z,C7.0,S14E14,13151,,2022-11-22T07:47Z,2,https://kauai.ccmc.gsfc.nasa.gov/DONKI/view/FLR/22426/-1,2022-11-22T08:00:00-CME-001,2022-11-22T08:00:00.000-05:00,CME
2022-11-22T18:49:00-FLR-001,M2M_CATALOG,[{'displayName': 'GOES-P: EXIS 1.0-8.0'}],2022-11-22T18:49Z,2022-11-22T19:08Z,2022-11-22T19:16Z,C4.8,S13E11,13151,,2022-11-23T13:31Z,2,https://kauai.ccmc.gsfc.nasa.gov/DONKI/view/FLR/22446/-1,2022-11-22T20:24:00-CME-001,2022-11-22T20:24:00.000-05:00,CME
2022-11-29T13:11:00-FLR-001,M2M_CATALOG,[{'displayName': 'GOES-P: EXIS 1.0-8.0'}],2022-11-29T13:11Z,2022-11-29T13:58Z,,C4.3,S11W98,13147,Likely from AR 13147 which is currently behind the limb.,2022-11-29T20:23Z,1,https://kauai.ccmc.gsfc.nasa.gov/DONKI/view/FLR/22569/-1,2022-11-29T14:38:00-CME-001,2022-11-29T14:38:00.000-05:00,CME
2022-12-01T07:04:00-FLR-001,M2M_CATALOG,[{'displayName': 'GOES-P: EXIS 1.0-8.0'}],2022-12-01T07:04Z,2022-12-01T07:21Z,2022-12-01T07:36Z,M1.0,N27W35,13152,,2022-12-01T07:53Z,1,https://kauai.ccmc.gsfc.nasa.gov/DONKI/view/FLR/22593/-1,2022-12-01T07:48:00-CME-001,2022-12-01T07:48:00.000-05:00,CME
2022-12-03T01:46:00-FLR-001,M2M_CATALOG,[{'displayName': 'GOES-P: EXIS 1.0-8.0'}],2022-12-03T01:46Z,2022-12-03T01:52Z,2022-12-03T01:57Z,C1.1,S19E70,13153,,2022-12-03T04:09Z,1,https://kauai.ccmc.gsfc.nasa.gov/DONKI/view/FLR/22619/-1,2022-12-03T02:12:00-CME-001,2022-12-03T02:12:00.000-05:00,CME
2022-12-03T17:36:00-FLR-001,M2M_CATALOG,[{'displayName': 'GOES-P: EXIS 1.0-8.0'}],2022-12-03T17:36Z,2022-12-03T17:41Z,2022-12-03T17:45Z,M1.2,N14E80,13157,,2022-12-04T03:44Z,2,https://kauai.ccmc.gsfc.nasa.gov/DONKI/view/FLR/22628/-1,2022-12-03T18:00:00-CME-001,2022-12-03T18:00:00.000-05:00,CME
2022-12-09T13:59:00-FLR-001,M2M_CATALOG,[{'displayName': 'GOES-P: EXIS 1.0-8.0'}],2022-12-09T13:59Z,2022-12-09T14:13Z,2022-12-09T14:32Z,C6.0,S20E90,13163,,2022-12-13T16:38Z,2,https://kauai.ccmc.gsfc.nasa.gov/DONKI/view/FLR/22699/-1,2022-12-09T14:49:00-CME-001,2022-12-09T14:49:00.000-05:00,CME
2022-12-11T11:28:00-FLR-001,M2M_CATALOG,[{'displayName': 'GOES-P: EXIS 1.0-8.0'}],2022-12-11T11:28Z,2022-12-11T11:40Z,2022-12-11T11:44Z,C2.9,S15W60,13153,,2022-12-11T14:46Z,1,https://kauai.ccmc.gsfc.nasa.gov/DONKI/view/FLR/22728/-1,2022-12-11T12:12:00-CME-001,2022-12-11T12:12:00.000-05:00,CME
2022-12-13T23:12:00-FLR-001,M2M_CATALOG,[{'displayName': 'GOES-P: EXIS 1.0-8.0'}],2022-12-13T23:12Z,2022-12-13T23:25Z,2022-12-13T23:33Z,C2.9,S15W85,13153,,2022-12-14T17:04Z,1,https://kauai.ccmc.gsfc.nasa.gov/DONKI/view/FLR/22787/-1,2022-12-13T23:48:00-CME-001,2022-12-13T23:48:00.000-05:00,CME
2022-12-14T03:23:00-FLR-001,M2M_CATALOG,[{'displayName': 'GOES-P: EXIS 1.0-8.0'}],2022-12-14T03:23Z,2022-12-14T03:32Z,2022-12-14T03:44Z,C2.5,S15W86,13153,,2022-12-14T22:21Z,1,https://kauai.ccmc.gsfc.nasa.gov/DONKI/view/FLR/22805/-1,2022-12-14T04:36:00-CME-001,2022-12-14T04:36:00.000-05:00,CME
2022-12-14T07:30:00-FLR-001,M2M_CATALOG,[{'displayName': 'GOES-P: EXIS 1.0-8.0'}],2022-12-14T07:30Z,2022-12-14T07:40Z,2022-12-14T07:47Z,M2.4,S20W42,13165,,2022-12-14T13:20Z,2,https://kauai.ccmc.gsfc.nasa.gov/DONKI/view/FLR/22773/-1,2022-12-14T08:48:00-CME-001,2022-12-14T08:48:00.000-05:00,CME
2022-12-14T08:24:00-FLR-001,M2M_CATALOG,[{'displayName': 'GOES-P: EXIS 1.0-8.0'}],2022-12-14T08:24Z,2022-12-14T08:31Z,2022-12-14T08:37Z,M1.1,S15W90,13153,,2022-12-14T13:28Z,2,https://kauai.ccmc.gsfc.nasa.gov/DONKI/view/FLR/22771/-1,2022-12-14T08:36:00-CME-001,2022-12-14T08:36:00.000-05:00,CME
2022-12-14T17:03:00-FLR-001,M2M_CATALOG,[{'displayName': 'GOES-P: EXIS 1.0-8.0'}],2022-12-14T17:03Z,2022-12-14T17:12Z,2022-12-14T17:23Z,M2.2,S20W47,13165,,2022-12-14T17:44Z,1,https://kauai.ccmc.gsfc.nasa.gov/DONKI/view/FLR/22792/-1,2022-12-14T18:12:00-CME-002,2022-12-14T18:12:00.000-05:00,CME
2022-12-14T21:57:00-FLR-001,M2M_CATALOG,[{'displayName': 'GOES-P: EXIS 1.0-8.0'}],2022-12-14T21:57Z,2022-12-14T22:06Z,2022-12-14T22:17Z,M4.5,S20W50,13165,,2022-12-14T22:44Z,1,https://kauai.ccmc.gsfc.nasa.gov/DONKI/view/FLR/22808/-1,2022-12-15T01:55:00-CME-001,2022-12-15T01:55:00.000-05:00,CME
2022-12-15T07:54:00-FLR-001,M2M_CATALOG,[{'displayName': 'GOES-P: EXIS 1.0-8.0'}],2022-12-15T07:54Z,2022-12-15T07:58Z,2022-12-15T08:02Z,M1.0,S20W48,13165,,2022-12-15T11:58Z,2,https://kauai.ccmc.gsfc.nasa.gov/DONKI/view/FLR/22811/-1,2022-12-15T09:48:00-CME-001,2022-12-15T09:48:00.000-05:00,CME
2022-12-16T04:42:00-FLR-001,M2M_CATALOG,[{'displayName': 'GOES-P: EXIS 1.0-8.0'}],2022-12-16T04:42Z,2022-12-16T04:59Z,2022-12-16T05:12Z,M1.2,N18E90,13169,Source is at/beyond NE limb (~N18E90+).,2022-12-17T13:49Z,2,https://kauai.ccmc.gsfc.nasa.gov/DONKI/view/FLR/22842/-1,2022-12-16T05:12:00-CME-001,2022-12-16T05:12:00.000-05:00,CME
2022-12-17T19:40:00-FLR-001,M2M_CATALOG,[{'displayName': 'GOES-P: EXIS 1.0-8.0'}],2022-12-17T19:40Z,2022-12-17T19:53Z,2022-12-17T20:01Z,M1.0,N18E70,13169,,2022-12-18T14:43Z,4,https://kauai.ccmc.gsfc.nasa.gov/DONKI/view/FLR/22872/-1,2022-12-17T20:12:00-CME-001,2022-12-17T20:12:00.000-05:00,CME
2022-12-17T21:58:00-FLR-001,M2M_CATALOG,[{'displayName': 'GOES-P: EXIS 1.0-8.0'}],2022-12-17T21:58Z,2022-12-17T22:20Z,2022-12-17T22:47Z,C3.2,N22W55,13167,,2022-12-18T18:26Z,1,https://kauai.ccmc.gsfc.nasa.gov/DONKI/view/FLR/22886/-1,2022-12-17T22:36:00-CME-001,2022-12-17T22:36:00.000-05:00,CME
2022-12-18T10:00:00-FLR-001,M2M_CATALOG,[{'displayName': 'GOES-P: EXIS 1.0-8.0'}],2022-12-18T10:00Z,2022-12-18T10:10Z,2022-12-18T10:16Z,C5.8,S15W55,13162,,2022-12-18T18:31Z,1,https://kauai.ccmc.gsfc.nasa.gov/DONKI/view/FLR/22887/-1,2022-12-18T10:36:00-CME-001,2022-12-18T10:36:00.000-05:00,CME
2022-12-19T11:36:00-FLR-001,M2M_CATALOG,[{'displayName': 'GOES-P: EXIS 1.0-8.0'}],2022-12-19T11:36Z,2022-12-19T11:53Z,2022-12-19T12:07Z,C7.3,N18W74,13167,,2022-12-19T14:09Z,1,https://kauai.ccmc.gsfc.nasa.gov/DONKI/view/FLR/22907/-1,2022-12-19T12:00:00-CME-001,2022-12-19T12:00:00.000-05:00,CME
2022-12-19T22:07:00-FLR-001,M2M_CATALOG,[{'displayName': 'GOES-P: EXIS 1.0-8.0'}],2022-12-19T22:07Z,2022-12-19T22:27Z,2022-12-19T22:52Z,C3.8,N22W95,13160,,2022-12-20T13:49Z,1,https://kauai.ccmc.gsfc.nasa.gov/DONKI/view/FLR/22922/-1,2022-12-19T23:12:00-CME-001,2022-12-19T23:12:00.000-05:00,CME
2022-12-25T06:53:00-FLR-001,M2M_CATALOG,[{'displayName': 'GOES-P: EXIS 1.0-8.0'}],2022-12-25T06:53Z,2022-12-25T07:01Z,2022-12-25T07:07Z,C7.8,N15W32,13169,,2022-12-25T16:29Z,1,https://kauai.ccmc.gsfc.nasa.gov/DONKI/view/FLR/22987/-1,2022-12-25T07:24:00-CME-001,2022-12-25T07:24:00.000-05:00,CME
2022-12-25T16:30:00-FLR-001,M2M_CATALOG,[{'displayName': 'GOES-P: EXIS 1.0-8.0'}],2022-12-25T16:30Z,2022-12-25T16:40Z,2022-12-25T16:46Z,C2.8,N19E82,,,2022-12-25T20:58Z,1,https://kauai.ccmc.gsfc.nasa.gov/DONKI/view/FLR/23003/-1,2022-12-25T19:12:00-CME-001,2022-12-25T19:12:00.000-05:00,CME
2022-12-30T15:24:00-FLR-001,M2M_CATALOG,[{'displayName': 'GOES-P: EXIS 1.0-8.0'}],2022-12-30T15:24Z,2022-12-30T15:28Z,2022-12-30T15:32Z,M1.4,N18E08,13176,,2022-12-30T16:10Z,1,https://kauai.ccmc.gsfc.nasa.gov/DONKI/view/FLR/23068/-1,2022-12-30T16:53:00-CME-001,2022-12-30T16:53:00.000-05:00,CME
2023-01-04T06:20:00-FLR-001,M2M_CATALOG,[{'displayName': 'GOES-P: EXIS 1.0-8.0'}],2023-01-04T06:20Z,2023-01-03T06:46Z,2023-01-03T07:05Z,C3.2,S12E90,13182,Source location is from Active Region beyond East limb of the Earth-facing disk. Associated with partial halo CME.,2023-01-07T19:54Z,2,https://kauai.ccmc.gsfc.nasa.gov/DONKI/view/FLR/23129/-1,2023-01-03T06:36:00-CME-001,2023-01-03T06:36:00.000-05:00,CME
2023-01-08T09:12:00-FLR-001,M2M_CATALOG,[{'displayName': 'GOES-P: EXIS 1.0-8.0'}],2023-01-08T09:12Z,2023-01-08T09:48Z,2023-01-08T10:13Z,M1.4,S16E89,13184,Occulted flare from yet unnumbered Active Region presently rotating to the Earth-facing disk; immediately follows the preceding M-class flare from the same region.,2023-01-09T11:10Z,2,https://kauai.ccmc.gsfc.nasa.gov/DONKI/view/FLR/23176/-1,2023-01-08T11:00:00-CME-001,2023-01-08T11:00:00.000-05:00,CME
2023-01-09T08:45:00-FLR-001,M2M_CATALOG,[{'displayName': 'GOES-P: EXIS 1.0-8.0'}],2023-01-09T08:45Z,2023-01-09T09:01Z,2023-01-09T09:16Z,M2.1,S20W25,13181,,2023-01-09T11:18Z,1,https://kauai.ccmc.gsfc.nasa.gov/DONKI/view/FLR/23186/-1,2023-01-09T11:23:00-CME-001,2023-01-09T11:23:00.000-05:00,CME
2023-01-10T00:09:00-FLR-001,M2M_CATALOG,[{'displayName': 'GOES-P: EXIS 1.0-8.0'}],2023-01-10T00:09Z,2023-01-10T00:16Z,2023-01-10T00:22Z,M5.1,N24E79,13186,,2023-01-10T11:48Z,2,https://kauai.ccmc.gsfc.nasa.gov/DONKI/view/FLR/23212/-1,2023-01-10T00:36:00-CME-001,2023-01-10T00:36:00.000-05:00,CME
2023-01-10T22:39:00-FLR-001,M2M_CATALOG,[{'displayName': 'GOES-P: EXIS 1.0-8.0'}],2023-01-10T22:39Z,2023-01-10T22:47Z,2023-01-10T22:52Z,X1.0,N25E65,13186,,2023-01-10T23:25Z,2,https://kauai.ccmc.gsfc.nasa.gov/DONKI/view/FLR/23237/-1,2023-01-10T23:12:00-CME-001,2023-01-10T23:12:00.000-05:00,CME
2023-01-11T00:39:00-FLR-001,M2M_CATALOG,[{'displayName': 'GOES-P: EXIS 1.0-8.0'}],2023-01-11T00:39Z,2023-01-11T00:59Z,2023-01-11T01:10Z,M2.4,N25E64,13186,,2023-01-11T13:59Z,1,https://kauai.ccmc.gsfc.nasa.gov/DONKI/view/FLR/23243/-1,2023-01-11T01:25:00-CME-001,2023-01-11T01:25:00.000-05:00,CME
2023-01-11T08:25:00-FLR-001,M2M_CATALOG,[{'displayName': 'GOES-P: EXIS 1.0-8.0'}],2023-01-11T08:25Z,2023-01-11T08:33Z,2023-01-11T08:37Z,M3.1,N25E60,13186,,2023-01-11T14:01Z,1,https://kauai.ccmc.gsfc.nasa.gov/DONKI/view/FLR/23245/-1,2023-01-11T09:48:00-CME-001,2023-01-11T09:48:00.000-05:00,CME
2023-01-14T20:37:00-FLR-001,M2M_CATALOG,[{'displayName': 'GOES-P: EXIS 1.0-8.0'}],2023-01-14T20:37Z,2023-01-14T21:00Z,2023-01-14T21:19Z,M4.6,S16W44,13182,,2023-01-14T21:25Z,1,https://kauai.ccmc.gsfc.nasa.gov/DONKI/view/FLR/23311/-1,2023-01-14T21:36:00-CME-001,2023-01-14T21:36:00.000-05:00,CME
2023-01-15T03:08:00-FLR-001,M2M_CATALOG,[{'displayName': 'GOES-P: EXIS 1.0-8.0'}],2023-01-15T03:08Z,2023-01-15T03:42Z,2023-01-15T04:08Z,M6.0,N13E56,13191,,2023-01-15T13:20Z,2,https://kauai.ccmc.gsfc.nasa.gov/DONKI/view/FLR/23312/-1,2023-01-15T03:48:00-CME-001,2023-01-15T03:48:00.000-05:00,CME
2023-01-15T03:08:00-FLR-001,M2M_CATALOG,[{'displayName': 'GOES-P: EXIS 1.0-8.0'}],2023-01-15T03:08Z,2023-01-15T03:42Z,2023-01-15T04:08Z,M6.0,N13E56,13191,,2023-01-15T13:20Z,2,https://kauai.ccmc.gsfc.nasa.gov/DONKI/view/FLR/23312/-1,2023-01-15T05:00:00-CME-001,2023-01-15T05:00:00.000-05:00,CME
2023-01-18T01:35:00-FLR-001,M2M_CATALOG,[{'displayName': 'GOES-P: EXIS 1.0-8.0'}],2023-01-18T01:35Z,2023-01-18T01:42Z,2023-01-18T01:47Z,C4.1,N11E59,13196,,2023-01-19T14:37Z,2,https://kauai.ccmc.gsfc.nasa.gov/DONKI/view/FLR/23351/-1,2023-01-18T03:48:00-CME-001,2023-01-18T03:48:00.000-05:00,CME
2023-01-19T10:26:00-FLR-001,M2M_CATALOG,[{'displayName': 'GOES-P: EXIS 1.0-8.0'}],2023-01-19T10:26Z,2023-01-19T10:27Z,2023-01-19T10:29Z,M1.0,N12E40,13196,,2023-01-19T14:33Z,1,https://kauai.ccmc.gsfc.nasa.gov/DONKI/view/FLR/23366/-1,2023-01-19T11:36:00-CME-001,2023-01-19T11:36:00.000-05:00,CME
2023-01-20T13:47:00-FLR-001,M2M_CATALOG,[{'displayName': 'GOES-P: EXIS 1.0-8.0'}],2023-01-20T13:47Z,2023-01-20T14:07Z,2023-01-20T14:25Z,C5.3,S22W07,13190,,2023-01-20T18:15Z,1,https://kauai.ccmc.gsfc.nasa.gov/DONKI/view/FLR/23391/-1,2023-01-20T16:12:00-CME-001,2023-01-20T16:12:00.000-05:00,CME
2023-01-24T13:59:00-FLR-001,M2M_CATALOG,[{'displayName': 'GOES-P: EXIS 1.0-8.0'}],2023-01-24T13:59Z,2023-01-24T14:35Z,2023-01-24T15:08Z,C9.4,N15W64,13192,,2023-01-24T20:30Z,1,https://kauai.ccmc.gsfc.nasa.gov/DONKI/view/FLR/23437/-1,2023-01-24T15:24:00-CME-001,2023-01-24T15:24:00.000-05:00,CME
2023-02-05T10:37:00-FLR-001,M2M_CATALOG,[{'displayName': 'GOES-P: EXIS 1.0-8.0'}],2023-02-05T10:37Z,2023-02-05T10:51Z,2023-02-05T10:58Z,C6.4,S17W35,13211,,2023-02-06T14:28Z,2,https://kauai.ccmc.gsfc.nasa.gov/DONKI/view/FLR/23620/-1,2023-02-05T11:36:00-CME-001,2023-02-05T11:36:00.000-05:00,CME
2023-02-06T11:58:00-FLR-001,M2M_CATALOG,[{'displayName': 'GOES-P: EXIS 1.0-8.0'}],2023-02-06T11:58Z,2023-02-06T12:12Z,2023-02-06T12:37Z,C7.8,S17W48,13211,,2023-02-06T17:35Z,1,https://kauai.ccmc.gsfc.nasa.gov/DONKI/view/FLR/23622/-1,2023-02-06T12:36:00-CME-001,2023-02-06T12:36:00.000-05:00,CME
2023-02-07T02:34:00-FLR-001,M2M_CATALOG,[{'displayName': 'GOES-P: EXIS 1.0-8.0'}],2023-02-07T02:34Z,2023-02-07T02:42Z,2023-02-07T02:49Z,C3.0,N27E70,13216,,2023-02-07T14:16Z,1,https://kauai.ccmc.gsfc.nasa.gov/DONKI/view/FLR/23630/-1,2023-02-07T03:12:00-CME-001,2023-02-07T03:12:00.000-05:00,CME
2023-02-07T21:21:00-FLR-001,M2M_CATALOG,[{'displayName': 'GOES-P: EXIS 1.0-8.0'}],2023-02-07T21:21Z,2023-02-07T21:30Z,2023-02-07T21:34Z,C5.3,S17W68,13211,,2023-02-08T16:50Z,1,https://kauai.ccmc.gsfc.nasa.gov/DONKI/view/FLR/23656/-1,2023-02-07T22:00:00-CME-001,2023-02-07T22:00:00.000-05:00,CME
2023-02-08T15:28:00-FLR-001,M2M_CATALOG,[{'displayName': 'GOES-P: EXIS 1.0-8.0'}],2023-02-08T15:28Z,2023-02-08T16:03Z,2023-02-08T16:26Z,M1.6,N31W07,13213,,2023-02-08T17:39Z,4,https://kauai.ccmc.gsfc.nasa.gov/DONKI/view/FLR/23651/-1,2023-02-08T17:06:00-CME-001,2023-02-08T17:06:00.000-05:00,CME
2023-02-09T08:49:00-FLR-001,M2M_CATALOG,[{'displayName': 'GOES-P: EXIS 1.0-8.0'}],2023-02-09T08:49Z,2023-02-09T09:07Z,2023-02-09T09:34Z,M2.9,S12E88,13217,,2023-02-09T12:57Z,1,https://kauai.ccmc.gsfc.nasa.gov/DONKI/view/FLR/23664/-1,2023-02-09T09:24:00-CME-001,2023-02-09T09:24:00.000-05:00,CME
2023-02-15T01:08:00-FLR-001,M2M_CATALOG,[{'displayName': 'GOES-P: EXIS 1.0-8.0'}],2023-02-15T01:08Z,2023-02-15T01:33Z,2023-02-15T01:53Z,C5.6,S14E10,13220,,2023-02-17T13:49Z,2,https://kauai.ccmc.gsfc.nasa.gov/DONKI/view/FLR/23775/-1,2023-02-15T02:12:00-CME-001,2023-02-15T02:12:00.000-05:00,CME
2023-02-16T10:16:00-FLR-001,M2M_CATALOG,[{'displayName': 'GOES-P: EXIS 1.0-8.0'}],2023-02-16T10:16Z,2023-02-16T10:59Z,2023-02-16T11:41Z,C9.0,N26W50,13216,,2023-02-16T15:13Z,1,https://kauai.ccmc.gsfc.nasa.gov/DONKI/view/FLR/23783/-1,2023-02-16T10:48:00-CME-001,2023-02-16T10:48:00.000-05:00,CME
2023-02-16T20:39:00-FLR-001,M2M_CATALOG,[{'displayName': 'GOES-P: EXIS 1.0-8.0'}],2023-02-16T20:39Z,2023-02-16T21:16Z,2023-02-16T22:03Z,C9.1,N26E86,13229,,2023-02-17T12:58Z,1,https://kauai.ccmc.gsfc.nasa.gov/DONKI/view/FLR/23792/-1,2023-02-16T21:36:00-CME-001,2023-02-16T21:36:00.000-05:00,CME
2023-02-17T19:38:00-FLR-001,M2M_CATALOG,[{'displayName': 'GOES-P: EXIS 1.0-8.0'}],2023-02-17T19:38Z,2023-02-17T20:16Z,2023-02-17T20:50Z,X2.2,N25E65,13229,,2023-02-17T20:56Z,3,https://kauai.ccmc.gsfc.nasa.gov/DONKI/view/FLR/23799/-1,2023-02-17T20:23:00-CME-001,2023-02-17T20:23:00.000-05:00,CME
2023-02-20T14:47:00-FLR-001,M2M_CATALOG,[{'displayName': 'GOES-P: EXIS 1.0-8.0'}],2023-02-20T14:47Z,2023-02-20T14:58Z,2023-02-20T15:03Z,M4.4,N24E90,13234,,2023-02-21T14:36Z,3,https://kauai.ccmc.gsfc.nasa.gov/DONKI/view/FLR/23834/-1,2023-02-20T15:38:00-CME-001,2023-02-20T15:38:00.000-05:00,CME
2023-02-21T11:05:00-FLR-001,M2M_CATALOG,[{'displayName': 'GOES-P: EXIS 1.0-8.0'}],2023-02-21T11:05Z,2023-02-21T11:11Z,2023-02-21T11:14Z,M1.5,N25E68,13234,Double peaked flare from AR 3234 preceding M4.7 flare with ID 2023-02-21T11:14:00-FLR-001.,2023-02-21T13:19Z,2,https://kauai.ccmc.gsfc.nasa.gov/DONKI/view/FLR/23848/-1,2023-02-21T12:38:00-CME-001,2023-02-21T12:38:00.000-05:00,CME
2023-02-21T19:57:00-FLR-001,M2M_CATALOG,[{'displayName': 'GOES-P: EXIS 1.0-8.0'}],2023-02-21T19:57Z,2023-02-21T20:17Z,2023-02-21T20:30Z,M5.0,N24E65,13234,,2023-02-21T21:41Z,4,https://kauai.ccmc.gsfc.nasa.gov/DONKI/view/FLR/23858/-1,2023-02-21T20:48:00-CME-001,2023-02-21T20:48:00.000-05:00,CME
2023-02-24T20:03:00-FLR-001,M2M_CATALOG,[{'displayName': 'GOES-P: EXIS 1.0-8.0'}],2023-02-24T20:03Z,2023-02-24T20:30Z,2023-02-24T21:29Z,M3.7,N27W25,13229,,2023-02-24T22:07Z,2,https://kauai.ccmc.gsfc.nasa.gov/DONKI/view/FLR/23910/-1,2023-02-24T20:36:00-CME-001,2023-02-24T20:36:00.000-05:00,CME
2023-02-24T20:03:00-FLR-001,M2M_CATALOG,[{'displayName': 'GOES-P: EXIS 1.0-8.0'}],2023-02-24T20:03Z,2023-02-24T20:30Z,2023-02-24T21:29Z,M3.7,N27W25,13229,,2023-02-24T22:07Z,2,https://kauai.ccmc.gsfc.nasa.gov/DONKI/view/FLR/23910/-1,2023-02-24T21:53:00-SEP-001,2023-02-24T21:53:00.000-05:00,SEP
2023-02-24T20:03:00-FLR-001,M2M_CATALOG,[{'displayName': 'GOES-P: EXIS 1.0-8.0'}],2023-02-24T20:03Z,2023-02-24T20:30Z,2023-02-24T21:29Z,M3.7,N27W25,13229,,2023-02-24T22:07Z,2,https://kauai.ccmc.gsfc.nasa.gov/DONKI/view/FLR/23910/-1,2023-02-24T21:53:00-SEP-002,2023-02-24T21:53:00.000-05:00,SEP
2023-02-25T18:40:00-FLR-001,M2M_CATALOG,[{'displayName': 'GOES-P: EXIS 1.0-8.0'}],2023-02-25T18:40Z,2023-02-25T19:44Z,2023-02-25T20:27Z,M6.3,N25W42,13229,,2023-03-01T20:54Z,4,https://kauai.ccmc.gsfc.nasa.gov/DONKI/view/FLR/23931/-1,2023-02-25T19:38:00-CME-001,2023-02-25T19:38:00.000-05:00,CME
2023-02-25T18:40:00-FLR-001,M2M_CATALOG,[{'displayName': 'GOES-P: EXIS 1.0-8.0'}],2023-02-25T18:40Z,2023-02-25T19:44Z,2023-02-25T20:27Z,M6.3,N25W42,13229,,2023-03-01T20:54Z,4,https://kauai.ccmc.gsfc.nasa.gov/DONKI/view/FLR/23931/-1,2023-02-25T20:41:00-SEP-001,2023-02-25T20:41:00.000-05:00,SEP
2023-02-25T18:40:00-FLR-001,M2M_CATALOG,[{'displayName': 'GOES-P: EXIS 1.0-8.0'}],2023-02-25T18:40Z,2023-02-25T19:44Z,2023-02-25T20:27Z,M6.3,N25W42,13229,,2023-03-01T20:54Z,4,https://kauai.ccmc.gsfc.nasa.gov/DONKI/view/FLR/23931/-1,2023-02-25T21:00:00-SEP-001,2023-02-25T21:00:00.000-05:00,SEP
2023-02-25T18:40:00-FLR-001,M2M_CATALOG,[{'displayName': 'GOES-P: EXIS 1.0-8.0'}],2023-02-25T18:40Z,2023-02-25T19:44Z,2023-02-25T20:27Z,M6.3,N25W42,13229,,2023-03-01T20:54Z,4,https://kauai.ccmc.gsfc.nasa.gov/DONKI/view/FLR/23931/-1,2023-02-25T21:00:00-SEP-002,2023-02-25T21:00:00.000-05:00,SEP
2023-02-25T18:40:00-FLR-001,M2M_CATALOG,[{'displayName': 'GOES-P: EXIS 1.0-8.0'}],2023-02-25T18:40Z,2023-02-25T19:44Z,2023-02-25T20:27Z,M6.3,N25W42,13229,,2023-03-01T20:54Z,4,https://kauai.ccmc.gsfc.nasa.gov/DONKI/view/FLR/23931/-1,2023-02-25T21:10:00-SEP-001,2023-02-25T21:10:00.000-05:00,SEP
2023-02-25T18:40:00-FLR-001,M2M_CATALOG,[{'displayName': 'GOES-P: EXIS 1.0-8.0'}],2023-02-25T18:40Z,2023-02-25T19:44Z,2023-02-25T20:27Z,M6.3,N25W42,13229,,2023-03-01T20:54Z,4,https://kauai.ccmc.gsfc.nasa.gov/DONKI/view/FLR/23931/-1,2023-02-25T21:56:00-SEP-001,2023-02-25T21:56:00.000-05:00,SEP
2023-02-25T18:40:00-FLR-001,M2M_CATALOG,[{'displayName': 'GOES-P: EXIS 1.0-8.0'}],2023-02-25T18:40Z,2023-02-25T19:44Z,2023-02-25T20:27Z,M6.3,N25W42,13229,,2023-03-01T20:54Z,4,https://kauai.ccmc.gsfc.nasa.gov/DONKI/view/FLR/23931/-1,2023-02-25T21:57:00-SEP-001,2023-02-25T21:57:00.000-05:00,SEP
2023-02-25T18:40:00-FLR-001,M2M_CATALOG,[{'displayName': 'GOES-P: EXIS 1.0-8.0'}],2023-02-25T18:40Z,2023-02-25T19:44Z,2023-02-25T20:27Z,M6.3,N25W42,13229,,2023-03-01T20:54Z,4,https://kauai.ccmc.gsfc.nasa.gov/DONKI/view/FLR/23931/-1,2023-02-25T23:19:00-SEP-001,2023-02-25T23:19:00.000-05:00,SEP
2023-02-25T18:40:00-FLR-001,M2M_CATALOG,[{'displayName': 'GOES-P: EXIS 1.0-8.0'}],2023-02-25T18:40Z,2023-02-25T19:44Z,2023-02-25T20:27Z,M6.3,N25W42,13229,,2023-03-01T20:54Z,4,https://kauai.ccmc.gsfc.nasa.gov/DONKI/view/FLR/23931/-1,2023-02-25T23:19:00-SEP-002,2023-02-25T23:19:00.000-05:00,SEP
2023-02-28T17:35:00-FLR-001,M2M_CATALOG,[{'displayName': 'GOES-P: EXIS 1.0-8.0'}],2023-02-28T17:35Z,2023-02-28T17:50Z,2023-02-28T17:56Z,M8.6,N28W30,13234,,2023-02-28T18:04Z,2,https://kauai.ccmc.gsfc.nasa.gov/DONKI/view/FLR/24006/-1,2023-02-28T18:36:00-CME-001,2023-02-28T18:36:00.000-05:00,CME
2023-03-02T04:39:00-FLR-001,M2M_CATALOG,[{'displayName': 'GOES-S: EXIS 1.0-8.0'}],2023-03-02T04:39Z,2023-03-02T04:50Z,2023-03-02T04:57Z,C9.2,N20W55,13234,,2023-03-02T14:26Z,1,https://kauai.ccmc.gsfc.nasa.gov/DONKI/view/FLR/24038/-1,2023-03-02T06:12:00-CME-001,2023-03-02T06:12:00.000-05:00,CME
2023-03-02T21:05:00-FLR-001,M2M_CATALOG,[{'displayName': 'GOES-P: EXIS 1.0-8.0'}],2023-03-02T21:05Z,2023-03-02T21:16Z,2023-03-02T21:25Z,M3.8,N20W65,13234,,2023-03-03T12:01Z,1,https://kauai.ccmc.gsfc.nasa.gov/DONKI/view/FLR/24048/-1,2023-03-02T21:36:00-CME-001,2023-03-02T21:36:00.000-05:00,CME
2023-03-02T21:05:00-FLR-001,M2M_CATALOG,[{'displayName': 'GOES-P: EXIS 1.0-8.0'}],2023-03-02T21:05Z,2023-03-02T21:16Z,2023-03-02T21:25Z,M3.8,N20W65,13234,,2023-03-03T12:01Z,1,https://kauai.ccmc.gsfc.nasa.gov/DONKI/view/FLR/24048/-1,2023-03-03T02:00:00-CME-001,2023-03-03T02:00:00.000-05:00,CME
2023-03-03T10:10:00-FLR-001,M2M_CATALOG,[{'displayName': 'GOES-P: EXIS 1.0-8.0'}],2023-03-03T10:10Z,2023-03-03T10:32Z,2023-03-03T10:48Z,M3.2,N20W70,13234,,2023-03-03T12:44Z,2,https://kauai.ccmc.gsfc.nasa.gov/DONKI/view/FLR/24047/-1,2023-03-03T11:36:00-CME-001,2023-03-03T11:36:00.000-05:00,CME
2023-03-03T17:42:00-FLR-001,M2M_CATALOG,[{'displayName': 'GOES-P: EXIS 1.0-8.0'}],2023-03-03T17:42Z,2023-03-03T17:52Z,2023-03-03T17:59Z,X2.0,N20W75,13234,,2023-03-03T20:13Z,3,https://kauai.ccmc.gsfc.nasa.gov/DONKI/view/FLR/24052/-1,2023-03-03T18:12:00-CME-001,2023-03-03T18:12:00.000-05:00,CME
2023-03-03T17:42:00-FLR-001,M2M_CATALOG,[{'displayName': 'GOES-P: EXIS 1.0-8.0'}],2023-03-03T17:42Z,2023-03-03T17:52Z,2023-03-03T17:59Z,X2.0,N20W75,13234,,2023-03-03T20:13Z,3,https://kauai.ccmc.gsfc.nasa.gov/DONKI/view/FLR/24052/-1,2023-03-03T19:19:00-SEP-001,2023-03-03T19:19:00.000-05:00,SEP
2023-03-03T17:42:00-FLR-001,M2M_CATALOG,[{'displayName': 'GOES-P: EXIS 1.0-8.0'}],2023-03-03T17:42Z,2023-03-03T17:52Z,2023-03-03T17:59Z,X2.0,N20W75,13234,,2023-03-03T20:13Z,3,https://kauai.ccmc.gsfc.nasa.gov/DONKI/view/FLR/24052/-1,2023-03-03T22:11:00-SEP-001,2023-03-03T22:11:00.000-05:00,SEP
2023-03-03T17:42:00-FLR-001,M2M_CATALOG,[{'displayName': 'GOES-P: EXIS 1.0-8.0'}],2023-03-03T17:42Z,2023-03-03T17:52Z,2023-03-03T17:59Z,X2.0,N20W75,13234,,2023-03-03T20:13Z,3,https://kauai.ccmc.gsfc.nasa.gov/DONKI/view/FLR/24052/-1,2023-03-03T22:11:00-SEP-002,2023-03-03T22:11:00.000-05:00,SEP
2023-03-04T15:19:00-FLR-001,M2M_CATALOG,[{'displayName': 'GOES-P: EXIS 1.0-8.0'}],2023-03-04T15:19Z,2023-03-04T15:57Z,2023-03-04T16:26Z,M5.2,N25W84,13234,,2023-03-04T17:27Z,3,https://kauai.ccmc.gsfc.nasa.gov/DONKI/view/FLR/24083/-1,2023-03-04T15:48:00-CME-001,2023-03-04T15:48:00.000-05:00,CME
2023-03-06T02:08:00-FLR-001,M2M_CATALOG,[{'displayName': 'GOES-P: EXIS 1.0-8.0'}],2023-03-06T02:08Z,2023-03-06T02:28Z,2023-03-06T02:35Z,M5.8,N18W65,13243,,2023-03-06T12:38Z,2,https://kauai.ccmc.gsfc.nasa.gov/DONKI/view/FLR/24110/-1,2023-03-06T03:12:00-CME-001,2023-03-06T03:12:00.000-05:00,CME
2023-03-08T16:21:00-FLR-001,M2M_CATALOG,[{'displayName': 'GOES-P: EXIS 1.0-8.0'}],2023-03-08T16:21Z,2023-03-08T16:35Z,2023-03-08T16:53Z,C2.0,N23E80,,,2023-03-09T14:13Z,1,https://kauai.ccmc.gsfc.nasa.gov/DONKI/view/FLR/24149/-1,2023-03-08T16:48:00-CME-001,2023-03-08T16:48:00.000-05:00,CME
2023-03-09T23:21:00-FLR-001,M2M_CATALOG,[{'displayName': 'GOES-P: EXIS 1.0-8.0'}],2023-03-09T23:21Z,2023-03-09T23:31Z,2023-03-09T23:42Z,C3.4,N23E60,,,2023-03-10T20:44Z,1,https://kauai.ccmc.gsfc.nasa.gov/DONKI/view/FLR/24184/-1,2023-03-09T23:48:00-CME-001,2023-03-09T23:48:00.000-05:00,CME
2023-03-10T13:12:00-FLR-001,M2M_CATALOG,[{'displayName': 'GOES-P: EXIS 1.0-8.0'}],2023-03-10T13:12Z,2023-03-10T13:33Z,2023-03-10T13:48Z,C2.5,S10W67,13240,Active Region 3240 decayed to a plage on 2023-03-08.,2023-03-10T17:46Z,1,https://kauai.ccmc.gsfc.nasa.gov/DONKI/view/FLR/24178/-1,2023-03-10T13:36:00-CME-001,2023-03-10T13:36:00.000-05:00,CME
2023-03-17T06:12:00-FLR-001,M2M_CATALOG,[{'displayName': 'GOES-P: EXIS 1.0-8.0'}],2023-03-17T06:12Z,2023-03-17T06:26Z,2023-03-17T06:34Z,C6.4,S20E87,13256,,2023-03-17T17:39Z,1,https://kauai.ccmc.gsfc.nasa.gov/DONKI/view/FLR/24282/-1,2023-03-17T07:14:00-CME-001,2023-03-17T07:14:00.000-04:00,CME
2023-03-20T14:15:00-FLR-001,M2M_CATALOG,[{'displayName': 'GOES-P: EXIS 1.0-8.0'}],2023-03-20T14:15Z,2023-03-20T15:34Z,,C4.4,N30E22,13258,,2023-03-24T13:12Z,1,https://kauai.ccmc.gsfc.nasa.gov/DONKI/view/FLR/24372/-1,2023-03-20T14:42:00-CME-001,2023-03-20T14:42:00.000-04:00,CME
2023-03-26T04:42:00-FLR-001,M2M_CATALOG,[{'displayName': 'GOES-S: EXIS 1.0-8.0'}],2023-03-26T04:42Z,2023-03-26T05:06Z,2023-03-26T05:20Z,C2.3,S19E33,13262,Flare from AR 13262 observed during a GOES-16 data gap due to an eclipse from approximately 2023-03-26T04:30Z-05:42Z. Flare and associated eruption visible in SDO AIA 131.,2023-03-26T14:13Z,1,https://kauai.ccmc.gsfc.nasa.gov/DONKI/view/FLR/24384/-1,2023-03-26T05:24:00-CME-001,2023-03-26T05:24:00.000-04:00,CME
2023-03-30T07:24:00-FLR-001,M2M_CATALOG,[{'displayName': 'GOES-P: EXIS 1.0-8.0'}],2023-03-30T07:24Z,2023-03-30T07:37Z,2023-03-30T07:43Z,M5.4,S22W77,13256,,2023-03-30T11:29Z,2,https://kauai.ccmc.gsfc.nasa.gov/DONKI/view/FLR/24424/-1,2023-03-30T08:00:00-CME-001,2023-03-30T08:00:00.000-04:00,CME
2023-04-01T02:49:00-FLR-001,M2M_CATALOG,[{'displayName': 'GOES-P: EXIS 1.0-8.0'}],2023-04-01T02:49Z,2023-04-01T03:28Z,2023-04-01T07:40Z,C6.7,S27W87,13257,,2023-04-01T16:37Z,1,https://kauai.ccmc.gsfc.nasa.gov/DONKI/view/FLR/24464/-1,2023-04-01T03:36:00-CME-001,2023-04-01T03:36:00.000-04:00,CME
2023-04-17T06:21:00-FLR-001,M2M_CATALOG,[{'displayName': 'GOES-P: EXIS 1.0-8.0'}],2023-04-17T06:21Z,2023-04-17T06:33Z,2023-04-17T06:39Z,C7.0,S22E44,13283,,2023-04-17T13:28Z,1,https://kauai.ccmc.gsfc.nasa.gov/DONKI/view/FLR/24670/-1,2023-04-17T07:12:00-CME-001,2023-04-17T07:12:00.000-04:00,CME
2023-04-21T17:44:00-FLR-001,M2M_CATALOG,[{'displayName': 'GOES-P: EXIS 1.0-8.0'}],2023-04-21T17:44Z,2023-04-21T18:12Z,2023-04-21T18:44Z,M1.7,S21W12,13283,,2023-04-21T18:49Z,1,https://kauai.ccmc.gsfc.nasa.gov/DONKI/view/FLR/24719/-1,2023-04-21T18:12:00-CME-001,2023-04-21T18:12:00.000-04:00,CME
2023-04-27T02:28:00-FLR-001,M2M_CATALOG,[{'displayName': 'GOES-P: EXIS 1.0-8.0'}],2023-04-27T02:28Z,2023-04-27T02:49Z,2023-04-27T03:41Z,C2.5,N20E56,13289,,2023-04-27T13:38Z,1,https://kauai.ccmc.gsfc.nasa.gov/DONKI/view/FLR/24817/-1,2023-04-27T02:48:00-CME-001,2023-04-27T02:48:00.000-04:00,CME
2023-04-30T02:10:00-FLR-001,M2M_CATALOG,[{'displayName': 'GOES-P: EXIS 1.0-8.0'}],2023-04-30T02:10Z,2023-04-30T02:17Z,2023-04-30T02:22Z,C3.9,S18W40,13288,Source location based on approximation in SDO AIA 131 imagery,2023-04-30T18:39Z,1,https://kauai.ccmc.gsfc.nasa.gov/DONKI/view/FLR/24864/-1,2023-04-30T02:36:00-CME-001,2023-04-30T02:36:00.000-04:00,CME
2023-04-30T19:56:00-FLR-001,M2M_CATALOG,[{'displayName': 'GOES-P: EXIS 1.0-8.0'}],2023-04-30T19:56Z,2023-04-30T20:28Z,2023-04-30T20:43Z,M2.4,N14E88,13293,Flare classification may be affected by location of flare on the east limb.,2023-05-02T13:00Z,2,https://kauai.ccmc.gsfc.nasa.gov/DONKI/view/FLR/24868/-1,2023-04-30T20:24:00-CME-001,2023-04-30T20:24:00.000-04:00,CME
2023-05-01T02:48:00-FLR-001,M2M_CATALOG,[{'displayName': 'GOES-P: EXIS 1.0-8.0'}],2023-05-01T02:48Z,2023-05-01T03:02Z,2023-05-01T03:17Z,C3.6,N13E80,13293,,2023-05-01T19:17Z,2,https://kauai.ccmc.gsfc.nasa.gov/DONKI/view/FLR/24887/-1,2023-05-01T03:24:00-CME-001,2023-05-01T03:24:00.000-04:00,CME
2023-05-01T22:19:00-FLR-001,M2M_CATALOG,[{'displayName': 'GOES-P: EXIS 1.0-8.0'}],2023-05-01T22:19Z,2023-05-01T22:32Z,2023-05-01T22:42Z,C7.4,N08E95,,Associated with an unnumbered Active Region beyond the eastern limb.,2023-05-02T17:46Z,1,https://kauai.ccmc.gsfc.nasa.gov/DONKI/view/FLR/24898/-1,2023-05-01T23:12:00-CME-001,2023-05-01T23:12:00.000-04:00,CME
2023-05-04T08:05:00-FLR-001,M2M_CATALOG,[{'displayName': 'GOES-P: EXIS 1.0-8.0'}],2023-05-04T08:05Z,2023-05-04T08:44Z,2023-05-04T09:08Z,M3.9,N16E45,13296,,2023-05-04T11:51Z,1,https://kauai.ccmc.gsfc.nasa.gov/DONKI/view/FLR/24928/-1,2023-05-04T09:09:00-CME-001,2023-05-04T09:09:00.000-04:00,CME
2023-05-05T07:30:00-FLR-001,M2M_CATALOG,[{'displayName': 'GOES-P: EXIS 1.0-8.0'}],2023-05-05T07:30Z,2023-05-05T08:01Z,2023-05-05T08:33Z,M2.1,N15E30,13296,,2023-05-05T12:05Z,1,https://kauai.ccmc.gsfc.nasa.gov/DONKI/view/FLR/24942/-1,2023-05-05T08:12:00-CME-001,2023-05-05T08:12:00.000-04:00,CME
2023-05-07T22:53:00-FLR-001,M2M_CATALOG,[{'displayName': 'GOES-P: EXIS 1.0-8.0'}],2023-05-07T22:53Z,2023-05-07T23:23Z,2023-05-08T00:01Z,M1.6,N17W07,13296,Long duration flare associated with halo CME: 2023-05-07T23:12Z,2023-05-08T11:45Z,1,https://kauai.ccmc.gsfc.nasa.gov/DONKI/view/FLR/24996/-1,2023-05-07T23:12:00-CME-001,2023-05-07T23:12:00.000-04:00,CME
2023-05-07T22:53:00-FLR-001,M2M_CATALOG,[{'displayName': 'GOES-P: EXIS 1.0-8.0'}],2023-05-07T22:53Z,2023-05-07T23:23Z,2023-05-08T00:01Z,M1.6,N17W07,13296,Long duration flare associated with halo CME: 2023-05-07T23:12Z,2023-05-08T11:45Z,1,https://kauai.ccmc.gsfc.nasa.gov/DONKI/view/FLR/24996/-1,2023-05-08T06:19:00-SEP-001,2023-05-08T06:19:00.000-04:00,SEP
2023-05-07T22:53:00-FLR-001,M2M_CATALOG,[{'displayName': 'GOES-P: EXIS 1.0-8.0'}],2023-05-07T22:53Z,2023-05-07T23:23Z,2023-05-08T00:01Z,M1.6,N17W07,13296,Long duration flare associated with halo CME: 2023-05-07T23:12Z,2023-05-08T11:45Z,1,https://kauai.ccmc.gsfc.nasa.gov/DONKI/view/FLR/24996/-1,2023-05-08T11:45:00-SEP-001,2023-05-08T11:45:00.000-04:00,SEP
2023-05-07T22:53:00-FLR-001,M2M_CATALOG,[{'displayName': 'GOES-P: EXIS 1.0-8.0'}],2023-05-07T22:53Z,2023-05-07T23:23Z,2023-05-08T00:01Z,M1.6,N17W07,13296,Long duration flare associated with halo CME: 2023-05-07T23:12Z,2023-05-08T11:45Z,1,https://kauai.ccmc.gsfc.nasa.gov/DONKI/view/FLR/24996/-1,2023-05-08T13:13:00-SEP-001,2023-05-08T13:13:00.000-04:00,SEP
2023-05-09T03:42:00-FLR-001,M2M_CATALOG,[{'displayName': 'GOES-P: EXIS 1.0-8.0'}],2023-05-09T03:42Z,2023-05-09T03:54Z,2023-05-09T04:05Z,M6.5,N14W26,13296,,2023-05-09T12:17Z,2,https://kauai.ccmc.gsfc.nasa.gov/DONKI/view/FLR/25018/-1,2023-05-09T04:24:00-CME-001,2023-05-09T04:24:00.000-04:00,CME
2023-05-09T05:55:00-FLR-001,M2M_CATALOG,[{'displayName': 'GOES-P: EXIS 1.0-8.0'}],2023-05-09T05:55Z,2023-05-09T06:13Z,2023-05-09T06:28Z,M1.2,N14W24,13296,,2023-05-09T13:25Z,2,https://kauai.ccmc.gsfc.nasa.gov/DONKI/view/FLR/25023/-1,2023-05-09T06:48:00-CME-001,2023-05-09T06:48:00.000-04:00,CME
2023-05-09T07:58:00-FLR-001,M2M_CATALOG,[{'displayName': 'GOES-P: EXIS 1.0-8.0'}],2023-05-09T07:58Z,2023-05-09T08:14Z,2023-05-09T08:28Z,C5.2,N20W23,13296,,2023-05-09T19:45Z,1,https://kauai.ccmc.gsfc.nasa.gov/DONKI/view/FLR/25035/-1,2023-05-09T08:48:00-CME-001,2023-05-09T08:48:00.000-04:00,CME
2023-05-09T09:18:00-FLR-001,M2M_CATALOG,[{'displayName': 'GOES-P: EXIS 1.0-8.0'}],2023-05-09T09:18Z,2023-05-09T09:28Z,2023-05-09T09:40Z,C4.3,N16W22,13296,,2023-05-09T19:25Z,1,https://kauai.ccmc.gsfc.nasa.gov/DONKI/view/FLR/25034/-1,2023-05-09T10:23:00-CME-001,2023-05-09T10:23:00.000-04:00,CME
2023-05-09T11:59:00-FLR-001,M2M_CATALOG,[{'displayName': 'GOES-P: EXIS 1.0-8.0'}],2023-05-09T11:59Z,2023-05-09T12:11Z,2023-05-09T12:22Z,C4.0,N13W30,13296,,2023-05-09T20:22Z,1,https://kauai.ccmc.gsfc.nasa.gov/DONKI/view/FLR/25042/-1,2023-05-09T13:25:00-CME-001,2023-05-09T13:25:00.000-04:00,CME
2023-05-09T18:20:00-FLR-001,M2M_CATALOG,[{'displayName': 'GOES-P: EXIS 1.0-8.0'}],2023-05-09T18:20Z,2023-05-09T18:58Z,2023-05-09T19:24Z,M4.2,N17W32,13296,,2023-05-09T20:25Z,1,https://kauai.ccmc.gsfc.nasa.gov/DONKI/view/FLR/25043/-1,2023-05-09T19:00:00-CME-001,2023-05-09T19:00:00.000-04:00,CME
2023-05-09T18:20:00-FLR-001,M2M_CATALOG,[{'displayName': 'GOES-P: EXIS 1.0-8.0'}],2023-05-09T18:20Z,2023-05-09T18:58Z,2023-05-09T19:24Z,M4.2,N17W32,13296,,2023-05-09T20:25Z,1,https://kauai.ccmc.gsfc.nasa.gov/DONKI/view/FLR/25043/-1,2023-05-09T20:39:00-SEP-001,2023-05-09T20:39:00.000-04:00,SEP
2023-05-09T18:20:00-FLR-001,M2M_CATALOG,[{'displayName': 'GOES-P: EXIS 1.0-8.0'}],2023-05-09T18:20Z,2023-05-09T18:58Z,2023-05-09T19:24Z,M4.2,N17W32,13296,,2023-05-09T20:25Z,1,https://kauai.ccmc.gsfc.nasa.gov/DONKI/view/FLR/25043/-1,2023-05-09T22:31:00-SEP-001,2023-05-09T22:31:00.000-04:00,SEP
2023-05-09T18:20:00-FLR-001,M2M_CATALOG,[{'displayName': 'GOES-P: EXIS 1.0-8.0'}],2023-05-09T18:20Z,2023-05-09T18:58Z,2023-05-09T19:24Z,M4.2,N17W32,13296,,2023-05-09T20:25Z,1,https://kauai.ccmc.gsfc.nasa.gov/DONKI/view/FLR/25043/-1,2023-05-09T22:52:00-SEP-001,2023-05-09T22:52:00.000-04:00,SEP
2023-05-09T18:20:00-FLR-001,M2M_CATALOG,[{'displayName': 'GOES-P: EXIS 1.0-8.0'}],2023-05-09T18:20Z,2023-05-09T18:58Z,2023-05-09T19:24Z,M4.2,N17W32,13296,,2023-05-09T20:25Z,1,https://kauai.ccmc.gsfc.nasa.gov/DONKI/view/FLR/25043/-1,2023-05-09T23:15:00-SEP-001,2023-05-09T23:15:00.000-04:00,SEP
2023-05-09T20:32:00-FLR-001,M2M_CATALOG,[{'displayName': 'GOES-P: EXIS 1.0-8.0'}],2023-05-09T20:32Z,2023-05-09T20:52Z,2023-05-09T21:13Z,M5.0,N13W36,13296,This flare follows a previous M4.3 class flare that peaked at 18:58Z from the same active region. There is an eruption that precedes this flare but follows the previous one. Events are under analysis.,2023-05-09T21:57Z,3,https://kauai.ccmc.gsfc.nasa.gov/DONKI/view/FLR/25048/-1,2023-05-09T19:00:00-CME-001,2023-05-09T19:00:00.000-04:00,CME
2023-05-09T20:32:00-FLR-001,M2M_CATALOG,[{'displayName': 'GOES-P: EXIS 1.0-8.0'}],2023-05-09T20:32Z,2023-05-09T20:52Z,2023-05-09T21:13Z,M5.0,N13W36,13296,This flare follows a previous M4.3 class flare that peaked at 18:58Z from the same active region. There is an eruption that precedes this flare but follows the previous one. Events are under analysis.,2023-05-09T21:57Z,3,https://kauai.ccmc.gsfc.nasa.gov/DONKI/view/FLR/25048/-1,2023-05-09T20:39:00-SEP-001,2023-05-09T20:39:00.000-04:00,SEP
2023-05-09T20:32:00-FLR-001,M2M_CATALOG,[{'displayName': 'GOES-P: EXIS 1.0-8.0'}],2023-05-09T20:32Z,2023-05-09T20:52Z,2023-05-09T21:13Z,M5.0,N13W36,13296,This flare follows a previous M4.3 class flare that peaked at 18:58Z from the same active region. There is an eruption that precedes this flare but follows the previous one. Events are under analysis.,2023-05-09T21:57Z,3,https://kauai.ccmc.gsfc.nasa.gov/DONKI/view/FLR/25048/-1,2023-05-09T21:09:00-CME-001,2023-05-09T21:09:00.000-04:00,CME
2023-05-09T20:32:00-FLR-001,M2M_CATALOG,[{'displayName': 'GOES-P: EXIS 1.0-8.0'}],2023-05-09T20:32Z,2023-05-09T20:52Z,2023-05-09T21:13Z,M5.0,N13W36,13296,This flare follows a previous M4.3 class flare that peaked at 18:58Z from the same active region. There is an eruption that precedes this flare but follows the previous one. Events are under analysis.,2023-05-09T21:57Z,3,https://kauai.ccmc.gsfc.nasa.gov/DONKI/view/FLR/25048/-1,2023-05-09T22:31:00-SEP-001,2023-05-09T22:31:00.000-04:00,SEP
2023-05-09T20:32:00-FLR-001,M2M_CATALOG,[{'displayName': 'GOES-P: EXIS 1.0-8.0'}],2023-05-09T20:32Z,2023-05-09T20:52Z,2023-05-09T21:13Z,M5.0,N13W36,13296,This flare follows a previous M4.3 class flare that peaked at 18:58Z from the same active region. There is an eruption that precedes this flare but follows the previous one. Events are under analysis.,2023-05-09T21:57Z,3,https://kauai.ccmc.gsfc.nasa.gov/DONKI/view/FLR/25048/-1,2023-05-09T22:52:00-SEP-001,2023-05-09T22:52:00.000-04:00,SEP
2023-05-09T20:32:00-FLR-001,M2M_CATALOG,[{'displayName': 'GOES-P: EXIS 1.0-8.0'}],2023-05-09T20:32Z,2023-05-09T20:52Z,2023-05-09T21:13Z,M5.0,N13W36,13296,This flare follows a previous M4.3 class flare that peaked at 18:58Z from the same active region. There is an eruption that precedes this flare but follows the previous one. Events are under analysis.,2023-05-09T21:57Z,3,https://kauai.ccmc.gsfc.nasa.gov/DONKI/view/FLR/25048/-1,2023-05-09T23:15:00-SEP-001,2023-05-09T23:15:00.000-04:00,SEP
2023-05-10T14:11:00-FLR-001,M2M_CATALOG,[{'displayName': 'GOES-P: EXIS 1.0-8.0'}],2023-05-10T14:11Z,2023-05-10T14:21Z,2023-05-10T14:33Z,M2.2,N13W47,13296,,2023-05-10T15:53Z,1,https://kauai.ccmc.gsfc.nasa.gov/DONKI/view/FLR/25071/-1,2023-05-10T15:05:00-CME-001,2023-05-10T15:05:00.000-04:00,CME
2023-05-11T08:47:00-FLR-001,M2M_CATALOG,[{'displayName': 'GOES-P: EXIS 1.0-8.0'}],2023-05-11T08:47Z,2023-05-11T09:01Z,2023-05-11T09:11Z,M2.1,S07W38,13294,,2023-05-11T11:01Z,1,https://kauai.ccmc.gsfc.nasa.gov/DONKI/view/FLR/25083/-1,2023-05-11T09:36:00-CME-001,2023-05-11T09:36:00.000-04:00,CME
2023-05-11T18:13:00-FLR-001,M2M_CATALOG,[{'displayName': 'GOES-P: EXIS 1.0-8.0'}],2023-05-11T18:13Z,2023-05-11T18:29Z,2023-05-11T18:38Z,M1.8,S06W46,13294,"This flare is immediately preceded by a C-class flare, with approximate peak intensity C7.9 and peak time 2023-05-11T18:23Z from AR 3297 (N10W40).",2023-05-11T18:53Z,1,https://kauai.ccmc.gsfc.nasa.gov/DONKI/view/FLR/25099/-1,2023-05-11T19:00:00-CME-001,2023-05-11T19:00:00.000-04:00,CME
2023-05-12T23:53:00-FLR-001,M2M_CATALOG,[{'displayName': 'GOES-P: EXIS 1.0-8.0'}],2023-05-12T23:53Z,2023-05-13T00:45Z,2023-05-13T01:31Z,C9.0,N15W76,13296,,2023-05-16T12:43Z,2,https://kauai.ccmc.gsfc.nasa.gov/DONKI/view/FLR/25127/-1,2023-05-13T00:12:00-CME-001,2023-05-13T00:12:00.000-04:00,CME
2023-05-22T13:30:00-FLR-001,M2M_CATALOG,[{'displayName': 'GOES-P: EXIS 1.0-8.0'}],2023-05-22T13:30Z,2023-05-22T13:37Z,2023-05-22T13:47Z,M1.9,S25E36,13312,,2023-05-22T16:48Z,2,https://kauai.ccmc.gsfc.nasa.gov/DONKI/view/FLR/25300/-1,2023-05-22T14:09:00-CME-001,2023-05-22T14:09:00.000-04:00,CME
2023-05-25T14:37:00-FLR-001,M2M_CATALOG,[{'displayName': 'GOES-P: EXIS 1.0-8.0'}],2023-05-25T14:37Z,2023-05-25T14:46Z,2023-05-25T14:53Z,M1.1,S25W06,13312,,2023-05-25T15:08Z,1,https://kauai.ccmc.gsfc.nasa.gov/DONKI/view/FLR/25350/-1,2023-05-25T15:36:00-CME-001,2023-05-25T15:36:00.000-04:00,CME
2023-05-27T19:12:00-FLR-001,M2M_CATALOG,[{'displayName': 'GOES-P: EXIS 1.0-8.0'}],2023-05-27T19:12Z,2023-05-27T19:24Z,2023-05-27T19:30Z,C6.2,S25W35,13312,,2023-05-28T15:48Z,1,https://kauai.ccmc.gsfc.nasa.gov/DONKI/view/FLR/25397/-1,2023-05-27T20:00:00-CME-001,2023-05-27T20:00:00.000-04:00,CME
2023-06-01T00:20:00-FLR-001,M2M_CATALOG,[{'displayName': 'GOES-P: EXIS 1.0-8.0'}],2023-06-01T00:20Z,2023-06-01T00:41Z,2023-06-01T00:56Z,C9.1,N24W80,13313,,2023-06-01T12:26Z,1,https://kauai.ccmc.gsfc.nasa.gov/DONKI/view/FLR/25430/-1,2023-06-01T00:36:00-CME-001,2023-06-01T00:36:00.000-04:00,CME
2023-06-07T06:16:00-FLR-001,M2M_CATALOG,[{'displayName': 'GOES-P: EXIS 1.0-8.0'}],2023-06-07T06:16Z,2023-06-07T06:45Z,2023-06-07T07:10Z,C7.1,S22E40,13327,Associated with a minor filament eruption south of AR13327 (located S14E36).,2023-06-07T15:58Z,1,https://kauai.ccmc.gsfc.nasa.gov/DONKI/view/FLR/25492/-1,2023-06-07T07:00:00-CME-001,2023-06-07T07:00:00.000-04:00,CME
2023-06-07T11:18:00-FLR-001,M2M_CATALOG,[{'displayName': 'GOES-P: EXIS 1.0-8.0'}],2023-06-07T11:18Z,2023-06-07T11:46Z,2023-06-07T11:59Z,M4.7,S14E33,13327,,2023-06-07T12:52Z,2,https://kauai.ccmc.gsfc.nasa.gov/DONKI/view/FLR/25480/-1,2023-06-07T12:48:00-CME-001,2023-06-07T12:48:00.000-04:00,CME
2023-06-09T16:48:00-FLR-001,M2M_CATALOG,[{'displayName': 'GOES-P: EXIS 1.0-8.0'}],2023-06-09T16:48Z,2023-06-09T17:11Z,2023-06-09T17:25Z,M2.5,S22E48,13331,,2023-06-09T18:40Z,4,https://kauai.ccmc.gsfc.nasa.gov/DONKI/view/FLR/25514/-1,2023-06-09T17:36:00-CME-001,2023-06-09T17:36:00.000-04:00,CME
2023-06-16T05:21:00-FLR-001,M2M_CATALOG,[{'displayName': 'GOES-P: EXIS 1.0-8.0'}],2023-06-16T05:21Z,2023-06-16T05:30Z,2023-06-16T05:41Z,M1.0,N17E66,13337,,2023-06-16T11:52Z,1,https://kauai.ccmc.gsfc.nasa.gov/DONKI/view/FLR/25580/-1,2023-06-16T05:48:00-CME-001,2023-06-16T05:48:00.000-04:00,CME
2023-06-16T10:20:00-FLR-001,M2M_CATALOG,[{'displayName': 'GOES-P: EXIS 1.0-8.0'}],2023-06-16T10:20Z,2023-06-16T10:38Z,2023-06-16T10:59Z,M1.0,N11E67,13338,,2023-06-16T11:54Z,1,https://kauai.ccmc.gsfc.nasa.gov/DONKI/view/FLR/25581/-1,2023-06-16T11:09:00-CME-001,2023-06-16T11:09:00.000-04:00,CME
2023-06-18T13:25:00-FLR-001,M2M_CATALOG,[{'displayName': 'GOES-P: EXIS 1.0-8.0'}],2023-06-18T13:25Z,2023-06-18T13:53Z,2023-06-18T14:14Z,M2.5,S23E21,13336,,2023-06-18T15:40Z,1,https://kauai.ccmc.gsfc.nasa.gov/DONKI/view/FLR/25611/-1,2023-06-18T14:12:00-CME-001,2023-06-18T14:12:00.000-04:00,CME
2023-06-20T16:42:00-FLR-001,M2M_CATALOG,[{'displayName': 'GOES-P: EXIS 1.0-8.0'}],2023-06-20T16:42Z,2023-06-20T17:09Z,2023-06-20T17:26Z,X1.1,S15E65,13341,,2023-06-20T17:29Z,3,https://kauai.ccmc.gsfc.nasa.gov/DONKI/view/FLR/25637/-1,2023-06-20T17:24:00-CME-001,2023-06-20T17:24:00.000-04:00,CME
2023-06-22T23:29:00-FLR-001,M2M_CATALOG,[{'displayName': 'GOES-P: EXIS 1.0-8.0'}],2023-06-22T23:29Z,2023-06-22T23:44Z,2023-06-22T23:57Z,M4.8,S20E40,13341,,2023-06-23T01:08Z,1,https://kauai.ccmc.gsfc.nasa.gov/DONKI/view/FLR/25677/-1,2023-06-23T00:39:00-CME-001,2023-06-23T00:39:00.000-04:00,CME
2023-06-24T12:11:00-FLR-001,M2M_CATALOG,[{'displayName': 'GOES-P: EXIS 1.0-8.0'}],2023-06-24T12:11Z,2023-06-24T12:17Z,2023-06-24T12:24Z,M1.1,N20W42,13337,,2023-06-24T12:40Z,2,https://kauai.ccmc.gsfc.nasa.gov/DONKI/view/FLR/25693/-1,2023-06-24T12:38:00-CME-001,2023-06-24T12:38:00.000-04:00,CME
2023-07-01T22:07:00-FLR-001,M2M_CATALOG,[{'displayName': 'GOES-P: EXIS 1.0-8.0'}],2023-07-01T22:07Z,2023-07-01T22:23Z,2023-07-01T22:31Z,M1.1,S22E57,13359,,2023-07-02T12:20Z,2,https://kauai.ccmc.gsfc.nasa.gov/DONKI/view/FLR/25784/-1,2023-07-01T23:12:00-CME-001,2023-07-01T23:12:00.000-04:00,CME
2023-07-02T02:29:00-FLR-001,M2M_CATALOG,[{'displayName': 'GOES-P: EXIS 1.0-8.0'}],2023-07-02T02:29Z,2023-07-02T02:35Z,2023-07-02T02:40Z,M2.0,S22E55,13359,,2023-07-02T12:19Z,1,https://kauai.ccmc.gsfc.nasa.gov/DONKI/view/FLR/25785/-1,2023-07-02T03:24:00-CME-001,2023-07-02T03:24:00.000-04:00,CME
2023-07-03T21:02:00-FLR-001,M2M_CATALOG,[{'displayName': 'GOES-P: EXIS 1.0-8.0'}],2023-07-03T21:02Z,2023-07-03T21:12Z,2023-07-03T21:22Z,C8.9,N23E32,13360,,2023-07-04T15:26Z,1,https://kauai.ccmc.gsfc.nasa.gov/DONKI/view/FLR/25815/-1,2023-07-03T22:00:00-CME-001,2023-07-03T22:00:00.000-04:00,CME
2023-07-06T05:42:00-FLR-001,M2M_CATALOG,[{'displayName': 'GOES-P: EXIS 1.0-8.0'}],2023-07-06T05:42Z,2023-07-06T06:01Z,2023-07-06T07:42Z,C4.6,S15E07,13359,,2023-07-06T20:49Z,1,https://kauai.ccmc.gsfc.nasa.gov/DONKI/view/FLR/25835/-1,2023-07-06T09:12:00-CME-001,2023-07-06T09:12:00.000-04:00,CME
2023-07-10T03:29:00-FLR-001,M2M_CATALOG,[{'displayName': 'GOES-P: EXIS 1.0-8.0'}],2023-07-10T03:29Z,2023-07-10T03:55Z,2023-07-10T04:12Z,M2.3,S13W49,13366,"Source may be AR 3366 or plage region 3358, as the flare is in the vicinity of both.",2023-07-10T12:53Z,2,https://kauai.ccmc.gsfc.nasa.gov/DONKI/view/FLR/25869/-1,2023-07-10T04:00:00-CME-001,2023-07-10T04:00:00.000-04:00,CME
2023-07-11T17:51:00-FLR-001,M2M_CATALOG,[{'displayName': 'GOES-P: EXIS 1.0-8.0'}],2023-07-11T17:51Z,2023-07-11T18:08Z,2023-07-11T18:16Z,M6.8,N25E88,13372,,2023-07-12T11:28Z,5,https://kauai.ccmc.gsfc.nasa.gov/DONKI/view/FLR/25898/-1,2023-07-11T19:48:00-CME-001,2023-07-11T19:48:00.000-04:00,CME
2023-07-14T09:22:00-FLR-001,M2M_CATALOG,[{'displayName': 'GOES-P: EXIS 1.0-8.0'}],2023-07-14T09:22Z,2023-07-14T09:36Z,2023-07-14T09:49Z,M1.0,S23W25,13363,,2023-07-14T10:55Z,1,https://kauai.ccmc.gsfc.nasa.gov/DONKI/view/FLR/25953/-1,2023-07-14T10:18:00-CME-001,2023-07-14T10:18:00.000-04:00,CME
2023-07-14T18:27:00-FLR-001,M2M_CATALOG,[{'displayName': 'GOES-P: EXIS 1.0-8.0'}],2023-07-14T18:27Z,2023-07-14T18:44Z,2023-07-14T19:02Z,C8.8,S18E14,13370,,2023-07-17T13:09Z,2,https://kauai.ccmc.gsfc.nasa.gov/DONKI/view/FLR/25978/-1,2023-07-14T19:10:00-CME-001,2023-07-14T19:10:00.000-04:00,CME
2023-07-15T07:21:00-FLR-001,M2M_CATALOG,[{'displayName': 'GOES-P: EXIS 1.0-8.0'}],2023-07-15T07:21Z,2023-07-15T07:41Z,2023-07-15T07:56Z,M2.9,S25W40,13363,,2023-07-15T17:50Z,2,https://kauai.ccmc.gsfc.nasa.gov/DONKI/view/FLR/25975/-1,2023-07-15T07:51:00-CME-001,2023-07-15T07:51:00.000-04:00,CME
2023-07-15T19:50:00-FLR-001,M2M_CATALOG,[{'displayName': 'GOES-P: EXIS 1.0-8.0'}],2023-07-15T19:50Z,2023-07-15T20:01Z,2023-07-15T20:05Z,C8.8,S22W45,13363,,2023-07-18T20:36Z,1,https://kauai.ccmc.gsfc.nasa.gov/DONKI/view/FLR/26089/-1,2023-07-16T06:35:00-SEP-001,2023-07-16T06:35:00.000-04:00,SEP
2023-07-16T08:31:00-FLR-001,M2M_CATALOG,[{'displayName': 'GOES-P: EXIS 1.0-8.0'}],2023-07-16T08:31Z,2023-07-16T08:41Z,2023-07-16T08:45Z,C4.7,S25W50,13363,,2023-07-17T17:57Z,2,https://kauai.ccmc.gsfc.nasa.gov/DONKI/view/FLR/25999/-1,2023-07-16T09:08:00-CME-001,2023-07-16T09:08:00.000-04:00,CME
2023-07-16T17:36:00-FLR-001,M2M_CATALOG,[{'displayName': 'GOES-P: EXIS 1.0-8.0'}],2023-07-16T17:36Z,2023-07-16T17:46Z,2023-07-16T18:59Z,M4.0,S25W60,13363,,2023-07-16T19:53Z,2,https://kauai.ccmc.gsfc.nasa.gov/DONKI/view/FLR/26008/-1,2023-07-16T17:53:00-CME-001,2023-07-16T17:53:00.000-04:00,CME
2023-07-16T17:36:00-FLR-001,M2M_CATALOG,[{'displayName': 'GOES-P: EXIS 1.0-8.0'}],2023-07-16T17:36Z,2023-07-16T17:46Z,2023-07-16T18:59Z,M4.0,S25W60,13363,,2023-07-16T19:53Z,2,https://kauai.ccmc.gsfc.nasa.gov/DONKI/view/FLR/26008/-1,2023-07-16T18:49:00-SEP-001,2023-07-16T18:49:00.000-04:00,SEP
2023-07-16T17:36:00-FLR-001,M2M_CATALOG,[{'displayName': 'GOES-P: EXIS 1.0-8.0'}],2023-07-16T17:36Z,2023-07-16T17:46Z,2023-07-16T18:59Z,M4.0,S25W60,13363,,2023-07-16T19:53Z,2,https://kauai.ccmc.gsfc.nasa.gov/DONKI/view/FLR/26008/-1,2023-07-16T18:49:00-SEP-002,2023-07-16T18:49:00.000-04:00,SEP
2023-07-17T23:18:00-FLR-001,M2M_CATALOG,[{'displayName': 'GOES-P: EXIS 1.0-8.0'}],2023-07-17T23:18Z,2023-07-17T23:33Z,2023-07-17T23:37Z,M5.0,S25W72,13363,,2023-07-18T00:09Z,2,https://kauai.ccmc.gsfc.nasa.gov/DONKI/view/FLR/26048/-1,2023-07-18T01:00:00-SEP-002,2023-07-18T01:00:00.000-04:00,SEP
2023-07-17T23:18:00-FLR-001,M2M_CATALOG,[{'displayName': 'GOES-P: EXIS 1.0-8.0'}],2023-07-17T23:18Z,2023-07-17T23:33Z,2023-07-17T23:37Z,M5.0,S25W72,13363,,2023-07-18T00:09Z,2,https://kauai.ccmc.gsfc.nasa.gov/DONKI/view/FLR/26048/-1,2023-07-18T01:00:00-SEP-001,2023-07-18T01:00:00.000-04:00,SEP
2023-07-17T23:18:00-FLR-001,M2M_CATALOG,[{'displayName': 'GOES-P: EXIS 1.0-8.0'}],2023-07-17T23:18Z,2023-07-17T23:33Z,2023-07-17T23:37Z,M5.0,S25W72,13363,,2023-07-18T00:09Z,2,https://kauai.ccmc.gsfc.nasa.gov/DONKI/view/FLR/26048/-1,2023-07-17T23:36:00-CME-001,2023-07-17T23:36:00.000-04:00,CME
2023-07-17T23:18:00-FLR-001,M2M_CATALOG,[{'displayName': 'GOES-P: EXIS 1.0-8.0'}],2023-07-17T23:18Z,2023-07-17T23:33Z,2023-07-17T23:37Z,M5.0,S25W72,13363,,2023-07-18T00:09Z,2,https://kauai.ccmc.gsfc.nasa.gov/DONKI/view/FLR/26048/-1,2023-07-18T00:53:00-SEP-001,2023-07-18T00:53:00.000-04:00,SEP
2023-07-17T23:18:00-FLR-001,M2M_CATALOG,[{'displayName': 'GOES-P: EXIS 1.0-8.0'}],2023-07-17T23:18Z,2023-07-17T23:33Z,2023-07-17T23:37Z,M5.0,S25W72,13363,,2023-07-18T00:09Z,2,https://kauai.ccmc.gsfc.nasa.gov/DONKI/view/FLR/26048/-1,2023-07-18T01:06:00-SEP-001,2023-07-18T01:06:00.000-04:00,SEP
2023-07-17T23:18:00-FLR-001,M2M_CATALOG,[{'displayName': 'GOES-P: EXIS 1.0-8.0'}],2023-07-17T23:18Z,2023-07-17T23:33Z,2023-07-17T23:37Z,M5.0,S25W72,13363,,2023-07-18T00:09Z,2,https://kauai.ccmc.gsfc.nasa.gov/DONKI/view/FLR/26048/-1,2023-07-18T01:06:00-SEP-002,2023-07-18T01:06:00.000-04:00,SEP
2023-07-17T23:18:00-FLR-001,M2M_CATALOG,[{'displayName': 'GOES-P: EXIS 1.0-8.0'}],2023-07-17T23:18Z,2023-07-17T23:33Z,2023-07-17T23:37Z,M5.0,S25W72,13363,,2023-07-18T00:09Z,2,https://kauai.ccmc.gsfc.nasa.gov/DONKI/view/FLR/26048/-1,2023-07-18T01:09:00-SEP-001,2023-07-18T01:09:00.000-04:00,SEP
2023-07-17T23:18:00-FLR-001,M2M_CATALOG,[{'displayName': 'GOES-P: EXIS 1.0-8.0'}],2023-07-17T23:18Z,2023-07-17T23:33Z,2023-07-17T23:37Z,M5.0,S25W72,13363,,2023-07-18T00:09Z,2,https://kauai.ccmc.gsfc.nasa.gov/DONKI/view/FLR/26048/-1,2023-07-18T01:12:00-SEP-001,2023-07-18T01:12:00.000-04:00,SEP
2023-07-17T23:18:00-FLR-001,M2M_CATALOG,[{'displayName': 'GOES-P: EXIS 1.0-8.0'}],2023-07-17T23:18Z,2023-07-17T23:33Z,2023-07-17T23:37Z,M5.0,S25W72,13363,,2023-07-18T00:09Z,2,https://kauai.ccmc.gsfc.nasa.gov/DONKI/view/FLR/26048/-1,2023-07-18T01:15:00-SEP-001,2023-07-18T01:15:00.000-04:00,SEP
2023-07-17T23:37:00-FLR-001,M2M_CATALOG,[{'displayName': 'GOES-P: EXIS 1.0-8.0'}],2023-07-17T23:37Z,2023-07-18T00:06Z,2023-07-18T00:23Z,M5.7,S25W72,13363,,2023-07-18T00:43Z,3,https://kauai.ccmc.gsfc.nasa.gov/DONKI/view/FLR/26050/-1,2023-07-17T23:36:00-CME-001,2023-07-17T23:36:00.000-04:00,CME
2023-07-17T23:37:00-FLR-001,M2M_CATALOG,[{'displayName': 'GOES-P: EXIS 1.0-8.0'}],2023-07-17T23:37Z,2023-07-18T00:06Z,2023-07-18T00:23Z,M5.7,S25W72,13363,,2023-07-18T00:43Z,3,https://kauai.ccmc.gsfc.nasa.gov/DONKI/view/FLR/26050/-1,2023-07-18T01:00:00-SEP-002,2023-07-18T01:00:00.000-04:00,SEP
2023-07-17T23:37:00-FLR-001,M2M_CATALOG,[{'displayName': 'GOES-P: EXIS 1.0-8.0'}],2023-07-17T23:37Z,2023-07-18T00:06Z,2023-07-18T00:23Z,M5.7,S25W72,13363,,2023-07-18T00:43Z,3,https://kauai.ccmc.gsfc.nasa.gov/DONKI/view/FLR/26050/-1,2023-07-18T01:00:00-SEP-001,2023-07-18T01:00:00.000-04:00,SEP
2023-07-17T23:37:00-FLR-001,M2M_CATALOG,[{'displayName': 'GOES-P: EXIS 1.0-8.0'}],2023-07-17T23:37Z,2023-07-18T00:06Z,2023-07-18T00:23Z,M5.7,S25W72,13363,,2023-07-18T00:43Z,3,https://kauai.ccmc.gsfc.nasa.gov/DONKI/view/FLR/26050/-1,2023-07-18T00:53:00-SEP-001,2023-07-18T00:53:00.000-04:00,SEP
2023-07-17T23:37:00-FLR-001,M2M_CATALOG,[{'displayName': 'GOES-P: EXIS 1.0-8.0'}],2023-07-17T23:37Z,2023-07-18T00:06Z,2023-07-18T00:23Z,M5.7,S25W72,13363,,2023-07-18T00:43Z,3,https://kauai.ccmc.gsfc.nasa.gov/DONKI/view/FLR/26050/-1,2023-07-18T01:06:00-SEP-001,2023-07-18T01:06:00.000-04:00,SEP
2023-07-17T23:37:00-FLR-001,M2M_CATALOG,[{'displayName': 'GOES-P: EXIS 1.0-8.0'}],2023-07-17T23:37Z,2023-07-18T00:06Z,2023-07-18T00:23Z,M5.7,S25W72,13363,,2023-07-18T00:43Z,3,https://kauai.ccmc.gsfc.nasa.gov/DONKI/view/FLR/26050/-1,2023-07-18T01:06:00-SEP-002,2023-07-18T01:06:00.000-04:00,SEP
2023-07-17T23:37:00-FLR-001,M2M_CATALOG,[{'displayName': 'GOES-P: EXIS 1.0-8.0'}],2023-07-17T23:37Z,2023-07-18T00:06Z,2023-07-18T00:23Z,M5.7,S25W72,13363,,2023-07-18T00:43Z,3,https://kauai.ccmc.gsfc.nasa.gov/DONKI/view/FLR/26050/-1,2023-07-18T01:09:00-SEP-001,2023-07-18T01:09:00.000-04:00,SEP
2023-07-17T23:37:00-FLR-001,M2M_CATALOG,[{'displayName': 'GOES-P: EXIS 1.0-8.0'}],2023-07-17T23:37Z,2023-07-18T00:06Z,2023-07-18T00:23Z,M5.7,S25W72,13363,,2023-07-18T00:43Z,3,https://kauai.ccmc.gsfc.nasa.gov/DONKI/view/FLR/26050/-1,2023-07-18T01:12:00-SEP-001,2023-07-18T01:12:00.000-04:00,SEP
2023-07-17T23:37:00-FLR-001,M2M_CATALOG,[{'displayName': 'GOES-P: EXIS 1.0-8.0'}],2023-07-17T23:37Z,2023-07-18T00:06Z,2023-07-18T00:23Z,M5.7,S25W72,13363,,2023-07-18T00:43Z,3,https://kauai.ccmc.gsfc.nasa.gov/DONKI/view/FLR/26050/-1,2023-07-18T01:15:00-SEP-001,2023-07-18T01:15:00.000-04:00,SEP
2023-07-18T19:32:00-FLR-001,M2M_CATALOG,[{'displayName': 'GOES-P: EXIS 1.0-8.0'}],2023-07-18T19:32Z,2023-07-18T19:48Z,2023-07-18T20:00Z,M1.3,N27E35,13376,,2023-07-18T20:07Z,2,https://kauai.ccmc.gsfc.nasa.gov/DONKI/view/FLR/26087/-1,2023-07-18T20:12:00-CME-001,2023-07-18T20:12:00.000-04:00,CME
2023-07-18T20:00:00-FLR-001,M2M_CATALOG,[{'displayName': 'GOES-P: EXIS 1.0-8.0'}],2023-07-18T20:00Z,2023-07-18T20:05Z,2023-07-18T20:11Z,M1.4,N27E31,13376,,2023-07-18T20:16Z,1,https://kauai.ccmc.gsfc.nasa.gov/DONKI/view/FLR/26088/-1,2023-07-18T20:12:00-CME-001,2023-07-18T20:12:00.000-04:00,CME
2023-07-19T17:04:00-FLR-001,M2M_CATALOG,[{'displayName': 'GOES-P: EXIS 1.0-8.0'}],2023-07-19T17:04Z,2023-07-19T17:25Z,2023-07-19T17:43Z,M3.8,S19W90,13363,Active Region 13363 has rotated off the Earth-facing disk so the longitude is likely higher than 90 degrees.,2023-07-19T18:51Z,1,https://kauai.ccmc.gsfc.nasa.gov/DONKI/view/FLR/26108/-1,2023-07-19T17:36:00-CME-001,2023-07-19T17:36:00.000-04:00,CME
2023-07-23T14:47:00-FLR-001,M2M_CATALOG,[{'displayName': 'GOES-P: EXIS 1.0-8.0'}],2023-07-23T14:47Z,2023-07-23T14:57Z,2023-07-23T15:15Z,C5.2,N28W25,13376,,2023-07-23T17:53Z,2,https://kauai.ccmc.gsfc.nasa.gov/DONKI/view/FLR/26153/-1,2023-07-23T15:05:00-CME-001,2023-07-23T15:05:00.000-04:00,CME
2023-07-27T22:04:00-FLR-001,M2M_CATALOG,[{'displayName': 'GOES-P: EXIS 1.0-8.0'}],2023-07-27T22:04Z,2023-07-27T22:34Z,2023-07-27T23:05Z,M1.7,S25E75,13388,,2023-07-28T12:27Z,1,https://kauai.ccmc.gsfc.nasa.gov/DONKI/view/FLR/26207/-1,2023-07-27T23:24:00-CME-001,2023-07-27T23:24:00.000-04:00,CME
2023-07-28T15:39:00-FLR-001,M2M_CATALOG,[{'displayName': 'GOES-P: EXIS 1.0-8.0'}],2023-07-28T15:39Z,2023-07-28T15:58Z,2023-07-28T16:13Z,M4.1,N25W99,13376,"Associated with a beautiful bright filament eruption seen rising right behind the NW limb in AIA 131/304/193 at ~2023-07-28T15:44Z. This is an occulted flare, likely from AR 13376 which had rotated behind the limb to N25W99. Associated with a type II radio burst.",2023-08-01T18:59Z,8,https://kauai.ccmc.gsfc.nasa.gov/DONKI/view/FLR/26212/-1,2023-07-28T15:53:00-CME-001,2023-07-28T15:53:00.000-04:00,CME
2023-07-28T15:39:00-FLR-001,M2M_CATALOG,[{'displayName': 'GOES-P: EXIS 1.0-8.0'}],2023-07-28T15:39Z,2023-07-28T15:58Z,2023-07-28T16:13Z,M4.1,N25W99,13376,"Associated with a beautiful bright filament eruption seen rising right behind the NW limb in AIA 131/304/193 at ~2023-07-28T15:44Z. This is an occulted flare, likely from AR 13376 which had rotated behind the limb to N25W99. Associated with a type II radio burst.",2023-08-01T18:59Z,8,https://kauai.ccmc.gsfc.nasa.gov/DONKI/view/FLR/26212/-1,2023-07-28T18:12:00-SEP-001,2023-07-28T18:12:00.000-04:00,SEP
2023-07-28T15:39:00-FLR-001,M2M_CATALOG,[{'displayName': 'GOES-P: EXIS 1.0-8.0'}],2023-07-28T15:39Z,2023-07-28T15:58Z,2023-07-28T16:13Z,M4.1,N25W99,13376,"Associated with a beautiful bright filament eruption seen rising right behind the NW limb in AIA 131/304/193 at ~2023-07-28T15:44Z. This is an occulted flare, likely from AR 13376 which had rotated behind the limb to N25W99. Associated with a type II radio burst.",2023-08-01T18:59Z,8,https://kauai.ccmc.gsfc.nasa.gov/DONKI/view/FLR/26212/-1,2023-07-28T19:05:00-SEP-001,2023-07-28T19:05:00.000-04:00,SEP
2023-07-28T15:39:00-FLR-001,M2M_CATALOG,[{'displayName': 'GOES-P: EXIS 1.0-8.0'}],2023-07-28T15:39Z,2023-07-28T15:58Z,2023-07-28T16:13Z,M4.1,N25W99,13376,"Associated with a beautiful bright filament eruption seen rising right behind the NW limb in AIA 131/304/193 at ~2023-07-28T15:44Z. This is an occulted flare, likely from AR 13376 which had rotated behind the limb to N25W99. Associated with a type II radio burst.",2023-08-01T18:59Z,8,https://kauai.ccmc.gsfc.nasa.gov/DONKI/view/FLR/26212/-1,2023-07-28T19:19:00-SEP-001,2023-07-28T19:19:00.000-04:00,SEP
2023-07-28T15:39:00-FLR-001,M2M_CATALOG,[{'displayName': 'GOES-P: EXIS 1.0-8.0'}],2023-07-28T15:39Z,2023-07-28T15:58Z,2023-07-28T16:13Z,M4.1,N25W99,13376,"Associated with a beautiful bright filament eruption seen rising right behind the NW limb in AIA 131/304/193 at ~2023-07-28T15:44Z. This is an occulted flare, likely from AR 13376 which had rotated behind the limb to N25W99. Associated with a type II radio burst.",2023-08-01T18:59Z,8,https://kauai.ccmc.gsfc.nasa.gov/DONKI/view/FLR/26212/-1,2023-07-28T19:23:00-SEP-001,2023-07-28T19:23:00.000-04:00,SEP
2023-07-28T15:39:00-FLR-001,M2M_CATALOG,[{'displayName': 'GOES-P: EXIS 1.0-8.0'}],2023-07-28T15:39Z,2023-07-28T15:58Z,2023-07-28T16:13Z,M4.1,N25W99,13376,"Associated with a beautiful bright filament eruption seen rising right behind the NW limb in AIA 131/304/193 at ~2023-07-28T15:44Z. This is an occulted flare, likely from AR 13376 which had rotated behind the limb to N25W99. Associated with a type II radio burst.",2023-08-01T18:59Z,8,https://kauai.ccmc.gsfc.nasa.gov/DONKI/view/FLR/26212/-1,2023-07-28T23:50:00-SEP-001,2023-07-28T23:50:00.000-04:00,SEP
2023-07-28T15:39:00-FLR-001,M2M_CATALOG,[{'displayName': 'GOES-P: EXIS 1.0-8.0'}],2023-07-28T15:39Z,2023-07-28T15:58Z,2023-07-28T16:13Z,M4.1,N25W99,13376,"Associated with a beautiful bright filament eruption seen rising right behind the NW limb in AIA 131/304/193 at ~2023-07-28T15:44Z. This is an occulted flare, likely from AR 13376 which had rotated behind the limb to N25W99. Associated with a type II radio burst.",2023-08-01T18:59Z,8,https://kauai.ccmc.gsfc.nasa.gov/DONKI/view/FLR/26212/-1,2023-07-29T00:53:00-SEP-001,2023-07-29T00:53:00.000-04:00,SEP
2023-07-29T06:55:00-FLR-001,M2M_CATALOG,[{'displayName': 'GOES-P: EXIS 1.0-8.0'}],2023-07-29T06:55Z,2023-07-29T07:34Z,2023-07-29T08:12Z,C6.7,N15E88,,"Flare magnitude may be impacted by foreshortening due to location of flare on the east limb. Due to a data gap from 2023-07-29T06:46Z-07:51Z, most of this flare is not visible in SDO AIA imagery.",2023-07-29T19:06Z,4,https://kauai.ccmc.gsfc.nasa.gov/DONKI/view/FLR/26240/-1,2023-07-29T07:53:00-CME-001,2023-07-29T07:53:00.000-04:00,CME
2023-08-01T19:48:00-FLR-001,M2M_CATALOG,[{'displayName': 'GOES-P: EXIS 1.0-8.0'}],2023-08-01T19:48Z,2023-08-01T20:08Z,2023-08-01T20:43Z,C5.2,N17E60,,Currently unnumbered region.,2023-08-02T18:06Z,1,https://kauai.ccmc.gsfc.nasa.gov/DONKI/view/FLR/26306/-1,2023-08-01T20:36:00-CME-001,2023-08-01T20:36:00.000-04:00,CME
2023-08-04T03:38:00-FLR-001,M2M_CATALOG,[{'displayName': 'GOES-P: EXIS 1.0-8.0'}],2023-08-04T03:38Z,2023-08-04T04:24Z,2023-08-04T05:11Z,M1.9,N12W47,13386,Long-duration flare.,2023-08-04T12:14Z,1,https://kauai.ccmc.gsfc.nasa.gov/DONKI/view/FLR/26322/-1,2023-08-04T04:17:00-CME-001,2023-08-04T04:17:00.000-04:00,CME
2023-08-04T03:38:00-FLR-001,M2M_CATALOG,[{'displayName': 'GOES-P: EXIS 1.0-8.0'}],2023-08-04T03:38Z,2023-08-04T04:24Z,2023-08-04T05:11Z,M1.9,N12W47,13386,Long-duration flare.,2023-08-04T12:14Z,1,https://kauai.ccmc.gsfc.nasa.gov/DONKI/view/FLR/26322/-1,2023-08-04T04:49:00-CME-001,2023-08-04T04:49:00.000-04:00,CME
2023-08-05T06:18:00-FLR-001,M2M_CATALOG,[{'displayName': 'GOES-P: EXIS 1.0-8.0'}],2023-08-05T06:18Z,2023-08-05T07:22Z,2023-08-05T09:06Z,M1.6,N11W65,13386,Long-duration flare.,2023-08-08T16:25Z,2,https://kauai.ccmc.gsfc.nasa.gov/DONKI/view/FLR/26346/-1,2023-08-05T07:12:00-CME-001,2023-08-05T07:12:00.000-04:00,CME
2023-08-05T06:18:00-FLR-001,M2M_CATALOG,[{'displayName': 'GOES-P: EXIS 1.0-8.0'}],2023-08-05T06:18Z,2023-08-05T07:22Z,2023-08-05T09:06Z,M1.6,N11W65,13386,Long-duration flare.,2023-08-08T16:25Z,2,https://kauai.ccmc.gsfc.nasa.gov/DONKI/view/FLR/26346/-1,2023-08-05T10:00:00-SEP-001,2023-08-05T10:00:00.000-04:00,SEP
2023-08-05T06:18:00-FLR-001,M2M_CATALOG,[{'displayName': 'GOES-P: EXIS 1.0-8.0'}],2023-08-05T06:18Z,2023-08-05T07:22Z,2023-08-05T09:06Z,M1.6,N11W65,13386,Long-duration flare.,2023-08-08T16:25Z,2,https://kauai.ccmc.gsfc.nasa.gov/DONKI/view/FLR/26346/-1,2023-08-05T10:19:00-SEP-001,2023-08-05T10:19:00.000-04:00,SEP
2023-08-05T06:18:00-FLR-001,M2M_CATALOG,[{'displayName': 'GOES-P: EXIS 1.0-8.0'}],2023-08-05T06:18Z,2023-08-05T07:22Z,2023-08-05T09:06Z,M1.6,N11W65,13386,Long-duration flare.,2023-08-08T16:25Z,2,https://kauai.ccmc.gsfc.nasa.gov/DONKI/view/FLR/26346/-1,2023-08-05T10:47:00-SEP-001,2023-08-05T10:47:00.000-04:00,SEP
2023-08-05T06:18:00-FLR-001,M2M_CATALOG,[{'displayName': 'GOES-P: EXIS 1.0-8.0'}],2023-08-05T06:18Z,2023-08-05T07:22Z,2023-08-05T09:06Z,M1.6,N11W65,13386,Long-duration flare.,2023-08-08T16:25Z,2,https://kauai.ccmc.gsfc.nasa.gov/DONKI/view/FLR/26346/-1,2023-08-05T10:59:00-SEP-001,2023-08-05T10:59:00.000-04:00,SEP
2023-08-05T06:18:00-FLR-001,M2M_CATALOG,[{'displayName': 'GOES-P: EXIS 1.0-8.0'}],2023-08-05T06:18Z,2023-08-05T07:22Z,2023-08-05T09:06Z,M1.6,N11W65,13386,Long-duration flare.,2023-08-08T16:25Z,2,https://kauai.ccmc.gsfc.nasa.gov/DONKI/view/FLR/26346/-1,2023-08-05T11:15:00-SEP-001,2023-08-05T11:15:00.000-04:00,SEP
2023-08-05T06:18:00-FLR-001,M2M_CATALOG,[{'displayName': 'GOES-P: EXIS 1.0-8.0'}],2023-08-05T06:18Z,2023-08-05T07:22Z,2023-08-05T09:06Z,M1.6,N11W65,13386,Long-duration flare.,2023-08-08T16:25Z,2,https://kauai.ccmc.gsfc.nasa.gov/DONKI/view/FLR/26346/-1,2023-08-05T12:33:00-SEP-001,2023-08-05T12:33:00.000-04:00,SEP
2023-08-05T21:45:00-FLR-001,M2M_CATALOG,[{'displayName': 'GOES-P: EXIS 1.0-8.0'}],2023-08-05T21:45Z,2023-08-05T22:21Z,2023-08-05T22:44Z,X1.6,N11W74,13386,,2023-08-05T23:10Z,4,https://kauai.ccmc.gsfc.nasa.gov/DONKI/view/FLR/26360/-1,2023-08-05T10:00:00-SEP-001,2023-08-05T10:00:00.000-04:00,SEP
2023-08-05T21:45:00-FLR-001,M2M_CATALOG,[{'displayName': 'GOES-P: EXIS 1.0-8.0'}],2023-08-05T21:45Z,2023-08-05T22:21Z,2023-08-05T22:44Z,X1.6,N11W74,13386,,2023-08-05T23:10Z,4,https://kauai.ccmc.gsfc.nasa.gov/DONKI/view/FLR/26360/-1,2023-08-05T10:19:00-SEP-001,2023-08-05T10:19:00.000-04:00,SEP
2023-08-05T21:45:00-FLR-001,M2M_CATALOG,[{'displayName': 'GOES-P: EXIS 1.0-8.0'}],2023-08-05T21:45Z,2023-08-05T22:21Z,2023-08-05T22:44Z,X1.6,N11W74,13386,,2023-08-05T23:10Z,4,https://kauai.ccmc.gsfc.nasa.gov/DONKI/view/FLR/26360/-1,2023-08-05T10:47:00-SEP-001,2023-08-05T10:47:00.000-04:00,SEP
2023-08-05T21:45:00-FLR-001,M2M_CATALOG,[{'displayName': 'GOES-P: EXIS 1.0-8.0'}],2023-08-05T21:45Z,2023-08-05T22:21Z,2023-08-05T22:44Z,X1.6,N11W74,13386,,2023-08-05T23:10Z,4,https://kauai.ccmc.gsfc.nasa.gov/DONKI/view/FLR/26360/-1,2023-08-05T11:15:00-SEP-001,2023-08-05T11:15:00.000-04:00,SEP
2023-08-05T21:45:00-FLR-001,M2M_CATALOG,[{'displayName': 'GOES-P: EXIS 1.0-8.0'}],2023-08-05T21:45Z,2023-08-05T22:21Z,2023-08-05T22:44Z,X1.6,N11W74,13386,,2023-08-05T23:10Z,4,https://kauai.ccmc.gsfc.nasa.gov/DONKI/view/FLR/26360/-1,2023-08-05T22:24:00-CME-001,2023-08-05T22:24:00.000-04:00,CME
2023-08-06T18:20:00-FLR-001,M2M_CATALOG,[{'displayName': 'GOES-P: EXIS 1.0-8.0'}],2023-08-06T18:20Z,2023-08-06T18:40Z,2023-08-06T18:54Z,M5.5,N11W89,13386,,2023-08-07T12:40Z,4,https://kauai.ccmc.gsfc.nasa.gov/DONKI/view/FLR/26372/-1,2023-08-06T18:48:00-CME-001,2023-08-06T18:48:00.000-04:00,CME
2023-08-07T04:29:00-FLR-001,M2M_CATALOG,[{'displayName': 'GOES-P: EXIS 1.0-8.0'}],2023-08-07T04:29Z,2023-08-07T04:41Z,2023-08-07T04:51Z,M2.4,N10W93,13386,Active Region 3386 rotated beyond the west limb of the Earth-facing disk early on 2023-08-07.,2023-08-07T11:46Z,1,https://kauai.ccmc.gsfc.nasa.gov/DONKI/view/FLR/26380/-1,2023-08-07T05:00:00-CME-001,2023-08-07T05:00:00.000-04:00,CME
2023-08-07T15:30:00-FLR-001,M2M_CATALOG,[{'displayName': 'GOES-P: EXIS 1.0-8.0'}],2023-08-07T15:30Z,2023-08-07T16:11Z,2023-08-07T16:24Z,M1.0,N16W81,13387,Doubled peaked M1.0 flare from AR 3387.,2023-08-08T14:36Z,4,https://kauai.ccmc.gsfc.nasa.gov/DONKI/view/FLR/26387/-1,2023-08-07T16:09:00-CME-001,2023-08-07T16:09:00.000-04:00,CME
2023-08-07T20:30:00-FLR-001,M2M_CATALOG,[{'displayName': 'GOES-P: EXIS 1.0-8.0'}],2023-08-07T20:30Z,2023-08-07T20:46Z,2023-08-07T21:18Z,X1.5,N11W90,13386,Simultaneous flaring from AR13387. Main flaring AR is beyond limb.,2023-08-08T14:37Z,5,https://kauai.ccmc.gsfc.nasa.gov/DONKI/view/FLR/26403/-1,2023-08-07T20:48:00-CME-001,2023-08-07T20:48:00.000-04:00,CME
2023-08-07T20:30:00-FLR-001,M2M_CATALOG,[{'displayName': 'GOES-P: EXIS 1.0-8.0'}],2023-08-07T20:30Z,2023-08-07T20:46Z,2023-08-07T21:18Z,X1.5,N11W90,13386,Simultaneous flaring from AR13387. Main flaring AR is beyond limb.,2023-08-08T14:37Z,5,https://kauai.ccmc.gsfc.nasa.gov/DONKI/view/FLR/26403/-1,2023-08-07T22:09:00-SEP-001,2023-08-07T22:09:00.000-04:00,SEP
2023-08-07T20:30:00-FLR-001,M2M_CATALOG,[{'displayName': 'GOES-P: EXIS 1.0-8.0'}],2023-08-07T20:30Z,2023-08-07T20:46Z,2023-08-07T21:18Z,X1.5,N11W90,13386,Simultaneous flaring from AR13387. Main flaring AR is beyond limb.,2023-08-08T14:37Z,5,https://kauai.ccmc.gsfc.nasa.gov/DONKI/view/FLR/26403/-1,2023-08-07T22:19:00-SEP-001,2023-08-07T22:19:00.000-04:00,SEP
2023-08-07T20:30:00-FLR-001,M2M_CATALOG,[{'displayName': 'GOES-P: EXIS 1.0-8.0'}],2023-08-07T20:30Z,2023-08-07T20:46Z,2023-08-07T21:18Z,X1.5,N11W90,13386,Simultaneous flaring from AR13387. Main flaring AR is beyond limb.,2023-08-08T14:37Z,5,https://kauai.ccmc.gsfc.nasa.gov/DONKI/view/FLR/26403/-1,2023-08-08T01:00:00-SEP-001,2023-08-08T01:00:00.000-04:00,SEP
2023-08-07T20:30:00-FLR-001,M2M_CATALOG,[{'displayName': 'GOES-P: EXIS 1.0-8.0'}],2023-08-07T20:30Z,2023-08-07T20:46Z,2023-08-07T21:18Z,X1.5,N11W90,13386,Simultaneous flaring from AR13387. Main flaring AR is beyond limb.,2023-08-08T14:37Z,5,https://kauai.ccmc.gsfc.nasa.gov/DONKI/view/FLR/26403/-1,2023-08-08T01:48:00-SEP-001,2023-08-08T01:48:00.000-04:00,SEP
2023-08-07T20:30:00-FLR-001,M2M_CATALOG,[{'displayName': 'GOES-P: EXIS 1.0-8.0'}],2023-08-07T20:30Z,2023-08-07T20:46Z,2023-08-07T21:18Z,X1.5,N11W90,13386,Simultaneous flaring from AR13387. Main flaring AR is beyond limb.,2023-08-08T14:37Z,5,https://kauai.ccmc.gsfc.nasa.gov/DONKI/view/FLR/26403/-1,2023-08-08T01:59:00-SEP-001,2023-08-08T01:59:00.000-04:00,SEP
2023-08-07T20:30:00-FLR-001,M2M_CATALOG,[{'displayName': 'GOES-P: EXIS 1.0-8.0'}],2023-08-07T20:30Z,2023-08-07T20:46Z,2023-08-07T21:18Z,X1.5,N11W90,13386,Simultaneous flaring from AR13387. Main flaring AR is beyond limb.,2023-08-08T14:37Z,5,https://kauai.ccmc.gsfc.nasa.gov/DONKI/view/FLR/26403/-1,2023-08-08T04:26:00-SEP-001,2023-08-08T04:26:00.000-04:00,SEP
2023-08-10T02:26:00-FLR-001,M2M_CATALOG,[{'displayName': 'GOES-P: EXIS 1.0-8.0'}],2023-08-10T02:26Z,2023-08-10T02:42Z,2023-08-10T02:59Z,C5.4,S22W80,13398,,2023-08-10T13:29Z,1,https://kauai.ccmc.gsfc.nasa.gov/DONKI/view/FLR/26457/-1,2023-08-10T02:48:00-CME-001,2023-08-10T02:48:00.000-04:00,CME
2023-08-14T20:30:00-FLR-001,M2M_CATALOG,[{'displayName': 'GOES-P: EXIS 1.0-8.0'}],2023-08-14T20:30Z,2023-08-14T21:10Z,2023-08-14T21:38Z,C8.9,N11E88,13405,,2023-08-15T19:00Z,1,https://kauai.ccmc.gsfc.nasa.gov/DONKI/view/FLR/26515/-1,2023-08-14T20:48:00-CME-001,2023-08-14T20:48:00.000-04:00,CME
2023-08-17T02:19:00-FLR-001,M2M_CATALOG,[{'displayName': 'GOES-P: EXIS 1.0-8.0'}],2023-08-17T02:19Z,2023-08-17T02:46Z,2023-08-17T03:32Z,C3.6,S24W110,13394,"Source is believed to be AR 3394 which rotated off the Earth-facing disk on 2023-08-15. The exact source location is uncertain because it is beyond the west limb, AR 3394 is likely situated at this approximate coordinates. A type II radio burst and CME were associated with this event.",2023-08-17T12:55Z,1,https://kauai.ccmc.gsfc.nasa.gov/DONKI/view/FLR/26531/-1,2023-08-17T02:48:00-CME-001,2023-08-17T02:48:00.000-04:00,CME
2023-08-17T12:14:00-FLR-001,M2M_CATALOG,[{'displayName': 'GOES-P: EXIS 1.0-8.0'}],2023-08-17T12:14Z,2023-08-17T12:40Z,2023-08-17T13:06Z,C5.1,N19W80,13397,This flare is associated with a type II radio burst and CME.,2023-08-17T16:10Z,1,https://kauai.ccmc.gsfc.nasa.gov/DONKI/view/FLR/26538/-1,2023-08-17T12:48:00-CME-001,2023-08-17T12:48:00.000-04:00,CME
2023-08-17T17:16:00-FLR-001,M2M_CATALOG,[{'displayName': 'GOES-P: EXIS 1.0-8.0'}],2023-08-17T17:16Z,2023-08-17T17:29Z,2023-08-17T17:46Z,C2.2,N16W80,13397,,2023-08-18T15:36Z,1,https://kauai.ccmc.gsfc.nasa.gov/DONKI/view/FLR/26549/-1,2023-08-17T17:36:00-CME-001,2023-08-17T17:36:00.000-04:00,CME
2023-08-18T10:30:00-FLR-001,M2M_CATALOG,[{'displayName': 'GOES-P: EXIS 1.0-8.0'}],2023-08-18T10:30Z,2023-08-18T10:48Z,2023-08-18T11:08Z,C1.7,N20W36,13409,,2023-08-18T19:27Z,1,https://kauai.ccmc.gsfc.nasa.gov/DONKI/view/FLR/26553/-1,2023-08-18T11:36:00-CME-001,2023-08-18T11:36:00.000-04:00,CME
2023-08-18T19:09:00-FLR-001,M2M_CATALOG,[{'displayName': 'GOES-P: EXIS 1.0-8.0'}],2023-08-18T19:09Z,2023-08-18T19:30Z,2023-08-18T19:49Z,C3.7,N21W41,13409,,2023-08-19T16:50Z,1,https://kauai.ccmc.gsfc.nasa.gov/DONKI/view/FLR/26561/-1,2023-08-18T19:48:00-CME-001,2023-08-18T19:48:00.000-04:00,CME
2023-08-18T21:17:00-FLR-001,M2M_CATALOG,[{'displayName': 'GOES-P: EXIS 1.0-8.0'}],2023-08-18T21:17Z,2023-08-18T21:35Z,2023-08-18T21:58Z,C3.0,N21W42,13409,,2023-08-19T16:51Z,1,https://kauai.ccmc.gsfc.nasa.gov/DONKI/view/FLR/26562/-1,2023-08-18T22:00:00-CME-001,2023-08-18T22:00:00.000-04:00,CME
2023-08-21T12:18:00-FLR-001,M2M_CATALOG,[{'displayName': 'GOES-P: EXIS 1.0-8.0'}],2023-08-21T12:18Z,2023-08-21T12:38Z,2023-08-21T12:53Z,C3.1,N27W78,13403,,2023-08-21T20:00Z,1,https://kauai.ccmc.gsfc.nasa.gov/DONKI/view/FLR/26584/-1,2023-08-21T13:23:00-CME-001,2023-08-21T13:23:00.000-04:00,CME
2023-08-21T23:47:00-FLR-001,M2M_CATALOG,[{'displayName': 'GOES-P: EXIS 1.0-8.0'}],2023-08-21T23:47Z,2023-08-22T00:00Z,2023-08-22T00:07Z,C5.7,S09E90,13415,"Source location of the flare is approximate, as the active region was on/just behind the limb.",2023-08-23T14:59Z,1,https://kauai.ccmc.gsfc.nasa.gov/DONKI/view/FLR/26600/-1,2023-08-22T00:35:00-CME-001,2023-08-22T00:35:00.000-04:00,CME
2023-08-22T22:35:00-FLR-001,M2M_CATALOG,[{'displayName': 'GOES-P: EXIS 1.0-8.0'}],2023-08-22T22:35Z,2023-08-22T23:04Z,2023-08-22T23:38Z,M1.1,N09W28,13405,,2023-08-22T23:49Z,2,https://kauai.ccmc.gsfc.nasa.gov/DONKI/view/FLR/26595/-1,2023-08-22T23:29:00-CME-001,2023-08-22T23:29:00.000-04:00,CME
2023-08-24T19:23:00-FLR-001,M2M_CATALOG,[{'displayName': 'GOES-P: EXIS 1.0-8.0'}],2023-08-24T19:23Z,2023-08-24T19:31Z,2023-08-24T19:39Z,C1.5,N26W90,,"Flare beyond NW limb, likely associated with AR13403 (~N26W112).",2023-08-25T18:59Z,1,https://kauai.ccmc.gsfc.nasa.gov/DONKI/view/FLR/26633/-1,2023-08-24T20:00:00-CME-001,2023-08-24T20:00:00.000-04:00,CME
2023-08-24T19:39:00-FLR-001,M2M_CATALOG,[{'displayName': 'GOES-P: EXIS 1.0-8.0'}],2023-08-24T19:39Z,2023-08-24T20:41Z,2023-08-24T20:45Z,C3.0,N26W90,,"Flare beyond NW limb, likely associated with AR13403 (~N26W112). This flare entry includes multiple minor fluctuations (<.10) in the x-ray flux.",2023-08-25T19:07Z,1,https://kauai.ccmc.gsfc.nasa.gov/DONKI/view/FLR/26635/-1,2023-08-24T20:00:00-CME-001,2023-08-24T20:00:00.000-04:00,CME
2023-08-25T00:56:00-FLR-001,M2M_CATALOG,[{'displayName': 'GOES-P: EXIS 1.0-8.0'}],2023-08-25T00:56Z,2023-08-25T01:09Z,2023-08-25T01:26Z,M1.4,S12E50,13415,Flare observed on the SE portion of the Earth-facing disk.,2023-08-30T20:46Z,2,https://kauai.ccmc.gsfc.nasa.gov/DONKI/view/FLR/26619/-1,2023-08-25T02:48:00-CME-001,2023-08-25T02:48:00.000-04:00,CME
2023-08-25T11:04:00-FLR-001,M2M_CATALOG,[{'displayName': 'GOES-P: EXIS 1.0-8.0'}],2023-08-25T11:04Z,2023-08-25T11:07Z,2023-08-25T11:09Z,B7.6,N09W67,13405,"Small flare on the NW portion of the disk best seen in SDO AIA 131/304, associated with some filament ejecta seen in SDO AIA 304.",2023-08-25T19:03Z,1,https://kauai.ccmc.gsfc.nasa.gov/DONKI/view/FLR/26634/-1,2023-08-25T11:12:00-CME-001,2023-08-25T11:12:00.000-04:00,CME
2023-08-25T11:11:00-FLR-001,M2M_CATALOG,[{'displayName': 'GOES-P: EXIS 1.0-8.0'}],2023-08-25T11:11Z,2023-08-25T11:17Z,2023-08-25T11:24Z,C1.2,N09W67,13405,"Small flare on the NW portion of the disk best seen in SDO AIA 131/304, associated with some filament ejecta seen in SDO AIA 304.",2023-08-25T18:58Z,1,https://kauai.ccmc.gsfc.nasa.gov/DONKI/view/FLR/26632/-1,2023-08-25T11:48:00-CME-001,2023-08-25T11:48:00.000-04:00,CME
2023-08-26T12:44:00-FLR-001,M2M_CATALOG,[{'displayName': 'GOES-P: EXIS 1.0-8.0'}],2023-08-26T12:44Z,2023-08-26T13:02Z,2023-08-26T13:26Z,C1.9,N10W73,13405,,2023-08-26T19:03Z,1,https://kauai.ccmc.gsfc.nasa.gov/DONKI/view/FLR/26640/-1,2023-08-26T13:23:00-CME-001,2023-08-26T13:23:00.000-04:00,CME
2023-08-26T22:05:00-FLR-001,M2M_CATALOG,[{'displayName': 'GOES-P: EXIS 1.0-8.0'}],2023-08-26T22:05Z,2023-08-26T22:50Z,2023-08-26T23:42Z,M1.1,S05E90,13417,"At the time of the flare, the associated Active Region was on the east limb and therefore unnumbered. This region has since been numbered as Active Region 13417.",2023-08-29T19:05Z,2,https://kauai.ccmc.gsfc.nasa.gov/DONKI/view/FLR/26644/-1,2023-08-26T22:36:00-CME-001,2023-08-26T22:36:00.000-04:00,CME
2023-08-31T04:51:00-FLR-001,M2M_CATALOG,[{'displayName': 'GOES-P: EXIS 1.0-8.0'}],2023-08-31T04:51Z,2023-08-31T06:13Z,2023-08-31T07:30Z,C2.4,N17W49,,,2023-08-31T19:22Z,1,https://kauai.ccmc.gsfc.nasa.gov/DONKI/view/FLR/26691/-1,2023-08-31T05:12:00-CME-001,2023-08-31T05:12:00.000-04:00,CME
2023-09-01T03:26:00-FLR-001,M2M_CATALOG,[{'displayName': 'GOES-P: EXIS 1.0-8.0'}],2023-09-01T03:26Z,2023-09-01T03:52Z,2023-09-01T04:06Z,M1.2,N09W70,13413,,2023-09-01T04:26Z,3,https://kauai.ccmc.gsfc.nasa.gov/DONKI/view/FLR/26695/-1,2023-09-01T03:24:00-CME-001,2023-09-01T03:24:00.000-04:00,CME
2023-09-01T03:26:00-FLR-001,M2M_CATALOG,[{'displayName': 'GOES-P: EXIS 1.0-8.0'}],2023-09-01T03:26Z,2023-09-01T03:52Z,2023-09-01T04:06Z,M1.2,N09W70,13413,,2023-09-01T04:26Z,3,https://kauai.ccmc.gsfc.nasa.gov/DONKI/view/FLR/26695/-1,2023-09-01T04:34:00-SEP-002,2023-09-01T04:34:00.000-04:00,SEP
2023-09-01T03:26:00-FLR-001,M2M_CATALOG,[{'displayName': 'GOES-P: EXIS 1.0-8.0'}],2023-09-01T03:26Z,2023-09-01T03:52Z,2023-09-01T04:06Z,M1.2,N09W70,13413,,2023-09-01T04:26Z,3,https://kauai.ccmc.gsfc.nasa.gov/DONKI/view/FLR/26695/-1,2023-09-01T04:30:00-SEP-001,2023-09-01T04:30:00.000-04:00,SEP
2023-09-01T03:26:00-FLR-001,M2M_CATALOG,[{'displayName': 'GOES-P: EXIS 1.0-8.0'}],2023-09-01T03:26Z,2023-09-01T03:52Z,2023-09-01T04:06Z,M1.2,N09W70,13413,,2023-09-01T04:26Z,3,https://kauai.ccmc.gsfc.nasa.gov/DONKI/view/FLR/26695/-1,2023-09-01T04:34:00-SEP-001,2023-09-01T04:34:00.000-04:00,SEP
2023-09-01T03:26:00-FLR-001,M2M_CATALOG,[{'displayName': 'GOES-P: EXIS 1.0-8.0'}],2023-09-01T03:26Z,2023-09-01T03:52Z,2023-09-01T04:06Z,M1.2,N09W70,13413,,2023-09-01T04:26Z,3,https://kauai.ccmc.gsfc.nasa.gov/DONKI/view/FLR/26695/-1,2023-09-01T04:34:00-SEP-003,2023-09-01T04:34:00.000-04:00,SEP
2023-09-01T03:26:00-FLR-001,M2M_CATALOG,[{'displayName': 'GOES-P: EXIS 1.0-8.0'}],2023-09-01T03:26Z,2023-09-01T03:52Z,2023-09-01T04:06Z,M1.2,N09W70,13413,,2023-09-01T04:26Z,3,https://kauai.ccmc.gsfc.nasa.gov/DONKI/view/FLR/26695/-1,2023-09-01T04:49:00-SEP-001,2023-09-01T04:49:00.000-04:00,SEP
2023-09-01T03:26:00-FLR-001,M2M_CATALOG,[{'displayName': 'GOES-P: EXIS 1.0-8.0'}],2023-09-01T03:26Z,2023-09-01T03:52Z,2023-09-01T04:06Z,M1.2,N09W70,13413,,2023-09-01T04:26Z,3,https://kauai.ccmc.gsfc.nasa.gov/DONKI/view/FLR/26695/-1,2023-09-01T04:49:00-SEP-002,2023-09-01T04:49:00.000-04:00,SEP
2023-09-01T03:26:00-FLR-001,M2M_CATALOG,[{'displayName': 'GOES-P: EXIS 1.0-8.0'}],2023-09-01T03:26Z,2023-09-01T03:52Z,2023-09-01T04:06Z,M1.2,N09W70,13413,,2023-09-01T04:26Z,3,https://kauai.ccmc.gsfc.nasa.gov/DONKI/view/FLR/26695/-1,2023-09-01T05:05:00-SEP-001,2023-09-01T05:05:00.000-04:00,SEP
2023-09-01T03:26:00-FLR-001,M2M_CATALOG,[{'displayName': 'GOES-P: EXIS 1.0-8.0'}],2023-09-01T03:26Z,2023-09-01T03:52Z,2023-09-01T04:06Z,M1.2,N09W70,13413,,2023-09-01T04:26Z,3,https://kauai.ccmc.gsfc.nasa.gov/DONKI/view/FLR/26695/-1,2023-09-01T05:05:00-SEP-002,2023-09-01T05:05:00.000-04:00,SEP
2023-09-01T21:48:00-FLR-001,M2M_CATALOG,[{'displayName': 'GOES-P: EXIS 1.0-8.0'}],2023-09-01T21:48Z,2023-09-01T22:24Z,2023-09-01T22:33Z,C7.3,S21E44,13420,AR was not numbered at time of flare.,2023-09-05T15:19Z,2,https://kauai.ccmc.gsfc.nasa.gov/DONKI/view/FLR/26733/-1,2023-09-01T23:12:00-CME-001,2023-09-01T23:12:00.000-04:00,CME
2023-09-02T06:33:00-FLR-001,M2M_CATALOG,[{'displayName': 'GOES-P: EXIS 1.0-8.0'}],2023-09-02T06:33Z,2023-09-02T07:12Z,2023-09-02T07:38Z,M3.3,N06W89,13413,,2023-09-02T11:50Z,2,https://kauai.ccmc.gsfc.nasa.gov/DONKI/view/FLR/26727/-1,2023-09-02T07:12:00-CME-001,2023-09-02T07:12:00.000-04:00,CME
2023-09-03T00:14:00-FLR-001,M2M_CATALOG,[{'displayName': 'GOES-P: EXIS 1.0-8.0'}],2023-09-03T00:14Z,2023-09-03T00:23Z,2023-09-03T00:33Z,M1.1,N12W90,13413,,2023-09-03T12:22Z,1,https://kauai.ccmc.gsfc.nasa.gov/DONKI/view/FLR/26751/-1,2023-09-03T00:36:00-CME-001,2023-09-03T00:36:00.000-04:00,CME
2023-09-03T04:00:00-FLR-001,M2M_CATALOG,[{'displayName': 'GOES-P: EXIS 1.0-8.0'}],2023-09-03T04:00Z,2023-09-03T04:10Z,2023-09-03T04:14Z,C1.8,N10W90,13413,Eruption likely occurs beyond NW limb between W90 to W95.,2023-09-04T01:24Z,1,https://kauai.ccmc.gsfc.nasa.gov/DONKI/view/FLR/26783/-1,2023-09-03T04:36:00-CME-001,2023-09-03T04:36:00.000-04:00,CME
2023-09-03T05:18:00-FLR-001,M2M_CATALOG,[{'displayName': 'GOES-P: EXIS 1.0-8.0'}],2023-09-03T05:18Z,2023-09-03T06:23Z,2023-09-03T07:12Z,C5.9,N15W90,13413,"This solar flare occurs within post-eruptive arcades beyond the western limb, likely associated with AR13413.",2023-09-03T16:41Z,1,https://kauai.ccmc.gsfc.nasa.gov/DONKI/view/FLR/26759/-1,2023-09-03T05:24:00-CME-001,2023-09-03T05:24:00.000-04:00,CME
2023-09-03T08:09:00-FLR-001,M2M_CATALOG,[{'displayName': 'GOES-P: EXIS 1.0-8.0'}],2023-09-03T08:09Z,2023-09-03T08:36Z,2023-09-03T08:49Z,M6.0,N12W90,13413,"Flare originated beyond the western limb, likely around N12W95. Limited stereoscopic viewpoints prevent from seeing the foot point of the flaring region.",2023-09-03T12:09Z,2,https://kauai.ccmc.gsfc.nasa.gov/DONKI/view/FLR/26748/-1,2023-09-03T09:12:00-CME-001,2023-09-03T09:12:00.000-04:00,CME
2023-09-03T11:31:00-FLR-001,M2M_CATALOG,[{'displayName': 'GOES-P: EXIS 1.0-8.0'}],2023-09-03T11:31Z,2023-09-03T11:45Z,2023-09-03T12:03Z,C5.0,N09W90,13413,Flare likely occurred beyond the western limb (90+ degrees).,2023-09-03T18:02Z,1,https://kauai.ccmc.gsfc.nasa.gov/DONKI/view/FLR/26764/-1,2023-09-03T12:48:00-CME-001,2023-09-03T12:48:00.000-04:00,CME
2023-09-03T12:03:00-FLR-001,M2M_CATALOG,[{'displayName': 'GOES-P: EXIS 1.0-8.0'}],2023-09-03T12:03Z,2023-09-03T12:28Z,2023-09-03T12:52Z,C5.7,N09W90,13413,Flare likely occurred beyond the western limb (90+ degrees).,2023-09-03T18:04Z,1,https://kauai.ccmc.gsfc.nasa.gov/DONKI/view/FLR/26765/-1,2023-09-03T12:48:00-CME-001,2023-09-03T12:48:00.000-04:00,CME
2023-09-04T13:34:00-FLR-001,M2M_CATALOG,[{'displayName': 'GOES-P: EXIS 1.0-8.0'}],2023-09-04T13:34Z,2023-09-04T13:49Z,2023-09-04T14:04Z,C2.4,S22E70,,,2023-09-04T19:06Z,1,https://kauai.ccmc.gsfc.nasa.gov/DONKI/view/FLR/26786/-1,2023-09-04T14:09:00-CME-001,2023-09-04T14:09:00.000-04:00,CME
2023-09-07T18:58:00-FLR-001,M2M_CATALOG,[{'displayName': 'GOES-P: EXIS 1.0-8.0'}],2023-09-07T18:58Z,2023-09-07T19:09Z,2023-09-07T19:24Z,M2.1,N20E55,13425,"This flare is located on top of a filament, which is between two active regions: AR 13424 (N17E50) and AR 13425 (N23E59).",2023-09-11T14:12Z,3,https://kauai.ccmc.gsfc.nasa.gov/DONKI/view/FLR/26821/-1,2023-09-07T19:24:00-CME-001,2023-09-07T19:24:00.000-04:00,CME
2023-09-11T01:08:00-FLR-001,M2M_CATALOG,[{'displayName': 'GOES-P: EXIS 1.0-8.0'}],2023-09-11T01:08Z,2023-09-11T01:28Z,2023-09-11T01:57Z,M1.3,N10E63,13429,,2023-09-11T18:11Z,2,https://kauai.ccmc.gsfc.nasa.gov/DONKI/view/FLR/26852/-1,2023-09-11T01:48:00-CME-001,2023-09-11T01:48:00.000-04:00,CME
2023-09-11T03:58:00-FLR-001,M2M_CATALOG,[{'displayName': 'GOES-P: EXIS 1.0-8.0'}],2023-09-11T03:58Z,2023-09-11T04:07Z,2023-09-11T04:15Z,M1.1,S08E58,13431,,2023-09-11T11:56Z,1,https://kauai.ccmc.gsfc.nasa.gov/DONKI/view/FLR/26853/-1,2023-09-11T05:00:00-CME-001,2023-09-11T05:00:00.000-04:00,CME
2023-09-14T21:17:00-FLR-001,M2M_CATALOG,[{'displayName': 'GOES-P: EXIS 1.0-8.0'}],2023-09-14T21:17Z,2023-09-14T21:26Z,2023-09-14T21:32Z,M2.5,N10E06,13429,,2023-09-15T13:01Z,2,https://kauai.ccmc.gsfc.nasa.gov/DONKI/view/FLR/26929/-1,2023-09-14T23:12:00-CME-001,2023-09-14T23:12:00.000-04:00,CME
2023-09-19T03:45:00-FLR-001,M2M_CATALOG,[{'displayName': 'GOES-P: EXIS 1.0-8.0'}],2023-09-19T03:45Z,2023-09-19T03:55Z,2023-09-19T04:01Z,M1.1,N07E54,13435,,2023-09-19T12:13Z,1,https://kauai.ccmc.gsfc.nasa.gov/DONKI/view/FLR/26990/-1,2023-09-19T04:36:00-CME-001,2023-09-19T04:36:00.000-04:00,CME
2023-09-19T09:23:00-FLR-001,M2M_CATALOG,[{'displayName': 'GOES-P: EXIS 1.0-8.0'}],2023-09-19T09:23Z,2023-09-19T09:38Z,2023-09-19T09:44Z,M1.8,N07E50,13435,,2023-09-19T12:28Z,2,https://kauai.ccmc.gsfc.nasa.gov/DONKI/view/FLR/26991/-1,2023-09-19T10:12:00-CME-001,2023-09-19T10:12:00.000-04:00,CME
2023-09-19T15:39:00-FLR-001,M2M_CATALOG,[{'displayName': 'GOES-P: EXIS 1.0-8.0'}],2023-09-19T15:39Z,2023-09-19T15:52Z,2023-09-19T16:08Z,C4.2,N20W48,13436,,2023-09-20T15:54Z,1,https://kauai.ccmc.gsfc.nasa.gov/DONKI/view/FLR/27017/-1,2023-09-19T16:24:00-CME-001,2023-09-19T16:24:00.000-04:00,CME
2023-09-19T20:01:00-FLR-001,M2M_CATALOG,[{'displayName': 'GOES-P: EXIS 1.0-8.0'}],2023-09-19T20:01Z,2023-09-19T20:14Z,2023-09-19T20:21Z,M4.0,N07E45,13435,,2023-09-20T11:21Z,1,https://kauai.ccmc.gsfc.nasa.gov/DONKI/view/FLR/27003/-1,2023-09-19T20:36:00-CME-001,2023-09-19T20:36:00.000-04:00,CME
2023-09-20T14:11:00-FLR-001,M2M_CATALOG,[{'displayName': 'GOES-P: EXIS 1.0-8.0'}],2023-09-20T14:11Z,2023-09-20T14:19Z,2023-09-20T14:25Z,M8.2,N07E35,13435,,2023-09-20T14:35Z,2,https://kauai.ccmc.gsfc.nasa.gov/DONKI/view/FLR/27011/-1,2023-09-20T15:05:00-CME-001,2023-09-20T15:05:00.000-04:00,CME
2023-09-21T12:42:00-FLR-001,M2M_CATALOG,[{'displayName': 'GOES-P: EXIS 1.0-8.0'}],2023-09-21T12:42Z,2023-09-21T12:54Z,2023-09-21T13:02Z,M8.7,N08E22,13435,,2023-09-21T13:14Z,3,https://kauai.ccmc.gsfc.nasa.gov/DONKI/view/FLR/27030/-1,2023-09-21T13:38:00-CME-001,2023-09-21T13:38:00.000-04:00,CME
2023-09-22T15:53:00-FLR-001,M2M_CATALOG,[{'displayName': 'GOES-P: EXIS 1.0-8.0'}],2023-09-22T15:53Z,2023-09-22T16:23Z,2023-09-22T16:46Z,M1.4,N27W35,13443,,2023-09-22T16:56Z,2,https://kauai.ccmc.gsfc.nasa.gov/DONKI/view/FLR/27056/-1,2023-09-22T17:12:00-CME-001,2023-09-22T17:12:00.000-04:00,CME
2023-09-22T22:25:00-FLR-001,M2M_CATALOG,[{'displayName': 'GOES-P: EXIS 1.0-8.0'}],2023-09-22T22:25Z,2023-09-22T23:00Z,2023-09-22T23:13Z,M1.9,N08E03,13435,Simultaneous flaring from AR13443 (N28W40) and AR13445 (S17E35).,2023-09-22T23:48Z,1,https://kauai.ccmc.gsfc.nasa.gov/DONKI/view/FLR/27068/-1,2023-09-22T22:24:00-CME-001,2023-09-22T22:24:00.000-04:00,CME
2023-09-30T03:57:00-FLR-001,M2M_CATALOG,[{'displayName': 'GOES-P: EXIS 1.0-8.0'}],2023-09-30T03:57Z,2023-09-30T04:09Z,2023-09-30T04:34Z,C7.2,N15E73,13451,,2023-09-30T14:42Z,1,https://kauai.ccmc.gsfc.nasa.gov/DONKI/view/FLR/27148/-1,2023-09-30T04:44:00-CME-001,2023-09-30T04:44:00.000-04:00,CME
2023-09-30T16:16:00-FLR-001,M2M_CATALOG,[{'displayName': 'GOES-P: EXIS 1.0-8.0'}],2023-09-30T16:16Z,2023-09-30T16:32Z,2023-09-30T16:49Z,M1.2,N11E65,13451,,2023-09-30T17:00Z,2,https://kauai.ccmc.gsfc.nasa.gov/DONKI/view/FLR/27149/-1,2023-09-30T16:52:00-CME-001,2023-09-30T16:52:00.000-04:00,CME
2023-10-02T15:53:00-FLR-001,M2M_CATALOG,[{'displayName': 'GOES-P: EXIS 1.0-8.0'}],2023-10-02T15:53Z,2023-10-02T15:58Z,2023-10-02T16:02Z,C2.4,S17E02,13450,,2023-10-03T17:19Z,1,https://kauai.ccmc.gsfc.nasa.gov/DONKI/view/FLR/27168/-1,2023-10-02T18:24:00-CME-001,2023-10-02T18:24:00.000-04:00,CME
2023-10-12T05:56:00-FLR-001,M2M_CATALOG,[{'displayName': 'GOES-P: EXIS 1.0-8.0'}],2023-10-12T05:56Z,2023-10-12T06:00Z,2023-10-12T06:11Z,C2.8,N05E45,13464,"Double peaked flare, with second peak at 2023-10-12T06:04Z.",2023-10-12T17:19Z,1,https://kauai.ccmc.gsfc.nasa.gov/DONKI/view/FLR/27270/-1,2023-10-12T07:36:00-CME-001,2023-10-12T07:36:00.000-04:00,CME
2023-10-16T10:32:00-FLR-001,M2M_CATALOG,[{'displayName': 'GOES-P: EXIS 1.0-8.0'}],2023-10-16T10:32Z,2023-10-16T10:51Z,2023-10-16T11:07Z,C7.5,N13E47,13467,Shortly followed by a C4.9 class flare from the same AR. Associated with an eruption and CME with ID 2023-10-16T12:09:00-CME-001.,2023-10-16T16:30Z,2,https://kauai.ccmc.gsfc.nasa.gov/DONKI/view/FLR/27323/-1,2023-10-16T12:09:00-CME-001,2023-10-16T12:09:00.000-04:00,CME
2023-10-17T04:41:00-FLR-001,M2M_CATALOG,[{'displayName': 'GOES-P: EXIS 1.0-8.0'}],2023-10-17T04:41Z,2023-10-17T05:05Z,2023-10-17T05:47Z,C2.2,S20W32,13463,,2023-10-17T17:19Z,1,https://kauai.ccmc.gsfc.nasa.gov/DONKI/view/FLR/27331/-1,2023-10-17T05:48:00-CME-001,2023-10-17T05:48:00.000-04:00,CME
2023-10-25T12:55:00-FLR-001,M2M_CATALOG,[{'displayName': 'GOES-P: EXIS 1.0-8.0'}],2023-10-25T12:55Z,2023-10-25T13:06Z,2023-10-25T13:17Z,C1.7,S17E80,13474,"Likely from AR 3474, numbered on 2023-10-27.",2023-10-31T13:41Z,4,https://kauai.ccmc.gsfc.nasa.gov/DONKI/view/FLR/27473/-1,2023-10-25T14:01:00-CME-001,2023-10-25T14:01:00.000-04:00,CME
2023-10-25T21:57:00-FLR-001,M2M_CATALOG,[{'displayName': 'GOES-P: EXIS 1.0-8.0'}],2023-10-25T21:57Z,2023-10-25T22:15Z,2023-10-25T22:33Z,C1.6,N27W90,,"Likely in the range of N27W100 in association with the position of old AR 3469 at this timestamp, which is over the west limb but the flare is visible.",2023-10-26T20:34Z,1,https://kauai.ccmc.gsfc.nasa.gov/DONKI/view/FLR/27476/-1,2023-10-25T22:36:00-CME-001,2023-10-25T22:36:00.000-04:00,CME
2023-10-26T22:47:00-FLR-001,M2M_CATALOG,[{'displayName': 'GOES-P: EXIS 1.0-8.0'}],2023-10-26T22:47Z,2023-10-26T23:24Z,2023-10-27T00:20Z,M1.4,N20E90,,"Based on SDO AIA imagery, this flare appears to be located near the east limb, east of AR 3473 which was numbered on 2023-10-26. There was some flaring near AR 3473 at the time of this flare.",2023-10-31T13:44Z,3,https://kauai.ccmc.gsfc.nasa.gov/DONKI/view/FLR/27481/-1,2023-10-26T23:14:00-CME-001,2023-10-26T23:14:00.000-04:00,CME
2023-10-31T20:16:00-FLR-001,M2M_CATALOG,[{'displayName': 'GOES-P: EXIS 1.0-8.0'}],2023-10-31T20:16Z,2023-10-31T20:24Z,2023-10-31T20:29Z,C3.9,S14E85,13477,"Simultaneous flaring/brightening occurs from an eruption near the limb centered around S09E90, which was associated with CME: 2023-10-31T21:12Z.",2023-11-01T15:49Z,1,https://kauai.ccmc.gsfc.nasa.gov/DONKI/view/FLR/27535/-1,2023-10-31T21:12:00-CME-001,2023-10-31T21:12:00.000-04:00,CME
2023-11-01T11:37:00-FLR-001,M2M_CATALOG,[{'displayName': 'GOES-P: EXIS 1.0-8.0'}],2023-11-01T11:37Z,2023-11-01T12:26Z,2023-11-01T13:00Z,M1.4,S10E90,13480,This flare occurred from a region just beyond the limb which was unnumbered at the time. As this region rotated onto the Earth-facing disk it was likely numbered as Active Region 13480.,2023-11-03T16:17Z,3,https://kauai.ccmc.gsfc.nasa.gov/DONKI/view/FLR/27529/-1,2023-11-01T13:25:00-CME-001,2023-11-01T13:25:00.000-04:00,CME
2023-11-02T05:15:00-FLR-001,M2M_CATALOG,[{'displayName': 'GOES-P: EXIS 1.0-8.0'}],2023-11-02T05:15Z,2023-11-02T05:22Z,2023-11-02T05:29Z,C4.9,S10E90,,This solar flare occurred from an unnumbered region near the eastern limb.,2023-11-02T16:47Z,1,https://kauai.ccmc.gsfc.nasa.gov/DONKI/view/FLR/27558/-1,2023-11-02T06:00:00-CME-001,2023-11-02T06:00:00.000-04:00,CME
2023-11-02T19:08:00-FLR-001,M2M_CATALOG,[{'displayName': 'GOES-P: EXIS 1.0-8.0'}],2023-11-02T19:08Z,2023-11-02T19:21Z,2023-11-02T19:28Z,M1.0,S10E85,13480,,2023-11-03T18:57Z,4,https://kauai.ccmc.gsfc.nasa.gov/DONKI/view/FLR/27559/-1,2023-11-02T19:48:00-CME-001,2023-11-02T19:48:00.000-04:00,CME
2023-11-03T04:40:00-FLR-001,M2M_CATALOG,[{'displayName': 'GOES-P: EXIS 1.0-8.0'}],2023-11-03T04:40Z,2023-11-03T06:17Z,2023-11-03T07:00Z,C3.2,N30W30,,,2023-11-03T18:44Z,1,https://kauai.ccmc.gsfc.nasa.gov/DONKI/view/FLR/27572/-1,2023-11-03T05:48:00-CME-001,2023-11-03T05:48:00.000-04:00,CME
2023-11-09T10:53:00-FLR-001,M2M_CATALOG,[{'displayName': 'GOES-P: EXIS 1.0-8.0'}],2023-11-09T10:53Z,2023-11-09T11:18Z,2023-11-09T12:01Z,C2.6,S11W05,13480,Associated with eruption characterized by dimming and halo CME.,2023-11-09T14:46Z,1,https://kauai.ccmc.gsfc.nasa.gov/DONKI/view/FLR/27657/-1,2023-11-09T12:23:00-CME-001,2023-11-09T12:23:00.000-05:00,CME
2023-11-14T03:40:00-FLR-001,M2M_CATALOG,[{'displayName': 'GOES-P: EXIS 1.0-8.0'}],2023-11-14T03:40Z,2023-11-14T03:45Z,2023-11-14T04:03Z,C1.8,S20W65,13485,,2023-11-14T14:49Z,1,https://kauai.ccmc.gsfc.nasa.gov/DONKI/view/FLR/27690/-1,2023-11-14T04:00:00-CME-001,2023-11-14T04:00:00.000-05:00,CME
2023-11-14T22:58:00-FLR-001,M2M_CATALOG,[{'displayName': 'GOES-P: EXIS 1.0-8.0'}],2023-11-14T22:58Z,2023-11-14T23:05Z,2023-11-14T23:09Z,M1.0,S17W75,13485,,2023-11-15T17:56Z,2,https://kauai.ccmc.gsfc.nasa.gov/DONKI/view/FLR/27698/-1,2023-11-14T23:24:00-CME-001,2023-11-14T23:24:00.000-05:00,CME
2023-11-15T03:55:00-FLR-001,M2M_CATALOG,[{'displayName': 'GOES-P: EXIS 1.0-8.0'}],2023-11-15T03:55Z,2023-11-15T04:01Z,2023-11-15T04:06Z,C8.3,S20W80,13485,,2023-11-15T19:03Z,1,https://kauai.ccmc.gsfc.nasa.gov/DONKI/view/FLR/27714/-1,2023-11-15T04:24:00-CME-001,2023-11-15T04:24:00.000-05:00,CME
2023-11-15T12:05:00-FLR-001,M2M_CATALOG,[{'displayName': 'GOES-P: EXIS 1.0-8.0'}],2023-11-15T12:05Z,2023-11-15T12:12Z,2023-11-15T12:18Z,C7.6,S20W95,13485,,2023-11-15T19:16Z,1,https://kauai.ccmc.gsfc.nasa.gov/DONKI/view/FLR/27717/-1,2023-11-15T12:36:00-CME-001,2023-11-15T12:36:00.000-05:00,CME
2023-11-16T20:03:00-FLR-001,M2M_CATALOG,[{'displayName': 'GOES-P: EXIS 1.0-8.0'}],2023-11-16T20:03Z,2023-11-16T20:22Z,2023-11-16T20:53Z,C4.8,S15E88,,,2023-11-17T19:41Z,1,https://kauai.ccmc.gsfc.nasa.gov/DONKI/view/FLR/27741/-1,2023-11-16T22:00:00-CME-001,2023-11-16T22:00:00.000-05:00,CME
2023-11-22T18:58:00-FLR-001,M2M_CATALOG,[{'displayName': 'GOES-P: EXIS 1.0-8.0'}],2023-11-22T18:58Z,2023-11-22T19:02Z,2023-11-22T19:25Z,C4.1,S15E07,13489,,2023-11-23T18:01Z,1,https://kauai.ccmc.gsfc.nasa.gov/DONKI/view/FLR/27833/-1,2023-11-22T21:36:00-CME-001,2023-11-22T21:36:00.000-05:00,CME
2023-11-23T02:59:00-FLR-001,M2M_CATALOG,[{'displayName': 'GOES-P: EXIS 1.0-8.0'}],2023-11-23T02:59Z,2023-11-23T03:38Z,2023-11-23T04:05Z,M1.4,N25E110,13503,"This flare was due to post-eruptive arcades seen beyond the northeast limb. Flare spanned an apparent latitude of about N20-N30, and the eruption is approximated to be at a longitude of about E100-120. This flare may be associated with AR 3503, which was numbered on 2023-11-25.",2023-11-28T15:00Z,2,https://kauai.ccmc.gsfc.nasa.gov/DONKI/view/FLR/27827/-1,2023-11-23T03:12:00-CME-001,2023-11-23T03:12:00.000-05:00,CME
2023-11-24T09:17:00-FLR-001,M2M_CATALOG,[{'displayName': 'GOES-P: EXIS 1.0-8.0'}],2023-11-24T09:17Z,2023-11-24T09:33Z,2023-11-24T09:43Z,M1.1,S18W02,13499,,2023-11-24T15:24Z,1,https://kauai.ccmc.gsfc.nasa.gov/DONKI/view/FLR/27851/-1,2023-11-24T10:12:00-CME-001,2023-11-24T10:12:00.000-05:00,CME
2023-11-26T07:38:00-FLR-001,M2M_CATALOG,[{'displayName': 'GOES-P: EXIS 1.0-8.0'}],2023-11-26T07:38Z,2023-11-26T07:43Z,2023-11-26T07:51Z,C3.6,N20W18,13490,,2023-11-26T17:53Z,1,https://kauai.ccmc.gsfc.nasa.gov/DONKI/view/FLR/27887/-1,2023-11-26T08:36:00-CME-001,2023-11-26T08:36:00.000-05:00,CME
2023-11-27T18:21:00-FLR-001,M2M_CATALOG,[{'displayName': 'GOES-P: EXIS 1.0-8.0'}],2023-11-27T18:21Z,2023-11-27T18:37Z,2023-11-27T18:40Z,C3.8,N20E15,,Flare from an unnumbered region of enhanced flux around N20E15. This flare is immediately followed by a C6.7 class flare peaking at 2023-11-27T18:52Z from AR 3500 (approx. S19E15),2023-11-28T03:48Z,1,https://kauai.ccmc.gsfc.nasa.gov/DONKI/view/FLR/27900/-1,2023-11-27T20:12:00-CME-001,2023-11-27T20:12:00.000-05:00,CME
2023-11-27T23:13:00-FLR-001,M2M_CATALOG,[{'displayName': 'GOES-P: EXIS 1.0-8.0'}],2023-11-27T23:13Z,2023-11-27T23:40Z,2023-11-28T00:26Z,C5.5,N26E40,,,2023-11-28T21:53Z,1,https://kauai.ccmc.gsfc.nasa.gov/DONKI/view/FLR/27914/-1,2023-11-27T23:48:00-CME-001,2023-11-27T23:48:00.000-05:00,CME
2023-11-28T19:07:00-FLR-001,M2M_CATALOG,[{'displayName': 'GOES-P: EXIS 1.0-8.0'}],2023-11-28T19:07Z,2023-11-28T19:32Z,2023-11-28T19:35Z,M3.4,S16W02,13500,,2023-11-28T19:51Z,3,https://kauai.ccmc.gsfc.nasa.gov/DONKI/view/FLR/27904/-1,2023-11-28T20:24:00-CME-001,2023-11-28T20:24:00.000-05:00,CME
2023-11-28T19:07:00-FLR-001,M2M_CATALOG,[{'displayName': 'GOES-P: EXIS 1.0-8.0'}],2023-11-28T19:07Z,2023-11-28T19:32Z,2023-11-28T19:35Z,M3.4,S16W02,13500,,2023-11-28T19:51Z,3,https://kauai.ccmc.gsfc.nasa.gov/DONKI/view/FLR/27904/-1,2023-11-28T20:48:00-CME-001,2023-11-28T20:48:00.000-05:00,CME
2023-11-28T19:35:00-FLR-001,M2M_CATALOG,[{'displayName': 'GOES-P: EXIS 1.0-8.0'}],2023-11-28T19:35Z,2023-11-28T19:50Z,2023-11-28T20:09Z,M9.8,S16W03,13500,,2023-11-28T20:13Z,3,https://kauai.ccmc.gsfc.nasa.gov/DONKI/view/FLR/27908/-1,2023-11-28T20:24:00-CME-001,2023-11-28T20:24:00.000-05:00,CME
2023-11-28T19:35:00-FLR-001,M2M_CATALOG,[{'displayName': 'GOES-P: EXIS 1.0-8.0'}],2023-11-28T19:35Z,2023-11-28T19:50Z,2023-11-28T20:09Z,M9.8,S16W03,13500,,2023-11-28T20:13Z,3,https://kauai.ccmc.gsfc.nasa.gov/DONKI/view/FLR/27908/-1,2023-11-28T20:48:00-CME-001,2023-11-28T20:48:00.000-05:00,CME
2023-11-30T22:37:00-FLR-001,M2M_CATALOG,[{'displayName': 'GOES-P: EXIS 1.0-8.0'}],2023-11-30T22:37Z,2023-11-30T22:48Z,2023-11-30T22:56Z,C3.6,S17W90,13499,"This flare occurs near the western limb so it is difficult to determine a precise longitude, but it likely occurs near or from Active Region 13499.",2023-12-01T16:51Z,1,https://kauai.ccmc.gsfc.nasa.gov/DONKI/view/FLR/27955/-1,2023-11-30T23:12:00-CME-001,2023-11-30T23:12:00.000-05:00,CME
2023-12-01T02:52:00-FLR-001,M2M_CATALOG,[{'displayName': 'GOES-P: EXIS 1.0-8.0'}],2023-12-01T02:52Z,2023-12-01T03:11Z,2023-12-01T03:24Z,C4.8,N18W90,,"This flare occurred near the NW limb and is possibly associated with Active Region 13492, 13497 or a region just on/beyond the western limb.",2023-12-01T17:03Z,1,https://kauai.ccmc.gsfc.nasa.gov/DONKI/view/FLR/27956/-1,2023-12-01T03:24:00-CME-001,2023-12-01T03:24:00.000-05:00,CME
2023-12-01T11:48:00-FLR-001,M2M_CATALOG,[{'displayName': 'GOES-P: EXIS 1.0-8.0'}],2023-12-01T11:48Z,2023-12-01T11:59Z,2023-12-01T12:05Z,C5.2,S20W38,13500,,2023-12-01T18:41Z,1,https://kauai.ccmc.gsfc.nasa.gov/DONKI/view/FLR/27961/-1,2023-12-01T12:36:00-CME-001,2023-12-01T12:36:00.000-05:00,CME
2023-12-01T20:55:00-FLR-001,M2M_CATALOG,[{'displayName': 'GOES-P: EXIS 1.0-8.0'}],2023-12-01T20:55Z,2023-12-01T21:20Z,2023-12-01T22:10Z,M1.0,S18W40,13500,Simultaneous impulsive flare from AR 13493 (S13W73) and emission associated with post-eruptive arcades from AR 13500 (S18W40).,2023-12-02T15:44Z,3,https://kauai.ccmc.gsfc.nasa.gov/DONKI/view/FLR/27969/-1,2023-12-01T22:24:00-CME-001,2023-12-01T22:24:00.000-05:00,CME
2023-12-05T06:48:00-FLR-001,M2M_CATALOG,[{'displayName': 'GOES-P: EXIS 1.0-8.0'}],2023-12-05T06:48Z,2023-12-05T06:58Z,2023-12-05T07:06Z,C5.3,S18W90,13500,This flare directly follows the M1.5 flare from AR 3513 peaking at 2023-12-05T06:44Z with end time 2023-12-05T06:48Z.,2023-12-05T17:51Z,3,https://kauai.ccmc.gsfc.nasa.gov/DONKI/view/FLR/28017/-1,2023-12-05T07:48:00-CME-001,2023-12-05T07:48:00.000-05:00,CME
2023-12-11T19:56:00-FLR-001,M2M_CATALOG,[{'displayName': 'GOES-P: EXIS 1.0-8.0'}],2023-12-11T19:56Z,2023-12-11T20:02Z,2023-12-11T20:07Z,C1.6,S20E40,13516,,2023-12-12T20:53Z,2,https://kauai.ccmc.gsfc.nasa.gov/DONKI/view/FLR/28116/-1,2023-12-11T21:36:00-CME-001,2023-12-11T21:36:00.000-05:00,CME
2023-12-12T22:29:00-FLR-001,M2M_CATALOG,[{'displayName': 'GOES-P: EXIS 1.0-8.0'}],2023-12-12T22:29Z,2023-12-12T22:55Z,2023-12-12T00:29Z,C2.8,N06W25,13514,,2023-12-13T19:00Z,1,https://kauai.ccmc.gsfc.nasa.gov/DONKI/view/FLR/28128/-1,2023-12-13T00:00:00-CME-001,2023-12-13T00:00:00.000-05:00,CME
2023-12-14T07:11:00-FLR-001,M2M_CATALOG,[{'displayName': 'GOES-P: EXIS 1.0-8.0'}],2023-12-14T07:11Z,2023-12-14T07:44Z,2023-12-14T08:00Z,M5.8,N05W50,13514,,2023-12-14T13:09Z,2,https://kauai.ccmc.gsfc.nasa.gov/DONKI/view/FLR/28139/-1,2023-12-14T08:36:00-CME-001,2023-12-14T08:36:00.000-05:00,CME
2023-12-14T16:47:00-FLR-001,M2M_CATALOG,[{'displayName': 'GOES-P: EXIS 1.0-8.0'}],2023-12-14T16:47Z,2023-12-14T17:02Z,2023-12-14T17:12Z,X2.8,N05W54,13514,,2023-12-14T17:15Z,3,https://kauai.ccmc.gsfc.nasa.gov/DONKI/view/FLR/28145/-1,2023-12-14T17:38:00-CME-001,2023-12-14T17:38:00.000-05:00,CME
2023-12-14T16:47:00-FLR-001,M2M_CATALOG,[{'displayName': 'GOES-P: EXIS 1.0-8.0'}],2023-12-14T16:47Z,2023-12-14T17:02Z,2023-12-14T17:12Z,X2.8,N05W54,13514,,2023-12-14T17:15Z,3,https://kauai.ccmc.gsfc.nasa.gov/DONKI/view/FLR/28145/-1,2023-12-15T10:05:00-SEP-001,2023-12-15T10:05:00.000-05:00,SEP
2023-12-14T16:47:00-FLR-001,M2M_CATALOG,[{'displayName': 'GOES-P: EXIS 1.0-8.0'}],2023-12-14T16:47Z,2023-12-14T17:02Z,2023-12-14T17:12Z,X2.8,N05W54,13514,,2023-12-14T17:15Z,3,https://kauai.ccmc.gsfc.nasa.gov/DONKI/view/FLR/28145/-1,2023-12-15T14:57:00-SEP-001,2023-12-15T14:57:00.000-05:00,SEP
2023-12-14T16:47:00-FLR-001,M2M_CATALOG,[{'displayName': 'GOES-P: EXIS 1.0-8.0'}],2023-12-14T16:47Z,2023-12-14T17:02Z,2023-12-14T17:12Z,X2.8,N05W54,13514,,2023-12-14T17:15Z,3,https://kauai.ccmc.gsfc.nasa.gov/DONKI/view/FLR/28145/-1,2023-12-15T15:42:00-SEP-001,2023-12-15T15:42:00.000-05:00,SEP
2023-12-14T16:47:00-FLR-001,M2M_CATALOG,[{'displayName': 'GOES-P: EXIS 1.0-8.0'}],2023-12-14T16:47Z,2023-12-14T17:02Z,2023-12-14T17:12Z,X2.8,N05W54,13514,,2023-12-14T17:15Z,3,https://kauai.ccmc.gsfc.nasa.gov/DONKI/view/FLR/28145/-1,2023-12-15T23:45:00-SEP-001,2023-12-15T23:45:00.000-05:00,SEP
2023-12-15T07:03:00-FLR-001,M2M_CATALOG,[{'displayName': 'GOES-P: EXIS 1.0-8.0'}],2023-12-15T07:03Z,2023-12-15T07:15Z,2023-12-15T07:23Z,M6.3,N03W59,13514,,2023-12-15T07:54Z,3,https://kauai.ccmc.gsfc.nasa.gov/DONKI/view/FLR/28171/-1,2023-12-15T07:48:00-CME-001,2023-12-15T07:48:00.000-05:00,CME
2023-12-15T07:03:00-FLR-001,M2M_CATALOG,[{'displayName': 'GOES-P: EXIS 1.0-8.0'}],2023-12-15T07:03Z,2023-12-15T07:15Z,2023-12-15T07:23Z,M6.3,N03W59,13514,,2023-12-15T07:54Z,3,https://kauai.ccmc.gsfc.nasa.gov/DONKI/view/FLR/28171/-1,2023-12-15T10:05:00-SEP-001,2023-12-15T10:05:00.000-05:00,SEP
2023-12-15T07:03:00-FLR-001,M2M_CATALOG,[{'displayName': 'GOES-P: EXIS 1.0-8.0'}],2023-12-15T07:03Z,2023-12-15T07:15Z,2023-12-15T07:23Z,M6.3,N03W59,13514,,2023-12-15T07:54Z,3,https://kauai.ccmc.gsfc.nasa.gov/DONKI/view/FLR/28171/-1,2023-12-15T14:57:00-SEP-001,2023-12-15T14:57:00.000-05:00,SEP
2023-12-15T07:03:00-FLR-001,M2M_CATALOG,[{'displayName': 'GOES-P: EXIS 1.0-8.0'}],2023-12-15T07:03Z,2023-12-15T07:15Z,2023-12-15T07:23Z,M6.3,N03W59,13514,,2023-12-15T07:54Z,3,https://kauai.ccmc.gsfc.nasa.gov/DONKI/view/FLR/28171/-1,2023-12-15T15:42:00-SEP-001,2023-12-15T15:42:00.000-05:00,SEP
2023-12-15T07:03:00-FLR-001,M2M_CATALOG,[{'displayName': 'GOES-P: EXIS 1.0-8.0'}],2023-12-15T07:03Z,2023-12-15T07:15Z,2023-12-15T07:23Z,M6.3,N03W59,13514,,2023-12-15T07:54Z,3,https://kauai.ccmc.gsfc.nasa.gov/DONKI/view/FLR/28171/-1,2023-12-15T23:45:00-SEP-001,2023-12-15T23:45:00.000-05:00,SEP
2023-12-15T07:23:00-FLR-001,M2M_CATALOG,[{'displayName': 'GOES-P: EXIS 1.0-8.0'}],2023-12-15T07:23Z,2023-12-15T07:34Z,2023-12-15T07:43Z,M6.9,N02W66,13514,,2023-12-15T07:53Z,3,https://kauai.ccmc.gsfc.nasa.gov/DONKI/view/FLR/28173/-1,2023-12-15T07:48:00-CME-001,2023-12-15T07:48:00.000-05:00,CME
2023-12-15T07:23:00-FLR-001,M2M_CATALOG,[{'displayName': 'GOES-P: EXIS 1.0-8.0'}],2023-12-15T07:23Z,2023-12-15T07:34Z,2023-12-15T07:43Z,M6.9,N02W66,13514,,2023-12-15T07:53Z,3,https://kauai.ccmc.gsfc.nasa.gov/DONKI/view/FLR/28173/-1,2023-12-15T10:05:00-SEP-001,2023-12-15T10:05:00.000-05:00,SEP
2023-12-15T07:23:00-FLR-001,M2M_CATALOG,[{'displayName': 'GOES-P: EXIS 1.0-8.0'}],2023-12-15T07:23Z,2023-12-15T07:34Z,2023-12-15T07:43Z,M6.9,N02W66,13514,,2023-12-15T07:53Z,3,https://kauai.ccmc.gsfc.nasa.gov/DONKI/view/FLR/28173/-1,2023-12-15T14:57:00-SEP-001,2023-12-15T14:57:00.000-05:00,SEP
2023-12-15T07:23:00-FLR-001,M2M_CATALOG,[{'displayName': 'GOES-P: EXIS 1.0-8.0'}],2023-12-15T07:23Z,2023-12-15T07:34Z,2023-12-15T07:43Z,M6.9,N02W66,13514,,2023-12-15T07:53Z,3,https://kauai.ccmc.gsfc.nasa.gov/DONKI/view/FLR/28173/-1,2023-12-15T15:42:00-SEP-001,2023-12-15T15:42:00.000-05:00,SEP
2023-12-15T07:23:00-FLR-001,M2M_CATALOG,[{'displayName': 'GOES-P: EXIS 1.0-8.0'}],2023-12-15T07:23Z,2023-12-15T07:34Z,2023-12-15T07:43Z,M6.9,N02W66,13514,,2023-12-15T07:53Z,3,https://kauai.ccmc.gsfc.nasa.gov/DONKI/view/FLR/28173/-1,2023-12-15T23:45:00-SEP-001,2023-12-15T23:45:00.000-05:00,SEP
2023-12-16T13:19:00-FLR-001,M2M_CATALOG,[{'displayName': 'GOES-P: EXIS 1.0-8.0'}],2023-12-16T13:19Z,2023-12-16T13:54Z,2023-12-16T14:12Z,C8.3,N06W76,13514,,2023-12-16T18:25Z,1,https://kauai.ccmc.gsfc.nasa.gov/DONKI/view/FLR/28196/-1,2023-12-16T15:09:00-CME-001,2023-12-16T15:09:00.000-05:00,CME
2023-12-20T09:23:00-FLR-001,M2M_CATALOG,[{'displayName': 'GOES-P: EXIS 1.0-8.0'}],2023-12-20T09:23Z,2023-12-20T09:36Z,2023-12-20T09:55Z,C7.9,S10W50,13519,,2023-12-20T18:57Z,1,https://kauai.ccmc.gsfc.nasa.gov/DONKI/view/FLR/28266/-1,2023-12-20T10:24:00-CME-001,2023-12-20T10:24:00.000-05:00,CME
2023-12-21T05:19:00-FLR-001,M2M_CATALOG,[{'displayName': 'GOES-P: EXIS 1.0-8.0'}],2023-12-21T05:19Z,2023-12-21T05:38Z,2023-12-21T05:49Z,M4.2,S11W61,13519,,2023-12-21T12:52Z,1,https://kauai.ccmc.gsfc.nasa.gov/DONKI/view/FLR/28271/-1,2023-12-21T06:09:00-CME-001,2023-12-21T06:09:00.000-05:00,CME
2023-12-21T23:42:00-FLR-001,M2M_CATALOG,[{'displayName': 'GOES-P: EXIS 1.0-8.0'}],2023-12-21T23:42Z,2023-12-22T00:04Z,2023-12-22T00:19Z,M3.3,S12W72,13519,,2023-12-22T13:07Z,1,https://kauai.ccmc.gsfc.nasa.gov/DONKI/view/FLR/28282/-1,2023-12-22T00:24:00-CME-001,2023-12-22T00:24:00.000-05:00,CME
2023-12-22T00:57:00-FLR-001,M2M_CATALOG,[{'displayName': 'GOES-P: EXIS 1.0-8.0'}],2023-12-22T00:57Z,2023-12-22T01:10Z,2023-12-22T01:33Z,C8.1,S11W72,13519,,2023-12-22T21:47Z,2,https://kauai.ccmc.gsfc.nasa.gov/DONKI/view/FLR/28302/-1,2023-12-22T01:25:00-CME-001,2023-12-22T01:25:00.000-05:00,CME
2023-12-22T04:46:00-FLR-001,M2M_CATALOG,[{'displayName': 'GOES-P: EXIS 1.0-8.0'}],2023-12-22T04:46Z,2023-12-22T04:57Z,2023-12-22T05:02Z,C7.8,S10W71,13519,,2023-12-22T18:33Z,1,https://kauai.ccmc.gsfc.nasa.gov/DONKI/view/FLR/28291/-1,2023-12-22T05:12:00-CME-001,2023-12-22T05:12:00.000-05:00,CME
2023-12-24T19:21:00-FLR-001,M2M_CATALOG,[{'displayName': 'GOES-P: EXIS 1.0-8.0'}],2023-12-24T19:21Z,2023-12-24T19:51Z,2023-12-24T20:16Z,M1.1,S23E90,,This flare occurred from an unnumbered region just beyond the SE limb.,2024-12-12T17:19Z,2,https://kauai.ccmc.gsfc.nasa.gov/DONKI/view/FLR/28328/-1,2023-12-24T20:00:00-CME-001,2023-12-24T20:00:00.000-05:00,CME
2023-12-31T21:40:00-FLR-001,M2M_CATALOG,[{'displayName': 'GOES-P: EXIS 1.0-8.0'}],2023-12-31T21:37Z,2023-12-31T21:55Z,2023-12-31T22:08Z,X5.0,N04E80,13536,,2023-12-31T22:17Z,7,https://kauai.ccmc.gsfc.nasa.gov/DONKI/view/FLR/28419/-1,2023-12-31T22:00:00-CME-001,2023-12-31T22:00:00.000-05:00,CME
2023-12-31T21:40:00-FLR-001,M2M_CATALOG,[{'displayName': 'GOES-P: EXIS 1.0-8.0'}],2023-12-31T21:37Z,2023-12-31T21:55Z,2023-12-31T22:08Z,X5.0,N04E80,13536,,2023-12-31T22:17Z,7,https://kauai.ccmc.gsfc.nasa.gov/DONKI/view/FLR/28419/-1,2024-01-02T23:22:00-SEP-001,2024-01-02T23:22:00.000-05:00,SEP
2023-12-31T21:40:00-FLR-001,M2M_CATALOG,[{'displayName': 'GOES-P: EXIS 1.0-8.0'}],2023-12-31T21:37Z,2023-12-31T21:55Z,2023-12-31T22:08Z,X5.0,N04E80,13536,,2023-12-31T22:17Z,7,https://kauai.ccmc.gsfc.nasa.gov/DONKI/view/FLR/28419/-1,2024-01-02T23:22:00-SEP-002,2024-01-02T23:22:00.000-05:00,SEP
2023-12-31T21:40:00-FLR-001,M2M_CATALOG,[{'displayName': 'GOES-P: EXIS 1.0-8.0'}],2023-12-31T21:37Z,2023-12-31T21:55Z,2023-12-31T22:08Z,X5.0,N04E80,13536,,2023-12-31T22:17Z,7,https://kauai.ccmc.gsfc.nasa.gov/DONKI/view/FLR/28419/-1,2024-01-03T00:15:00-SEP-001,2024-01-03T00:15:00.000-05:00,SEP
2023-12-31T21:40:00-FLR-001,M2M_CATALOG,[{'displayName': 'GOES-P: EXIS 1.0-8.0'}],2023-12-31T21:37Z,2023-12-31T21:55Z,2023-12-31T22:08Z,X5.0,N04E80,13536,,2023-12-31T22:17Z,7,https://kauai.ccmc.gsfc.nasa.gov/DONKI/view/FLR/28419/-1,2024-01-03T19:10:00-SEP-001,2024-01-03T19:10:00.000-05:00,SEP
2023-12-31T21:40:00-FLR-001,M2M_CATALOG,[{'displayName': 'GOES-P: EXIS 1.0-8.0'}],2023-12-31T21:37Z,2023-12-31T21:55Z,2023-12-31T22:08Z,X5.0,N04E80,13536,,2023-12-31T22:17Z,7,https://kauai.ccmc.gsfc.nasa.gov/DONKI/view/FLR/28419/-1,2024-01-03T20:05:00-SEP-001,2024-01-03T20:05:00.000-05:00,SEP
2024-01-02T18:02:00-FLR-001,M2M_CATALOG,[{'displayName': 'GOES-P: EXIS 1.0-8.0'}],2024-01-02T18:02Z,2024-01-02T18:30Z,2024-01-02T18:56Z,M1.1,N05E59,13536,,2024-01-02T19:34Z,2,https://kauai.ccmc.gsfc.nasa.gov/DONKI/view/FLR/28438/-1,2024-01-02T19:36:00-CME-001,2024-01-02T19:36:00.000-05:00,CME
2024-01-06T05:28:00-FLR-001,M2M_CATALOG,[{'displayName': 'GOES-P: EXIS 1.0-8.0'}],2024-01-06T05:28Z,2024-01-06T05:37Z,2024-01-06T05:41Z,C3.3,N02E01,13536,,2024-01-06T23:44Z,1,https://kauai.ccmc.gsfc.nasa.gov/DONKI/view/FLR/28511/-1,2024-01-06T08:12:00-CME-001,2024-01-06T08:12:00.000-05:00,CME
2024-01-06T05:41:00-FLR-001,M2M_CATALOG,[{'displayName': 'GOES-P: EXIS 1.0-8.0'}],2024-01-06T05:41Z,2024-01-06T05:47Z,2024-01-06T05:53Z,C3.8,N02E01,13536,,2024-01-06T23:45Z,1,https://kauai.ccmc.gsfc.nasa.gov/DONKI/view/FLR/28512/-1,2024-01-06T08:12:00-CME-001,2024-01-06T08:12:00.000-05:00,CME
2024-01-06T05:53:00-FLR-001,M2M_CATALOG,[{'displayName': 'GOES-P: EXIS 1.0-8.0'}],2024-01-06T05:53Z,2024-01-06T05:59Z,2024-01-06T06:04Z,C4.1,N02E03,13536,,2024-01-06T23:45Z,1,https://kauai.ccmc.gsfc.nasa.gov/DONKI/view/FLR/28513/-1,2024-01-06T08:12:00-CME-001,2024-01-06T08:12:00.000-05:00,CME
2024-01-06T06:06:00-FLR-001,M2M_CATALOG,[{'displayName': 'GOES-P: EXIS 1.0-8.0'}],2024-01-06T06:06Z,2024-01-06T06:15Z,2024-01-06T06:21Z,C4.0,N01E11,13536,,2024-01-06T23:45Z,1,https://kauai.ccmc.gsfc.nasa.gov/DONKI/view/FLR/28514/-1,2024-01-06T08:12:00-CME-001,2024-01-06T08:12:00.000-05:00,CME
2024-01-10T18:56:00-FLR-001,M2M_CATALOG,[{'displayName': 'GOES-P: EXIS 1.0-8.0'}],2024-01-10T18:56Z,2024-01-10T19:07Z,2024-01-10T19:16Z,C6.5,N10W52,13536,,2024-01-10T23:26Z,1,https://kauai.ccmc.gsfc.nasa.gov/DONKI/view/FLR/28556/-1,2024-01-10T19:36:00-CME-001,2024-01-10T19:36:00.000-05:00,CME
2024-01-10T20:28:00-FLR-001,M2M_CATALOG,[{'displayName': 'GOES-P: EXIS 1.0-8.0'}],2024-01-10T20:28Z,2024-01-10T20:41Z,2024-01-10T21:00Z,C5.6,N12E90,,Source is beyond the eastern limb.,2024-01-11T21:22Z,1,https://kauai.ccmc.gsfc.nasa.gov/DONKI/view/FLR/28576/-1,2024-01-10T21:09:00-CME-001,2024-01-10T21:09:00.000-05:00,CME
2024-01-14T11:30:00-FLR-001,M2M_CATALOG,[{'displayName': 'GOES-P: EXIS 1.0-8.0'}],2024-01-14T11:30Z,2024-01-14T12:06Z,2024-01-14T12:26Z,C9.6,N01W90,13543,"Flare appears to occur over the west limb slightly, in a range W90-W110 as we see most of it peeking around the limb. Potentially associated with AR 3536 or 3543 which recently rotated off the disk, but AR 3543 is believed to be the most likely candidate.",2024-01-16T16:38Z,2,https://kauai.ccmc.gsfc.nasa.gov/DONKI/view/FLR/28610/-1,2024-01-14T12:00:00-CME-001,2024-01-14T12:00:00.000-05:00,CME
2024-01-17T05:05:00-FLR-001,M2M_CATALOG,[{'displayName': 'GOES-P: EXIS 1.0-8.0'}],2024-01-17T05:05Z,2024-01-17T05:23Z,2024-01-17T05:39Z,C1.7,N27E87,,,2025-02-06T21:46Z,1,https://kauai.ccmc.gsfc.nasa.gov/DONKI/view/FLR/36901/-1,2024-01-17T05:12:00-CME-001,2024-01-17T05:12:00.000-05:00,CME
2024-01-20T08:35:00-FLR-001,M2M_CATALOG,[{'displayName': 'GOES-P: EXIS 1.0-8.0'}],2024-01-20T08:35Z,2024-01-20T09:34Z,2024-01-20T10:32Z,C3.5,S15E20,,Associated with post-eruptive arcades. Situated between Active Region 13557 (S13E29) and Active Region 13555 (S11E10).,2024-01-20T16:34Z,1,https://kauai.ccmc.gsfc.nasa.gov/DONKI/view/FLR/28653/-1,2024-01-20T09:24:00-CME-001,2024-01-20T09:24:00.000-05:00,CME
2024-01-20T08:35:00-FLR-001,M2M_CATALOG,[{'displayName': 'GOES-P: EXIS 1.0-8.0'}],2024-01-20T08:35Z,2024-01-20T09:34Z,2024-01-20T10:32Z,C3.5,S15E20,,Associated with post-eruptive arcades. Situated between Active Region 13557 (S13E29) and Active Region 13555 (S11E10).,2024-01-20T16:34Z,1,https://kauai.ccmc.gsfc.nasa.gov/DONKI/view/FLR/28653/-1,2024-01-22T13:00:00-SEP-001,2024-01-22T13:00:00.000-05:00,SEP
2024-01-20T08:35:00-FLR-001,M2M_CATALOG,[{'displayName': 'GOES-P: EXIS 1.0-8.0'}],2024-01-20T08:35Z,2024-01-20T09:34Z,2024-01-20T10:32Z,C3.5,S15E20,,Associated with post-eruptive arcades. Situated between Active Region 13557 (S13E29) and Active Region 13555 (S11E10).,2024-01-20T16:34Z,1,https://kauai.ccmc.gsfc.nasa.gov/DONKI/view/FLR/28653/-1,2024-01-22T16:48:00-SEP-001,2024-01-22T16:48:00.000-05:00,SEP
2024-01-21T00:03:00-FLR-001,M2M_CATALOG,[{'displayName': 'GOES-P: EXIS 1.0-8.0'}],2024-01-21T00:03Z,2024-01-21T00:27Z,2024-01-21T00:35Z,C4.0,N20E41,13559,,2024-01-21T16:08Z,1,https://kauai.ccmc.gsfc.nasa.gov/DONKI/view/FLR/28667/-1,2024-01-21T00:36:00-CME-001,2024-01-21T00:36:00.000-05:00,CME
2024-01-21T00:03:00-FLR-001,M2M_CATALOG,[{'displayName': 'GOES-P: EXIS 1.0-8.0'}],2024-01-21T00:03Z,2024-01-21T00:27Z,2024-01-21T00:35Z,C4.0,N20E41,13559,,2024-01-21T16:08Z,1,https://kauai.ccmc.gsfc.nasa.gov/DONKI/view/FLR/28667/-1,2024-01-22T13:00:00-SEP-001,2024-01-22T13:00:00.000-05:00,SEP
2024-01-21T00:03:00-FLR-001,M2M_CATALOG,[{'displayName': 'GOES-P: EXIS 1.0-8.0'}],2024-01-21T00:03Z,2024-01-21T00:27Z,2024-01-21T00:35Z,C4.0,N20E41,13559,,2024-01-21T16:08Z,1,https://kauai.ccmc.gsfc.nasa.gov/DONKI/view/FLR/28667/-1,2024-01-22T13:42:00-SEP-001,2024-01-22T13:42:00.000-05:00,SEP
2024-01-21T00:03:00-FLR-001,M2M_CATALOG,[{'displayName': 'GOES-P: EXIS 1.0-8.0'}],2024-01-21T00:03Z,2024-01-21T00:27Z,2024-01-21T00:35Z,C4.0,N20E41,13559,,2024-01-21T16:08Z,1,https://kauai.ccmc.gsfc.nasa.gov/DONKI/view/FLR/28667/-1,2024-01-22T16:48:00-SEP-001,2024-01-22T16:48:00.000-05:00,SEP
2024-01-21T00:35:00-FLR-001,M2M_CATALOG,[{'displayName': 'GOES-P: EXIS 1.0-8.0'}],2024-01-21T00:35Z,2024-01-21T00:41Z,2024-01-21T00:55Z,C5.3,N28E42,13559,,2024-01-21T16:09Z,1,https://kauai.ccmc.gsfc.nasa.gov/DONKI/view/FLR/28668/-1,2024-01-21T00:36:00-CME-001,2024-01-21T00:36:00.000-05:00,CME
2024-01-21T00:35:00-FLR-001,M2M_CATALOG,[{'displayName': 'GOES-P: EXIS 1.0-8.0'}],2024-01-21T00:35Z,2024-01-21T00:41Z,2024-01-21T00:55Z,C5.3,N28E42,13559,,2024-01-21T16:09Z,1,https://kauai.ccmc.gsfc.nasa.gov/DONKI/view/FLR/28668/-1,2024-01-22T13:00:00-SEP-001,2024-01-22T13:00:00.000-05:00,SEP
2024-01-21T00:35:00-FLR-001,M2M_CATALOG,[{'displayName': 'GOES-P: EXIS 1.0-8.0'}],2024-01-21T00:35Z,2024-01-21T00:41Z,2024-01-21T00:55Z,C5.3,N28E42,13559,,2024-01-21T16:09Z,1,https://kauai.ccmc.gsfc.nasa.gov/DONKI/view/FLR/28668/-1,2024-01-22T13:42:00-SEP-001,2024-01-22T13:42:00.000-05:00,SEP
2024-01-21T00:35:00-FLR-001,M2M_CATALOG,[{'displayName': 'GOES-P: EXIS 1.0-8.0'}],2024-01-21T00:35Z,2024-01-21T00:41Z,2024-01-21T00:55Z,C5.3,N28E42,13559,,2024-01-21T16:09Z,1,https://kauai.ccmc.gsfc.nasa.gov/DONKI/view/FLR/28668/-1,2024-01-22T16:48:00-SEP-001,2024-01-22T16:48:00.000-05:00,SEP
2024-01-22T06:09:00-FLR-001,M2M_CATALOG,[{'displayName': 'GOES-P: EXIS 1.0-8.0'}],2024-01-22T06:09Z,2024-01-22T06:22Z,2024-01-22T06:30Z,M1.5,N27E27,13559,,2024-01-22T13:19Z,1,https://kauai.ccmc.gsfc.nasa.gov/DONKI/view/FLR/28682/-1,2024-01-22T13:00:00-SEP-001,2024-01-22T13:00:00.000-05:00,SEP
2024-01-22T06:09:00-FLR-001,M2M_CATALOG,[{'displayName': 'GOES-P: EXIS 1.0-8.0'}],2024-01-22T06:09Z,2024-01-22T06:22Z,2024-01-22T06:30Z,M1.5,N27E27,13559,,2024-01-22T13:19Z,1,https://kauai.ccmc.gsfc.nasa.gov/DONKI/view/FLR/28682/-1,2024-01-22T13:42:00-SEP-001,2024-01-22T13:42:00.000-05:00,SEP
2024-01-22T06:09:00-FLR-001,M2M_CATALOG,[{'displayName': 'GOES-P: EXIS 1.0-8.0'}],2024-01-22T06:09Z,2024-01-22T06:22Z,2024-01-22T06:30Z,M1.5,N27E27,13559,,2024-01-22T13:19Z,1,https://kauai.ccmc.gsfc.nasa.gov/DONKI/view/FLR/28682/-1,2024-01-22T16:48:00-SEP-001,2024-01-22T16:48:00.000-05:00,SEP
2024-01-22T21:14:00-FLR-001,M2M_CATALOG,[{'displayName': 'GOES-P: EXIS 1.0-8.0'}],2024-01-22T21:14Z,2024-01-22T21:21Z,2024-01-22T21:32Z,M3.4,S18W30,13561,,2024-01-23T13:43Z,1,https://kauai.ccmc.gsfc.nasa.gov/DONKI/view/FLR/28713/-1,2024-01-22T22:36:00-CME-001,2024-01-22T22:36:00.000-05:00,CME
2024-01-22T21:36:00-FLR-001,M2M_CATALOG,[{'displayName': 'GOES-P: EXIS 1.0-8.0'}],2024-01-22T21:36Z,2024-01-22T21:43Z,2024-01-22T21:58Z,M1.6,S18W30,13561,,2024-01-23T13:46Z,1,https://kauai.ccmc.gsfc.nasa.gov/DONKI/view/FLR/28714/-1,2024-01-22T22:36:00-CME-001,2024-01-22T22:36:00.000-05:00,CME
2024-01-23T03:09:00-FLR-001,M2M_CATALOG,[{'displayName': 'GOES-P: EXIS 1.0-8.0'}],2024-01-23T03:09Z,2024-01-23T03:31Z,2024-01-23T03:38Z,M5.1,N29E18,13559,"Simultaneous flaring at Active Region 13561 (S19W31), but Active Region 13559 is clearly the primary contributor to this flare.",2024-01-24T00:27Z,4,https://kauai.ccmc.gsfc.nasa.gov/DONKI/view/FLR/28710/-1,2024-01-23T03:48:00-CME-001,2024-01-23T03:48:00.000-05:00,CME
2024-01-23T03:09:00-FLR-001,M2M_CATALOG,[{'displayName': 'GOES-P: EXIS 1.0-8.0'}],2024-01-23T03:09Z,2024-01-23T03:31Z,2024-01-23T03:38Z,M5.1,N29E18,13559,"Simultaneous flaring at Active Region 13561 (S19W31), but Active Region 13559 is clearly the primary contributor to this flare.",2024-01-24T00:27Z,4,https://kauai.ccmc.gsfc.nasa.gov/DONKI/view/FLR/28710/-1,2024-01-23T04:12:00-CME-001,2024-01-23T04:12:00.000-05:00,CME
2024-01-23T06:45:00-FLR-001,M2M_CATALOG,[{'displayName': 'GOES-P: EXIS 1.0-8.0'}],2024-01-23T06:45Z,2024-01-23T07:00Z,2024-01-23T07:14Z,C9.6,S17W35,13561,,2024-01-24T17:15Z,1,https://kauai.ccmc.gsfc.nasa.gov/DONKI/view/FLR/28764/-1,2024-01-23T07:24:00-CME-001,2024-01-23T07:24:00.000-05:00,CME
2024-01-23T09:17:00-FLR-001,M2M_CATALOG,[{'displayName': 'GOES-P: EXIS 1.0-8.0'}],2024-01-23T09:17Z,2024-01-23T09:30Z,2024-01-23T09:36Z,C6.2,N30E16,13559,,2024-01-24T00:20Z,1,https://kauai.ccmc.gsfc.nasa.gov/DONKI/view/FLR/28744/-1,2024-01-23T09:48:00-CME-001,2024-01-23T09:48:00.000-05:00,CME
2024-01-23T13:03:00-FLR-001,M2M_CATALOG,[{'displayName': 'GOES-P: EXIS 1.0-8.0'}],2024-01-23T13:03Z,2024-01-23T13:08Z,2024-01-23T13:13Z,M1.0,S18W38,13561,Simultaneous flaring at Active Region 13559 (N30E12).,2024-01-23T14:03Z,1,https://kauai.ccmc.gsfc.nasa.gov/DONKI/view/FLR/28718/-1,2024-01-23T13:36:00-CME-001,2024-01-23T13:36:00.000-05:00,CME
2024-01-23T16:36:00-FLR-001,M2M_CATALOG,[{'displayName': 'GOES-P: EXIS 1.0-8.0'}],2024-01-23T16:36Z,2024-01-23T16:40Z,2024-01-23T16:47Z,M4.3,S17W39,13561,,2024-01-23T17:11Z,1,https://kauai.ccmc.gsfc.nasa.gov/DONKI/view/FLR/28721/-1,2024-01-23T17:36:00-CME-001,2024-01-23T17:36:00.000-05:00,CME
2024-01-24T01:31:00-FLR-001,M2M_CATALOG,[{'displayName': 'GOES-P: EXIS 1.0-8.0'}],2024-01-24T01:31Z,2024-01-24T01:40Z,2024-01-24T01:53Z,M2.6,S16W48,13561,,2024-01-24T13:12Z,1,https://kauai.ccmc.gsfc.nasa.gov/DONKI/view/FLR/28756/-1,2024-01-24T01:36:00-CME-001,2024-01-24T01:36:00.000-05:00,CME
2024-01-24T12:44:00-FLR-001,M2M_CATALOG,[{'displayName': 'GOES-P: EXIS 1.0-8.0'}],2024-01-24T12:44Z,2024-01-24T12:57Z,2024-01-24T13:14Z,C6.8,S18W52,13561,,2024-01-24T20:53Z,1,https://kauai.ccmc.gsfc.nasa.gov/DONKI/view/FLR/28778/-1,2024-01-24T13:36:00-CME-001,2024-01-24T13:36:00.000-05:00,CME
2024-01-24T20:44:00-FLR-001,M2M_CATALOG,[{'displayName': 'GOES-P: EXIS 1.0-8.0'}],2024-01-24T20:44Z,2024-01-24T20:58Z,2024-01-24T21:11Z,M1.3,S18W60,13561,,2024-01-25T14:04Z,1,https://kauai.ccmc.gsfc.nasa.gov/DONKI/view/FLR/28781/-1,2024-01-24T22:24:00-CME-001,2024-01-24T22:24:00.000-05:00,CME
2024-01-24T21:27:00-FLR-001,M2M_CATALOG,[{'displayName': 'GOES-P: EXIS 1.0-8.0'}],2024-01-24T21:27Z,2024-01-24T21:40Z,2024-01-24T22:15Z,C5.7,S17W63,13561,,2025-02-07T01:14Z,1,https://kauai.ccmc.gsfc.nasa.gov/DONKI/view/FLR/36903/-1,2024-01-25T00:48:00-CME-001,2024-01-25T00:48:00.000-05:00,CME
2024-01-28T15:52:00-FLR-001,M2M_CATALOG,[{'displayName': 'GOES-P: EXIS 1.0-8.0'}],2024-01-28T15:52Z,2024-01-28T16:00Z,2024-01-28T16:22Z,C3.0,N30W55,13559,,2024-01-28T21:13Z,1,https://kauai.ccmc.gsfc.nasa.gov/DONKI/view/FLR/28830/-1,2024-01-28T16:24:00-CME-001,2024-01-28T16:24:00.000-05:00,CME
2024-01-29T01:29:00-FLR-001,M2M_CATALOG,[{'displayName': 'GOES-P: EXIS 1.0-8.0'}],2024-01-29T01:29Z,2024-01-29T01:40Z,2024-01-29T01:52Z,M1.2,N30W61,13559,,2024-01-29T02:44Z,1,https://kauai.ccmc.gsfc.nasa.gov/DONKI/view/FLR/28833/-1,2024-01-29T02:00:00-CME-001,2024-01-29T02:00:00.000-05:00,CME
2024-01-29T03:54:00-FLR-001,M2M_CATALOG,[{'displayName': 'GOES-P: EXIS 1.0-8.0'}],2024-01-29T03:54Z,2024-01-29T04:38Z,2024-01-29T05:15Z,M6.8,N25W70,13559,,2024-01-29T05:45Z,3,https://kauai.ccmc.gsfc.nasa.gov/DONKI/view/FLR/28834/-1,2024-01-29T04:38:00-CME-001,2024-01-29T04:38:00.000-05:00,CME
2024-01-29T03:54:00-FLR-001,M2M_CATALOG,[{'displayName': 'GOES-P: EXIS 1.0-8.0'}],2024-01-29T03:54Z,2024-01-29T04:38Z,2024-01-29T05:15Z,M6.8,N25W70,13559,,2024-01-29T05:45Z,3,https://kauai.ccmc.gsfc.nasa.gov/DONKI/view/FLR/28834/-1,2024-01-29T05:11:00-SEP-001,2024-01-29T05:11:00.000-05:00,SEP
2024-01-29T03:54:00-FLR-001,M2M_CATALOG,[{'displayName': 'GOES-P: EXIS 1.0-8.0'}],2024-01-29T03:54Z,2024-01-29T04:38Z,2024-01-29T05:15Z,M6.8,N25W70,13559,,2024-01-29T05:45Z,3,https://kauai.ccmc.gsfc.nasa.gov/DONKI/view/FLR/28834/-1,2024-01-29T05:50:00-SEP-001,2024-01-29T05:50:00.000-05:00,SEP
2024-01-29T03:54:00-FLR-001,M2M_CATALOG,[{'displayName': 'GOES-P: EXIS 1.0-8.0'}],2024-01-29T03:54Z,2024-01-29T04:38Z,2024-01-29T05:15Z,M6.8,N25W70,13559,,2024-01-29T05:45Z,3,https://kauai.ccmc.gsfc.nasa.gov/DONKI/view/FLR/28834/-1,2024-01-29T06:06:00-SEP-001,2024-01-29T06:06:00.000-05:00,SEP
2024-01-29T03:54:00-FLR-001,M2M_CATALOG,[{'displayName': 'GOES-P: EXIS 1.0-8.0'}],2024-01-29T03:54Z,2024-01-29T04:38Z,2024-01-29T05:15Z,M6.8,N25W70,13559,,2024-01-29T05:45Z,3,https://kauai.ccmc.gsfc.nasa.gov/DONKI/view/FLR/28834/-1,2024-01-29T06:08:00-SEP-001,2024-01-29T06:08:00.000-05:00,SEP
2024-01-29T03:54:00-FLR-001,M2M_CATALOG,[{'displayName': 'GOES-P: EXIS 1.0-8.0'}],2024-01-29T03:54Z,2024-01-29T04:38Z,2024-01-29T05:15Z,M6.8,N25W70,13559,,2024-01-29T05:45Z,3,https://kauai.ccmc.gsfc.nasa.gov/DONKI/view/FLR/28834/-1,2024-01-29T06:15:00-SEP-001,2024-01-29T06:15:00.000-05:00,SEP
2024-01-30T00:07:00-FLR-001,M2M_CATALOG,[{'displayName': 'GOES-P: EXIS 1.0-8.0'}],2024-01-30T00:07Z,2024-01-30T00:16Z,2024-01-30T00:22Z,C1.9,N31W78,13559,,2024-01-30T14:00Z,2,https://kauai.ccmc.gsfc.nasa.gov/DONKI/view/FLR/28881/-1,2024-01-30T00:24:00-CME-001,2024-01-30T00:24:00.000-05:00,CME
2024-02-01T06:36:00-FLR-001,M2M_CATALOG,[{'displayName': 'GOES-P: EXIS 1.0-8.0'}],2024-02-01T06:36Z,2024-02-01T07:43Z,2024-02-01T08:48Z,C3.0,N20E05,,"Associated with a region of enhanced flux, but no numbered active region.",2024-02-01T14:07Z,1,https://kauai.ccmc.gsfc.nasa.gov/DONKI/view/FLR/28928/-1,2024-02-01T08:00:00-CME-001,2024-02-01T08:00:00.000-05:00,CME
2024-02-01T14:57:00-FLR-001,M2M_CATALOG,[{'displayName': 'GOES-P: EXIS 1.0-8.0'}],2024-02-01T14:57Z,2024-02-01T15:00Z,2024-02-01T15:04Z,C2.5,S20E80,,,2025-02-07T01:32Z,1,https://kauai.ccmc.gsfc.nasa.gov/DONKI/view/FLR/36904/-1,2024-02-01T15:48:00-CME-001,2024-02-01T15:48:00.000-05:00,CME
2024-02-02T02:52:00-FLR-001,M2M_CATALOG,[{'displayName': 'GOES-P: EXIS 1.0-8.0'}],2024-02-02T02:52Z,2024-02-02T03:01Z,2024-02-02T03:05Z,M1.1,S18E60,13571,,2024-02-02T12:37Z,1,https://kauai.ccmc.gsfc.nasa.gov/DONKI/view/FLR/28942/-1,2024-02-02T04:17:00-CME-001,2024-02-02T04:17:00.000-05:00,CME
2024-02-02T10:48:00-FLR-001,M2M_CATALOG,[{'displayName': 'GOES-P: EXIS 1.0-8.0'}],2024-02-02T10:48Z,2024-02-02T10:57Z,2024-02-02T11:03Z,C5.6,S19E56,13571,,2024-02-03T22:09Z,1,https://kauai.ccmc.gsfc.nasa.gov/DONKI/view/FLR/28969/-1,2024-02-02T11:24:00-CME-001,2024-02-02T11:24:00.000-05:00,CME
2024-02-02T15:25:00-FLR-001,M2M_CATALOG,[{'displayName': 'GOES-P: EXIS 1.0-8.0'}],2024-02-02T15:25Z,2024-02-02T15:34Z,2024-02-02T15:39Z,C3.0,S19E53,13571,,2024-02-03T21:54Z,1,https://kauai.ccmc.gsfc.nasa.gov/DONKI/view/FLR/28965/-1,2024-02-02T17:09:00-CME-001,2024-02-02T17:09:00.000-05:00,CME
2024-02-02T16:22:00-FLR-001,M2M_CATALOG,[{'displayName': 'GOES-P: EXIS 1.0-8.0'}],2024-02-02T16:22Z,2024-02-02T16:32Z,2024-02-02T16:38Z,C3.1,S20E55,13571,,2024-02-03T21:54Z,1,https://kauai.ccmc.gsfc.nasa.gov/DONKI/view/FLR/28966/-1,2024-02-02T17:09:00-CME-001,2024-02-02T17:09:00.000-05:00,CME
2024-02-05T06:10:00-FLR-001,M2M_CATALOG,[{'displayName': 'GOES-P: EXIS 1.0-8.0'}],2024-02-05T06:10Z,2024-02-05T06:22Z,2024-02-05T06:26Z,M1.4,S21E75,13576,,2024-02-05T13:44Z,1,https://kauai.ccmc.gsfc.nasa.gov/DONKI/view/FLR/28987/-1,2024-02-05T07:48:00-CME-001,2024-02-05T07:48:00.000-05:00,CME
2024-02-06T02:15:00-FLR-001,M2M_CATALOG,[{'displayName': 'GOES-P: EXIS 1.0-8.0'}],2024-02-06T02:15Z,2024-02-06T02:28Z,2024-02-06T02:37Z,M2.2,S34W65,13575,,2024-02-06T02:53Z,2,https://kauai.ccmc.gsfc.nasa.gov/DONKI/view/FLR/28997/-1,2024-02-06T02:53:00-CME-001,2024-02-06T02:53:00.000-05:00,CME
2024-02-06T02:15:00-FLR-001,M2M_CATALOG,[{'displayName': 'GOES-P: EXIS 1.0-8.0'}],2024-02-06T02:15Z,2024-02-06T02:28Z,2024-02-06T02:37Z,M2.2,S34W65,13575,,2024-02-06T02:53Z,2,https://kauai.ccmc.gsfc.nasa.gov/DONKI/view/FLR/28997/-1,2024-02-06T05:25:00-SEP-001,2024-02-06T05:25:00.000-05:00,SEP
2024-02-06T02:15:00-FLR-001,M2M_CATALOG,[{'displayName': 'GOES-P: EXIS 1.0-8.0'}],2024-02-06T02:15Z,2024-02-06T02:28Z,2024-02-06T02:37Z,M2.2,S34W65,13575,,2024-02-06T02:53Z,2,https://kauai.ccmc.gsfc.nasa.gov/DONKI/view/FLR/28997/-1,2024-02-06T07:28:00-SEP-001,2024-02-06T07:28:00.000-05:00,SEP
2024-02-06T02:37:00-FLR-001,M2M_CATALOG,[{'displayName': 'GOES-P: EXIS 1.0-8.0'}],2024-02-06T02:37Z,2024-02-06T03:12Z,2024-02-06T03:37Z,M4.2,S34W65,13575,,2024-02-06T03:43Z,3,https://kauai.ccmc.gsfc.nasa.gov/DONKI/view/FLR/28998/-1,2024-02-06T02:53:00-CME-001,2024-02-06T02:53:00.000-05:00,CME
2024-02-06T02:37:00-FLR-001,M2M_CATALOG,[{'displayName': 'GOES-P: EXIS 1.0-8.0'}],2024-02-06T02:37Z,2024-02-06T03:12Z,2024-02-06T03:37Z,M4.2,S34W65,13575,,2024-02-06T03:43Z,3,https://kauai.ccmc.gsfc.nasa.gov/DONKI/view/FLR/28998/-1,2024-02-06T05:25:00-SEP-001,2024-02-06T05:25:00.000-05:00,SEP
2024-02-06T02:37:00-FLR-001,M2M_CATALOG,[{'displayName': 'GOES-P: EXIS 1.0-8.0'}],2024-02-06T02:37Z,2024-02-06T03:12Z,2024-02-06T03:37Z,M4.2,S34W65,13575,,2024-02-06T03:43Z,3,https://kauai.ccmc.gsfc.nasa.gov/DONKI/view/FLR/28998/-1,2024-02-06T07:28:00-SEP-001,2024-02-06T07:28:00.000-05:00,SEP
2024-02-06T18:38:00-FLR-001,M2M_CATALOG,[{'displayName': 'GOES-P: EXIS 1.0-8.0'}],2024-02-06T18:38Z,2024-02-06T18:49Z,2024-02-06T19:07Z,M1.3,S36W72,13575,,2024-02-06T20:13Z,2,https://kauai.ccmc.gsfc.nasa.gov/DONKI/view/FLR/29014/-1,2024-02-06T19:12:00-CME-001,2024-02-06T19:12:00.000-05:00,CME
2024-02-07T03:04:00-FLR-001,M2M_CATALOG,[{'displayName': 'GOES-P: EXIS 1.0-8.0'}],2024-02-07T03:04Z,2024-02-07T03:31Z,2024-02-07T04:11Z,M5.1,S36W80,13575,,2024-02-07T12:56Z,3,https://kauai.ccmc.gsfc.nasa.gov/DONKI/view/FLR/29025/-1,2024-02-07T03:36:00-CME-001,2024-02-07T03:36:00.000-05:00,CME
2024-02-08T14:11:00-FLR-001,M2M_CATALOG,[{'displayName': 'GOES-P: EXIS 1.0-8.0'}],2024-02-08T14:11Z,2024-02-08T14:18Z,2024-02-08T14:25Z,M1.2,S13W90,13564,"Smaller flare from the west limb, riding on the back of an M3 class flare from a central AR 3576",2024-02-08T14:42Z,3,https://kauai.ccmc.gsfc.nasa.gov/DONKI/view/FLR/29050/-1,2024-02-08T15:23:00-CME-001,2024-02-08T15:23:00.000-05:00,CME
2024-02-08T16:12:00-FLR-001,M2M_CATALOG,[{'displayName': 'GOES-P: EXIS 1.0-8.0'}],2024-02-08T16:12Z,2024-02-08T16:21Z,2024-02-08T16:28Z,C6.1,S13W90,13564,,2024-02-08T20:52Z,1,https://kauai.ccmc.gsfc.nasa.gov/DONKI/view/FLR/29056/-1,2024-02-08T16:48:00-CME-001,2024-02-08T16:48:00.000-05:00,CME
2024-02-08T23:16:00-FLR-001,M2M_CATALOG,[{'displayName': 'GOES-P: EXIS 1.0-8.0'}],2024-02-08T23:16Z,2024-02-08T23:55Z,2024-02-09T00:36Z,M3.9,S36W100,13575,Seen beyond the SW limb,2024-02-09T02:17Z,1,https://kauai.ccmc.gsfc.nasa.gov/DONKI/view/FLR/29060/-1,2024-02-08T23:48:00-CME-001,2024-02-08T23:48:00.000-05:00,CME
2024-02-09T12:53:00-FLR-001,M2M_CATALOG,[{'displayName': 'GOES-P: EXIS 1.0-8.0'}],2024-02-09T12:53Z,2024-02-09T13:14Z,2024-02-09T13:32Z,X3.3,S37W110,13575,"Occulted flare from behind the limb. The earlier identification of longitude sent in notification was too low, W110 is more correct.",2024-02-12T15:10Z,6,https://kauai.ccmc.gsfc.nasa.gov/DONKI/view/FLR/29062/-1,2024-02-09T13:23:00-CME-001,2024-02-09T13:23:00.000-05:00,CME
2024-02-09T12:53:00-FLR-001,M2M_CATALOG,[{'displayName': 'GOES-P: EXIS 1.0-8.0'}],2024-02-09T12:53Z,2024-02-09T13:14Z,2024-02-09T13:32Z,X3.3,S37W110,13575,"Occulted flare from behind the limb. The earlier identification of longitude sent in notification was too low, W110 is more correct.",2024-02-12T15:10Z,6,https://kauai.ccmc.gsfc.nasa.gov/DONKI/view/FLR/29062/-1,2024-02-09T15:09:00-SEP-001,2024-02-09T15:09:00.000-05:00,SEP
2024-02-09T12:53:00-FLR-001,M2M_CATALOG,[{'displayName': 'GOES-P: EXIS 1.0-8.0'}],2024-02-09T12:53Z,2024-02-09T13:14Z,2024-02-09T13:32Z,X3.3,S37W110,13575,"Occulted flare from behind the limb. The earlier identification of longitude sent in notification was too low, W110 is more correct.",2024-02-12T15:10Z,6,https://kauai.ccmc.gsfc.nasa.gov/DONKI/view/FLR/29062/-1,2024-02-09T15:30:00-SEP-001,2024-02-09T15:30:00.000-05:00,SEP
2024-02-09T12:53:00-FLR-001,M2M_CATALOG,[{'displayName': 'GOES-P: EXIS 1.0-8.0'}],2024-02-09T12:53Z,2024-02-09T13:14Z,2024-02-09T13:32Z,X3.3,S37W110,13575,"Occulted flare from behind the limb. The earlier identification of longitude sent in notification was too low, W110 is more correct.",2024-02-12T15:10Z,6,https://kauai.ccmc.gsfc.nasa.gov/DONKI/view/FLR/29062/-1,2024-02-09T15:34:00-SEP-001,2024-02-09T15:34:00.000-05:00,SEP
2024-02-09T12:53:00-FLR-001,M2M_CATALOG,[{'displayName': 'GOES-P: EXIS 1.0-8.0'}],2024-02-09T12:53Z,2024-02-09T13:14Z,2024-02-09T13:32Z,X3.3,S37W110,13575,"Occulted flare from behind the limb. The earlier identification of longitude sent in notification was too low, W110 is more correct.",2024-02-12T15:10Z,6,https://kauai.ccmc.gsfc.nasa.gov/DONKI/view/FLR/29062/-1,2024-02-09T15:37:00-SEP-001,2024-02-09T15:37:00.000-05:00,SEP
2024-02-09T12:53:00-FLR-001,M2M_CATALOG,[{'displayName': 'GOES-P: EXIS 1.0-8.0'}],2024-02-09T12:53Z,2024-02-09T13:14Z,2024-02-09T13:32Z,X3.3,S37W110,13575,"Occulted flare from behind the limb. The earlier identification of longitude sent in notification was too low, W110 is more correct.",2024-02-12T15:10Z,6,https://kauai.ccmc.gsfc.nasa.gov/DONKI/view/FLR/29062/-1,2024-02-09T15:52:00-SEP-001,2024-02-09T15:52:00.000-05:00,SEP
2024-02-09T12:53:00-FLR-001,M2M_CATALOG,[{'displayName': 'GOES-P: EXIS 1.0-8.0'}],2024-02-09T12:53Z,2024-02-09T13:14Z,2024-02-09T13:32Z,X3.3,S37W110,13575,"Occulted flare from behind the limb. The earlier identification of longitude sent in notification was too low, W110 is more correct.",2024-02-12T15:10Z,6,https://kauai.ccmc.gsfc.nasa.gov/DONKI/view/FLR/29062/-1,2024-02-09T15:59:00-SEP-001,2024-02-09T15:59:00.000-05:00,SEP
2024-02-09T12:53:00-FLR-001,M2M_CATALOG,[{'displayName': 'GOES-P: EXIS 1.0-8.0'}],2024-02-09T12:53Z,2024-02-09T13:14Z,2024-02-09T13:32Z,X3.3,S37W110,13575,"Occulted flare from behind the limb. The earlier identification of longitude sent in notification was too low, W110 is more correct.",2024-02-12T15:10Z,6,https://kauai.ccmc.gsfc.nasa.gov/DONKI/view/FLR/29062/-1,2024-02-09T16:44:00-SEP-001,2024-02-09T16:44:00.000-05:00,SEP
2024-02-09T12:53:00-FLR-001,M2M_CATALOG,[{'displayName': 'GOES-P: EXIS 1.0-8.0'}],2024-02-09T12:53Z,2024-02-09T13:14Z,2024-02-09T13:32Z,X3.3,S37W110,13575,"Occulted flare from behind the limb. The earlier identification of longitude sent in notification was too low, W110 is more correct.",2024-02-12T15:10Z,6,https://kauai.ccmc.gsfc.nasa.gov/DONKI/view/FLR/29062/-1,2024-02-09T16:45:00-SEP-001,2024-02-09T16:45:00.000-05:00,SEP
2024-02-10T03:04:00-FLR-001,M2M_CATALOG,[{'displayName': 'GOES-P: EXIS 1.0-8.0'}],2024-02-10T03:04Z,2024-02-10T03:54Z,2024-02-10T04:29Z,M3.4,S15E90,13584,AR 13584 was numbered on 2024-02-11. This flare may potentially be occulted due to proximity to the limb.,2024-02-13T17:54Z,3,https://kauai.ccmc.gsfc.nasa.gov/DONKI/view/FLR/29106/-1,2024-02-10T03:48:00-CME-001,2024-02-10T03:48:00.000-05:00,CME
2024-02-10T22:56:00-FLR-001,M2M_CATALOG,[{'displayName': 'GOES-P: EXIS 1.0-8.0'}],2024-02-10T22:56Z,2024-02-10T23:07Z,2024-02-10T23:14Z,M9.0,S12W13,13576,,2024-02-10T23:36Z,2,https://kauai.ccmc.gsfc.nasa.gov/DONKI/view/FLR/29127/-1,2024-02-10T23:36:00-CME-001,2024-02-10T23:36:00.000-05:00,CME
2024-02-12T03:23:00-FLR-001,M2M_CATALOG,[{'displayName': 'GOES-P: EXIS 1.0-8.0'}],2024-02-12T03:23Z,2024-02-12T03:48Z,2024-02-12T03:53Z,M6.5,S16W25,13576,,2024-02-12T12:52Z,2,https://kauai.ccmc.gsfc.nasa.gov/DONKI/view/FLR/29152/-1,2024-02-12T05:12:00-CME-001,2024-02-12T05:12:00.000-05:00,CME
2024-02-12T20:35:00-FLR-001,M2M_CATALOG,[{'displayName': 'GOES-P: EXIS 1.0-8.0'}],2024-02-12T20:35Z,2024-02-12T21:17Z,2024-02-12T21:51Z,M2.6,N26E90,13586,Occluded flare from behind the NE limb caused by rising post-eruptive arcades. AR was numbered on 2024-02-14.,2024-02-14T21:08Z,2,https://kauai.ccmc.gsfc.nasa.gov/DONKI/view/FLR/29201/-1,2024-02-12T22:18:00-CME-001,2024-02-12T22:18:00.000-05:00,CME
2024-02-13T07:28:00-FLR-001,M2M_CATALOG,[{'displayName': 'GOES-P: EXIS 1.0-8.0'}],2024-02-13T07:28Z,2024-02-13T07:59Z,2024-02-13T08:16Z,C5.0,N23E90,,Occulted flare from behind the NE limb.,2024-02-13T19:26Z,1,https://kauai.ccmc.gsfc.nasa.gov/DONKI/view/FLR/29213/-1,2024-02-13T08:09:00-CME-001,2024-02-13T08:09:00.000-05:00,CME
2024-02-15T16:50:00-FLR-001,M2M_CATALOG,[{'displayName': 'GOES-P: EXIS 1.0-8.0'}],2024-02-15T16:50Z,2024-02-15T17:07Z,2024-02-15T17:21Z,M1.8,S15W80,13576,,2024-02-15T18:33Z,1,https://kauai.ccmc.gsfc.nasa.gov/DONKI/view/FLR/29250/-1,2024-02-15T17:36:00-CME-001,2024-02-15T17:36:00.000-05:00,CME
2024-02-16T06:42:00-FLR-001,M2M_CATALOG,[{'displayName': 'GOES-P: EXIS 1.0-8.0'}],2024-02-16T06:42Z,2024-02-16T06:53Z,2024-02-16T06:58Z,X2.5,S19W85,13576,,2024-02-16T13:02Z,2,https://kauai.ccmc.gsfc.nasa.gov/DONKI/view/FLR/29255/-1,2024-02-16T07:23:00-CME-001,2024-02-16T07:23:00.000-05:00,CME
2024-02-16T16:15:00-FLR-001,M2M_CATALOG,[{'displayName': 'GOES-P: EXIS 1.0-8.0'}],2024-02-16T16:15Z,2024-02-16T16:36Z,2024-02-16T16:56Z,C6.1,N30E56,13586,,2024-02-16T20:38Z,1,https://kauai.ccmc.gsfc.nasa.gov/DONKI/view/FLR/29276/-1,2024-02-16T17:36:00-CME-001,2024-02-16T17:36:00.000-05:00,CME
2024-02-19T23:00:00-FLR-001,M2M_CATALOG,[{'displayName': 'GOES-P: EXIS 1.0-8.0'}],2024-02-19T23:00Z,2024-02-19T23:39Z,2024-02-20T01:08Z,C3.8,N12W80,13583,"Flaring due to a post-eruptive arcade, which is observed in SDO AIA 131 to have a left-hand footpoint at W70 and a right-hand footpoint that appears to reach around the western limb, possibly to about W100.",2024-02-20T20:37Z,1,https://kauai.ccmc.gsfc.nasa.gov/DONKI/view/FLR/29310/-1,2024-02-19T23:24:00-CME-001,2024-02-19T23:24:00.000-05:00,CME
2024-02-21T15:39:00-FLR-001,M2M_CATALOG,[{'displayName': 'GOES-P: EXIS 1.0-8.0'}],2024-02-21T15:39Z,2024-02-21T16:02Z,2024-02-21T16:42Z,C4.1,S40E90,,"This flare is associated with an eruption on the SE limb, which is currently suspected to be old Active Region 13575 (S37, rotated off the disk at 2024-02-07T22:00Z).",2024-02-21T20:44Z,1,https://kauai.ccmc.gsfc.nasa.gov/DONKI/view/FLR/29329/-1,2024-02-21T16:12:00-CME-001,2024-02-21T16:12:00.000-05:00,CME
2024-02-21T23:58:00-FLR-001,M2M_CATALOG,[{'displayName': 'GOES-P: EXIS 1.0-8.0'}],2024-02-21T23:58Z,2024-02-22T00:14Z,2024-02-22T00:31Z,M1.5,S36E90,13591,Occulted flare from active region just behind the SE limb (likely the old AR 3575).,2024-02-23T14:36Z,2,https://kauai.ccmc.gsfc.nasa.gov/DONKI/view/FLR/29337/-1,2024-02-22T00:24:00-CME-001,2024-02-22T00:24:00.000-05:00,CME
2024-02-22T16:17:00-FLR-001,M2M_CATALOG,[{'displayName': 'GOES-P: EXIS 1.0-8.0'}],2024-02-22T16:17Z,2024-02-22T16:29Z,2024-02-22T16:38Z,C9.4,N05E90,,,2024-02-23T17:53Z,1,https://kauai.ccmc.gsfc.nasa.gov/DONKI/view/FLR/29358/-1,2024-02-22T17:00:00-CME-001,2024-02-22T17:00:00.000-05:00,CME
2024-02-28T08:56:00-FLR-001,M2M_CATALOG,[{'displayName': 'GOES-P: EXIS 1.0-8.0'}],2024-02-28T08:56Z,2024-02-28T09:09Z,2024-02-28T09:27Z,C5.1,S16E31,,,2024-02-28T17:01Z,1,https://kauai.ccmc.gsfc.nasa.gov/DONKI/view/FLR/29395/-1,2024-02-28T09:24:00-CME-001,2024-02-28T09:24:00.000-05:00,CME
2024-02-28T16:24:00-FLR-001,M2M_CATALOG,[{'displayName': 'GOES-P: EXIS 1.0-8.0'}],2024-02-28T16:24Z,2024-02-28T18:54Z,2024-02-28T21:15Z,M1.5,N19W59,13590,Long duration flare,2024-02-29T14:21Z,7,https://kauai.ccmc.gsfc.nasa.gov/DONKI/view/FLR/29402/-1,2024-02-28T17:48:00-CME-001,2024-02-28T17:48:00.000-05:00,CME
2024-03-07T22:02:00-FLR-001,M2M_CATALOG,[{'displayName': 'GOES-P: EXIS 1.0-8.0'}],2024-03-07T22:02Z,2024-03-07T22:33Z,2024-03-07T23:24Z,C3.5,N17W90,,Brightening is seen in SDO AIA 131 on or just beyond the NW limb at about N17. This brightening simultaneously occurs with opening field lines and ejecta which are also observed just beyond the NW limb at abut N17 in SDO AIA 131 starting at 2024-03-07T22:09Z.,2024-03-08T19:01Z,3,https://kauai.ccmc.gsfc.nasa.gov/DONKI/view/FLR/29506/-1,2024-03-07T22:36:00-CME-001,2024-03-07T22:36:00.000-05:00,CME
2024-03-10T12:00:00-FLR-001,M2M_CATALOG,[{'displayName': 'GOES-S: EXIS 1.0-8.0'}],2024-03-10T12:00Z,2024-03-10T12:13Z,2024-03-10T12:20Z,M7.4,S13W35,13599,,2024-03-10T13:01Z,2,https://kauai.ccmc.gsfc.nasa.gov/DONKI/view/FLR/29523/-1,2024-03-10T12:48:00-CME-001,2024-03-10T12:48:00.000-04:00,CME
2024-03-12T10:06:00-FLR-001,M2M_CATALOG,[{'displayName': 'GOES-P: EXIS 1.0-8.0'}],2024-03-12T10:06Z,2024-03-12T10:18Z,2024-03-12T10:26Z,C3.3,S19E90,,,2024-03-12T16:50Z,2,https://kauai.ccmc.gsfc.nasa.gov/DONKI/view/FLR/29562/-1,2024-03-12T10:55:00-CME-001,2024-03-12T10:55:00.000-04:00,CME
2024-03-15T02:00:00-FLR-001,M2M_CATALOG,[{'displayName': 'GOES-P: EXIS 1.0-8.0'}],2024-03-15T02:00Z,2024-03-15T03:57Z,2024-03-15T04:35Z,C4.9,S13W90,13599,"Flare associated with high rising post-eruptive arcades, likely from an eruption in Active Region 3599 behind the limb (at longitude ~96 degrees)",2024-03-20T12:03Z,1,https://kauai.ccmc.gsfc.nasa.gov/DONKI/view/FLR/29667/-1,2024-03-15T02:10:00-CME-001,2024-03-15T02:10:00.000-04:00,CME
2024-03-15T05:32:00-FLR-001,M2M_CATALOG,[{'displayName': 'GOES-P: EXIS 1.0-8.0'}],2024-03-15T05:32Z,2024-03-15T06:10Z,2024-03-15T06:59Z,C6.0,S13W97,13599,Associated with post-eruptive arcades and other eruptive activity from the SW limb.,2024-03-15T13:30Z,1,https://kauai.ccmc.gsfc.nasa.gov/DONKI/view/FLR/29595/-1,2024-03-15T06:13:00-CME-001,2024-03-15T06:13:00.000-04:00,CME
2024-03-18T03:21:00-FLR-001,M2M_CATALOG,[{'displayName': 'GOES-P: EXIS 1.0-8.0'}],2024-03-18T03:21Z,2024-03-18T03:32Z,2024-03-18T03:45Z,M2.7,N21W85,13612,,2024-03-18T11:38Z,1,https://kauai.ccmc.gsfc.nasa.gov/DONKI/view/FLR/29645/-1,2024-03-18T04:24:00-CME-001,2024-03-18T04:24:00.000-04:00,CME
2024-03-22T13:45:00-FLR-001,M2M_CATALOG,[{'displayName': 'GOES-P: EXIS 1.0-8.0'}],2024-03-22T13:45Z,2024-03-22T13:58Z,2024-03-22T14:12Z,C8.4,N18E13,13614,,2024-03-22T19:36Z,1,https://kauai.ccmc.gsfc.nasa.gov/DONKI/view/FLR/29706/-1,2024-03-22T14:48:00-CME-001,2024-03-22T14:48:00.000-04:00,CME
2024-03-23T00:58:00-FLR-001,M2M_CATALOG,[{'displayName': 'GOES-P: EXIS 1.0-8.0'}],2024-03-23T00:58Z,2024-03-23T01:33Z,2024-03-23T02:21Z,X1.1,N25E07,13614,"This flare appears to be a sympathetic eruption from both AR 3614 (flare centered ~N25E07) and AR 3615 (flare centered ~S14E15) in opposite hemispheres. The primary association is given to AR 3615 as it is marginally brighter of the two, but AR 3614 appears to be associated with an eruption/EUV wave seen in SDO AIA 193 while AR 3615 is not.",2025-02-07T17:01Z,6,https://kauai.ccmc.gsfc.nasa.gov/DONKI/view/FLR/29708/-1,2024-03-23T01:25:00-CME-001,2024-03-23T01:25:00.000-04:00,CME
2024-03-23T00:58:00-FLR-001,M2M_CATALOG,[{'displayName': 'GOES-P: EXIS 1.0-8.0'}],2024-03-23T00:58Z,2024-03-23T01:33Z,2024-03-23T02:21Z,X1.1,N25E07,13614,"This flare appears to be a sympathetic eruption from both AR 3614 (flare centered ~N25E07) and AR 3615 (flare centered ~S14E15) in opposite hemispheres. The primary association is given to AR 3615 as it is marginally brighter of the two, but AR 3614 appears to be associated with an eruption/EUV wave seen in SDO AIA 193 while AR 3615 is not.",2025-02-07T17:01Z,6,https://kauai.ccmc.gsfc.nasa.gov/DONKI/view/FLR/29708/-1,2024-03-23T05:57:00-SEP-001,2024-03-23T05:57:00.000-04:00,SEP
2024-03-23T00:58:00-FLR-001,M2M_CATALOG,[{'displayName': 'GOES-P: EXIS 1.0-8.0'}],2024-03-23T00:58Z,2024-03-23T01:33Z,2024-03-23T02:21Z,X1.1,N25E07,13614,"This flare appears to be a sympathetic eruption from both AR 3614 (flare centered ~N25E07) and AR 3615 (flare centered ~S14E15) in opposite hemispheres. The primary association is given to AR 3615 as it is marginally brighter of the two, but AR 3614 appears to be associated with an eruption/EUV wave seen in SDO AIA 193 while AR 3615 is not.",2025-02-07T17:01Z,6,https://kauai.ccmc.gsfc.nasa.gov/DONKI/view/FLR/29708/-1,2024-03-23T06:49:00-SEP-001,2024-03-23T06:49:00.000-04:00,SEP
2024-03-23T00:58:00-FLR-001,M2M_CATALOG,[{'displayName': 'GOES-P: EXIS 1.0-8.0'}],2024-03-23T00:58Z,2024-03-23T01:33Z,2024-03-23T02:21Z,X1.1,N25E07,13614,"This flare appears to be a sympathetic eruption from both AR 3614 (flare centered ~N25E07) and AR 3615 (flare centered ~S14E15) in opposite hemispheres. The primary association is given to AR 3615 as it is marginally brighter of the two, but AR 3614 appears to be associated with an eruption/EUV wave seen in SDO AIA 193 while AR 3615 is not.",2025-02-07T17:01Z,6,https://kauai.ccmc.gsfc.nasa.gov/DONKI/view/FLR/29708/-1,2024-03-23T08:15:00-SEP-001,2024-03-23T08:15:00.000-04:00,SEP
2024-03-23T00:58:00-FLR-001,M2M_CATALOG,[{'displayName': 'GOES-P: EXIS 1.0-8.0'}],2024-03-23T00:58Z,2024-03-23T01:33Z,2024-03-23T02:21Z,X1.1,N25E07,13614,"This flare appears to be a sympathetic eruption from both AR 3614 (flare centered ~N25E07) and AR 3615 (flare centered ~S14E15) in opposite hemispheres. The primary association is given to AR 3615 as it is marginally brighter of the two, but AR 3614 appears to be associated with an eruption/EUV wave seen in SDO AIA 193 while AR 3615 is not.",2025-02-07T17:01Z,6,https://kauai.ccmc.gsfc.nasa.gov/DONKI/view/FLR/29708/-1,2024-03-23T09:55:00-SEP-001,2024-03-23T09:55:00.000-04:00,SEP
2024-03-25T14:30:00-FLR-001,M2M_CATALOG,[{'displayName': 'GOES-P: EXIS 1.0-8.0'}],2024-03-25T14:30Z,2024-03-25T14:51Z,2024-03-25T14:56Z,C5.9,N17E52,13622,,2024-03-26T12:45Z,1,https://kauai.ccmc.gsfc.nasa.gov/DONKI/view/FLR/29803/-1,2024-03-25T15:12:00-CME-001,2024-03-25T15:12:00.000-04:00,CME
2024-03-28T20:29:00-FLR-001,M2M_CATALOG,[{'displayName': 'GOES-P: EXIS 1.0-8.0'}],2024-03-28T20:29Z,2024-03-28T20:46Z,2024-03-28T20:50Z,M9.7,S14W60,13615,,2024-03-28T21:05Z,2,https://kauai.ccmc.gsfc.nasa.gov/DONKI/view/FLR/29833/-1,2024-03-28T21:12:00-CME-001,2024-03-28T21:12:00.000-04:00,CME
2024-03-28T20:50:00-FLR-001,M2M_CATALOG,[{'displayName': 'GOES-P: EXIS 1.0-8.0'}],2024-03-28T20:50Z,2024-03-28T20:56Z,2024-03-28T21:01Z,X1.1,S14W60,13615,,2024-03-28T21:14Z,2,https://kauai.ccmc.gsfc.nasa.gov/DONKI/view/FLR/29836/-1,2024-03-28T21:12:00-CME-001,2024-03-28T21:12:00.000-04:00,CME
2024-03-30T21:01:00-FLR-001,M2M_CATALOG,[{'displayName': 'GOES-P: EXIS 1.0-8.0'}],2024-03-30T21:01Z,2024-03-30T21:16Z,2024-03-30T22:15Z,M9.4,S13W92,13615,Partially occulted double-peaked long duration flare from Active Region 3615 that has rotated behind the SW limb. The flare is accompanied by a very bright ejecta that seems to contribute to the flare intensity/duration. The second flare peak starts very soon after the first one is reached (at 2024-03-30T21:21Z) and reaches intensity of M9.3 at 2024-03-30T21:31Z.,2024-04-03T12:11Z,6,https://kauai.ccmc.gsfc.nasa.gov/DONKI/view/FLR/29854/-1,2024-03-30T21:36:00-CME-001,2024-03-30T21:36:00.000-04:00,CME
2024-03-30T22:49:00-FLR-001,M2M_CATALOG,[{'displayName': 'GOES-P: EXIS 1.0-8.0'}],2024-03-30T22:49Z,2024-03-30T22:53Z,2024-03-30T23:07Z,M4.5,S13W93,13615,"Occulted flare from Active Region 3615 that has rotated behind the SW limb. There could also be more minor contribution to this flare from simultaneous flaring NE of Active Region 3624 at around N25E60. This flare comes on the back of the long duration double peaked M9.4 class flare from Active Region 3615, with contribution from a bright ejecta/post-eruptive arcades from this region.",2024-04-03T16:16Z,4,https://kauai.ccmc.gsfc.nasa.gov/DONKI/view/FLR/29857/-1,2024-03-30T21:36:00-CME-001,2024-03-30T21:36:00.000-04:00,CME
2024-04-11T16:52:00-FLR-001,M2M_CATALOG,[{'displayName': 'GOES-P: EXIS 1.0-8.0'}],2024-04-11T16:52Z,2024-04-11T17:06Z,2024-04-11T17:11Z,M5.4,S15E90,,Sympathetic flaring from regions in the NE and SE beyond the eastern limb. Possibly old AR's 3614 (~N20E90+) and 3615 (~S15E90+).,2024-04-11T17:36Z,2,https://kauai.ccmc.gsfc.nasa.gov/DONKI/view/FLR/29986/-1,2024-04-11T17:12:00-CME-001,2024-04-11T17:12:00.000-04:00,CME
2024-04-12T17:45:00-FLR-001,M2M_CATALOG,[{'displayName': 'GOES-P: EXIS 1.0-8.0'}],2024-04-12T17:45Z,2024-04-12T17:55Z,2024-04-12T17:59Z,C8.9,S13E90,13637,,2024-04-13T14:57Z,2,https://kauai.ccmc.gsfc.nasa.gov/DONKI/view/FLR/30030/-1,2024-04-12T18:12:00-CME-001,2024-04-12T18:12:00.000-04:00,CME
2024-04-13T04:58:00-FLR-001,M2M_CATALOG,[{'displayName': 'GOES-P: EXIS 1.0-8.0'}],2024-04-13T04:58Z,2024-04-13T05:02Z,2024-04-13T05:06Z,M2.4,S13E83,13637,,2024-04-13T12:29Z,1,https://kauai.ccmc.gsfc.nasa.gov/DONKI/view/FLR/30029/-1,2024-04-13T05:12:00-CME-001,2024-04-13T05:12:00.000-04:00,CME
2024-04-13T14:48:00-FLR-001,M2M_CATALOG,[{'displayName': 'GOES-P: EXIS 1.0-8.0'}],2024-04-13T14:48Z,2024-04-13T14:59Z,2024-04-13T15:08Z,C5.5,N29W10,13634,,2024-04-15T18:36Z,2,https://kauai.ccmc.gsfc.nasa.gov/DONKI/view/FLR/30072/-1,2024-04-13T18:00:00-CME-001,2024-04-13T18:00:00.000-04:00,CME
2024-04-13T21:01:00-FLR-001,M2M_CATALOG,[{'displayName': 'GOES-P: EXIS 1.0-8.0'}],2024-04-13T21:01Z,2024-04-13T21:09Z,2024-04-13T21:18Z,C2.1,S18E72,13638,,2024-04-16T15:56Z,1,https://kauai.ccmc.gsfc.nasa.gov/DONKI/view/FLR/30096/-1,2024-04-13T21:24:00-CME-001,2024-04-13T21:24:00.000-04:00,CME
2024-04-14T10:24:00-FLR-001,M2M_CATALOG,[{'displayName': 'GOES-P: EXIS 1.0-8.0'}],2024-04-14T10:24Z,2024-04-14T11:01Z,2024-04-14T11:27Z,C5.0,S17E44,13636,"Manually calculated end time, end time is interrupted by a second peak from a separate flare.",2024-04-15T20:17Z,1,https://kauai.ccmc.gsfc.nasa.gov/DONKI/view/FLR/30085/-1,2024-04-14T11:12:00-CME-001,2024-04-14T11:12:00.000-04:00,CME
2024-04-15T05:47:00-FLR-001,M2M_CATALOG,[{'displayName': 'GOES-P: EXIS 1.0-8.0'}],2024-04-15T05:47Z,2024-04-15T06:00Z,2024-04-15T06:07Z,C5.6,S17E30,13636,,2024-04-15T20:11Z,1,https://kauai.ccmc.gsfc.nasa.gov/DONKI/view/FLR/30084/-1,2024-04-15T06:48:00-CME-001,2024-04-15T06:48:00.000-04:00,CME
2024-04-17T20:00:00-FLR-001,M2M_CATALOG,[{'displayName': 'GOES-P: EXIS 1.0-8.0'}],2024-04-17T20:00Z,2024-04-17T20:04Z,2024-04-17T20:05Z,C9.0,S18E20,13638,"First peak of a double peaked flare, followed by C9.7 from the same region. Manually calculated end-time.",2024-04-18T21:22Z,1,https://kauai.ccmc.gsfc.nasa.gov/DONKI/view/FLR/30125/-1,2024-04-17T21:12:00-CME-001,2024-04-17T21:12:00.000-04:00,CME
2024-04-17T20:06:00-FLR-001,M2M_CATALOG,[{'displayName': 'GOES-P: EXIS 1.0-8.0'}],2024-04-17T20:06Z,2024-04-17T20:08Z,2024-04-17T20:09Z,C9.7,S18E20,13638,"Second peak of a double peaked flare, preceded by C9.0 from the same region. Manually calculated end-time.",2024-04-18T21:25Z,1,https://kauai.ccmc.gsfc.nasa.gov/DONKI/view/FLR/30126/-1,2024-04-17T21:12:00-CME-001,2024-04-17T21:12:00.000-04:00,CME
2024-04-18T02:32:00-FLR-001,M2M_CATALOG,[{'displayName': 'GOES-P: EXIS 1.0-8.0'}],2024-04-18T02:32Z,2024-04-18T02:48Z,2024-04-18T02:53Z,M2.2,S18E16,13638,"Some simultaneous brightening from nearby ARs 3643 and 3645, but the flare is largely from AR 3638 as observed in SDO AIA 131.",2024-04-18T12:36Z,1,https://kauai.ccmc.gsfc.nasa.gov/DONKI/view/FLR/30120/-1,2024-04-18T03:12:00-CME-001,2024-04-18T03:12:00.000-04:00,CME
2024-04-20T08:36:00-FLR-001,M2M_CATALOG,[{'displayName': 'GOES-P: EXIS 1.0-8.0'}],2024-04-20T08:36Z,2024-04-20T08:49Z,2024-04-20T09:03Z,C3.9,S20W33,13636,,2024-04-20T17:43Z,1,https://kauai.ccmc.gsfc.nasa.gov/DONKI/view/FLR/30165/-1,2024-04-20T09:24:00-CME-001,2024-04-20T09:24:00.000-04:00,CME
2024-04-21T10:51:00-FLR-001,M2M_CATALOG,[{'displayName': 'GOES-P: EXIS 1.0-8.0'}],2024-04-21T10:51Z,2024-04-21T10:53Z,2024-04-21T10:56Z,C2.7,S17W34,13638,,2024-04-22T20:23Z,1,https://kauai.ccmc.gsfc.nasa.gov/DONKI/view/FLR/30191/-1,2024-04-21T11:12:00-CME-001,2024-04-21T11:12:00.000-04:00,CME
2024-04-21T12:11:00-FLR-001,M2M_CATALOG,[{'displayName': 'GOES-P: EXIS 1.0-8.0'}],2024-04-21T12:11Z,2024-04-21T12:17Z,2024-04-21T12:33Z,C3.6,S20W33,13638,,2024-04-22T20:17Z,1,https://kauai.ccmc.gsfc.nasa.gov/DONKI/view/FLR/30190/-1,2024-04-21T12:48:00-CME-001,2024-04-21T12:48:00.000-04:00,CME
2024-04-21T15:07:00-FLR-001,M2M_CATALOG,[{'displayName': 'GOES-P: EXIS 1.0-8.0'}],2024-04-21T15:07Z,2024-04-21T15:14Z,2024-04-21T15:20Z,M2.2,S19W35,13638,,2024-04-21T16:16Z,1,https://kauai.ccmc.gsfc.nasa.gov/DONKI/view/FLR/30169/-1,2024-04-21T15:37:00-CME-001,2024-04-21T15:37:00.000-04:00,CME
2024-04-21T21:44:00-FLR-001,M2M_CATALOG,[{'displayName': 'GOES-P: EXIS 1.0-8.0'}],2024-04-21T21:44Z,2024-04-21T21:52Z,2024-04-21T21:57Z,M3.4,S19W37,13638,,2024-04-22T13:24Z,2,https://kauai.ccmc.gsfc.nasa.gov/DONKI/view/FLR/30179/-1,2024-04-21T22:12:00-CME-001,2024-04-21T22:12:00.000-04:00,CME
2024-04-22T05:27:00-FLR-001,M2M_CATALOG,[{'displayName': 'GOES-P: EXIS 1.0-8.0'}],2024-04-22T05:27Z,2024-04-22T05:37Z,2024-04-22T05:42Z,C8.9,S19W41,13638,,2024-04-22T17:08Z,1,https://kauai.ccmc.gsfc.nasa.gov/DONKI/view/FLR/30186/-1,2024-04-22T06:12:00-CME-001,2024-04-22T06:12:00.000-04:00,CME
2024-04-22T12:07:00-FLR-001,M2M_CATALOG,[{'displayName': 'GOES-P: EXIS 1.0-8.0'}],2024-04-22T12:07Z,2024-04-22T12:12Z,2024-04-22T12:24Z,C5.9,S19W45,13638,,2024-04-22T17:35Z,1,https://kauai.ccmc.gsfc.nasa.gov/DONKI/view/FLR/30187/-1,2024-04-22T12:36:00-CME-001,2024-04-22T12:36:00.000-04:00,CME
2024-04-22T15:41:00-FLR-001,M2M_CATALOG,[{'displayName': 'GOES-P: EXIS 1.0-8.0'}],2024-04-22T15:41Z,2024-04-22T15:50Z,2024-04-22T15:58Z,M2.8,S11E70,13656,"Previous flaring was continuing from AR 3646 (N21E05) and AR 3645 (S05W50) during this impulsive flare from AR 3656. Simultaneous, less intense but impulsive flare seen at AR 3638 (S18W44) starting at 2024-04-22T15:45Z in SDO AIA 131. Simultaneous, less intense flare seen at AR 3652 (N15E22) starting at 2024-04-22T15:45Z in SDO AIA 131. Active Region locations taken at peak time of flare, 2024-04-22T15:50Z.",2024-04-22T16:35Z,2,https://kauai.ccmc.gsfc.nasa.gov/DONKI/view/FLR/30183/-1,2024-04-22T16:12:00-CME-001,2024-04-22T16:12:00.000-04:00,CME
2024-04-22T21:05:00-FLR-001,M2M_CATALOG,[{'displayName': 'GOES-P: EXIS 1.0-8.0'}],2024-04-22T21:05Z,2024-04-22T21:16Z,2024-04-22T21:24Z,M1.5,S20W48,13638,,2024-04-23T12:46Z,1,https://kauai.ccmc.gsfc.nasa.gov/DONKI/view/FLR/30207/-1,2024-04-22T21:48:00-CME-001,2024-04-22T21:48:00.000-04:00,CME
2024-04-22T21:05:00-FLR-001,M2M_CATALOG,[{'displayName': 'GOES-P: EXIS 1.0-8.0'}],2024-04-22T21:05Z,2024-04-22T21:16Z,2024-04-22T21:24Z,M1.5,S20W48,13638,,2024-04-23T12:46Z,1,https://kauai.ccmc.gsfc.nasa.gov/DONKI/view/FLR/30207/-1,2024-04-22T22:24:00-CME-001,2024-04-22T22:24:00.000-04:00,CME
2024-04-23T03:06:00-FLR-001,M2M_CATALOG,[{'displayName': 'GOES-P: EXIS 1.0-8.0'}],2024-04-23T03:06Z,2024-04-23T03:19Z,2024-04-23T03:35Z,M3.6,S06E45,13654,Simultaneous and overlapping flaring from three Active Regions. Impulsive flare from AR 3654 (S06E45) with distinct brightening starting at 2024-04-23T03:12Z in SDO AIA 131. Significant brightening from AR 3647 (S12W45) is seen starting at 2024-04-23T03:18Z in SDO AIA 131. Significant brightening from AR 3646 (N20W03) is seen starting at 2024-04-23T03:20Z in SDO AIA 131. Brightening at all three locations may possibly have eruptions associated. Eruption of filament seen in UV imagery at about 2024-04-23T03:24Z stretching from S05W10 to S30E05 is not located near any of the three active regions that contributed to this flare.,2024-04-23T12:58Z,1,https://kauai.ccmc.gsfc.nasa.gov/DONKI/view/FLR/30209/-1,2024-04-23T04:12:00-CME-001,2024-04-23T04:12:00.000-04:00,CME
2024-04-23T08:07:00-FLR-001,M2M_CATALOG,[{'displayName': 'GOES-P: EXIS 1.0-8.0'}],2024-04-23T08:07Z,2024-04-23T08:21Z,2024-04-23T08:29Z,M3.0,S06E41,13654,,2024-04-23T12:43Z,1,https://kauai.ccmc.gsfc.nasa.gov/DONKI/view/FLR/30206/-1,2024-04-23T09:12:00-CME-001,2024-04-23T09:12:00.000-04:00,CME
2024-04-23T17:33:00-FLR-001,M2M_CATALOG,[{'displayName': 'GOES-P: EXIS 1.0-8.0'}],2024-04-23T17:33Z,2024-04-23T17:44Z,2024-04-23T17:52Z,M2.9,S19W60,13638,,2024-04-23T18:36Z,1,https://kauai.ccmc.gsfc.nasa.gov/DONKI/view/FLR/30221/-1,2024-04-23T18:12:00-CME-001,2024-04-23T18:12:00.000-04:00,CME
2024-04-23T17:33:00-FLR-001,M2M_CATALOG,[{'displayName': 'GOES-P: EXIS 1.0-8.0'}],2024-04-23T17:33Z,2024-04-23T17:44Z,2024-04-23T17:52Z,M2.9,S19W60,13638,,2024-04-23T18:36Z,1,https://kauai.ccmc.gsfc.nasa.gov/DONKI/view/FLR/30221/-1,2024-04-23T18:24:00-CME-001,2024-04-23T18:24:00.000-04:00,CME
2024-04-24T14:02:00-FLR-001,M2M_CATALOG,[{'displayName': 'GOES-P: EXIS 1.0-8.0'}],2024-04-24T14:02Z,2024-04-24T14:10Z,2024-04-24T14:20Z,C9.4,S18W70,13638,,2024-04-25T12:47Z,1,https://kauai.ccmc.gsfc.nasa.gov/DONKI/view/FLR/30272/-1,2024-04-24T15:05:00-CME-001,2024-04-24T15:05:00.000-04:00,CME
2024-04-25T17:03:00-FLR-001,M2M_CATALOG,[{'displayName': 'GOES-P: EXIS 1.0-8.0'}],2024-04-25T17:03Z,2024-04-25T17:12Z,2024-04-25T17:16Z,M1.3,S19W88,13638,,2024-04-25T17:38Z,1,https://kauai.ccmc.gsfc.nasa.gov/DONKI/view/FLR/30291/-1,2024-04-25T18:24:00-CME-001,2024-04-25T18:24:00.000-04:00,CME
2024-04-30T00:46:00-FLR-001,M2M_CATALOG,[{'displayName': 'GOES-P: EXIS 1.0-8.0'}],2024-04-30T00:46Z,2024-04-30T01:14Z,2024-04-30T01:31Z,M1.6,S07W54,13654,,2024-04-30T12:06Z,1,https://kauai.ccmc.gsfc.nasa.gov/DONKI/view/FLR/30343/-1,2024-04-30T00:36:00-CME-001,2024-04-30T00:36:00.000-04:00,CME
2024-05-01T05:53:00-FLR-001,M2M_CATALOG,[{'displayName': 'GOES-P: EXIS 1.0-8.0'}],2024-05-01T05:53Z,2024-05-01T06:57Z,2024-05-01T07:35Z,C5.3,S15W76,13657,,2025-02-07T15:31Z,1,https://kauai.ccmc.gsfc.nasa.gov/DONKI/view/FLR/36921/-1,2024-05-01T06:36:00-CME-001,2024-05-01T06:36:00.000-04:00,CME
2024-05-01T22:26:00-FLR-001,M2M_CATALOG,[{'displayName': 'GOES-P: EXIS 1.0-8.0'}],2024-05-01T22:26Z,2024-05-01T22:31Z,2024-05-01T22:37Z,M1.8,N25E22,13663,,2024-05-02T12:53Z,1,https://kauai.ccmc.gsfc.nasa.gov/DONKI/view/FLR/30378/-1,2024-05-01T23:16:00-CME-001,2024-05-01T23:16:00.000-04:00,CME
2024-05-03T02:11:00-FLR-001,M2M_CATALOG,[{'displayName': 'GOES-P: EXIS 1.0-8.0'}],2024-05-03T02:11Z,2024-05-03T02:22Z,2024-05-03T02:27Z,X1.6,N26E05,13663,,2024-05-03T02:54Z,2,https://kauai.ccmc.gsfc.nasa.gov/DONKI/view/FLR/30403/-1,2024-05-03T02:48:00-CME-001,2024-05-03T02:48:00.000-04:00,CME
2024-05-03T08:05:00-FLR-001,M2M_CATALOG,[{'displayName': 'GOES-P: EXIS 1.0-8.0'}],2024-05-03T08:05Z,2024-05-03T08:11Z,2024-05-03T08:16Z,M4.4,N26E05,13663,,2024-05-03T09:09Z,1,https://kauai.ccmc.gsfc.nasa.gov/DONKI/view/FLR/30408/-1,2024-05-03T09:24:00-CME-001,2024-05-03T09:24:00.000-04:00,CME
2024-05-03T23:11:00-FLR-001,M2M_CATALOG,[{'displayName': 'GOES-P: EXIS 1.0-8.0'}],2024-05-03T23:11Z,2024-05-03T23:16Z,2024-05-03T23:20Z,M1.0,N25W04,13663,,2024-05-04T13:29Z,1,https://kauai.ccmc.gsfc.nasa.gov/DONKI/view/FLR/30430/-1,2024-05-04T01:53:00-CME-001,2024-05-04T01:53:00.000-04:00,CME
2024-05-03T23:24:00-FLR-001,M2M_CATALOG,[{'displayName': 'GOES-P: EXIS 1.0-8.0'}],2024-05-03T23:24Z,2024-05-03T23:30Z,2024-05-03T23:36Z,M2.4,N26W06,13663,,2024-05-04T13:24Z,1,https://kauai.ccmc.gsfc.nasa.gov/DONKI/view/FLR/30429/-1,2024-05-04T01:53:00-CME-001,2024-05-04T01:53:00.000-04:00,CME
2024-05-04T00:26:00-FLR-001,M2M_CATALOG,[{'displayName': 'GOES-P: EXIS 1.0-8.0'}],2024-05-04T00:26Z,2024-05-04T00:36Z,2024-05-04T00:44Z,M1.6,N26W05,13663,,2024-05-04T13:26Z,2,https://kauai.ccmc.gsfc.nasa.gov/DONKI/view/FLR/30428/-1,2024-05-04T01:53:00-CME-001,2024-05-04T01:53:00.000-04:00,CME
2024-05-04T06:02:00-FLR-001,M2M_CATALOG,[{'displayName': 'GOES-P: EXIS 1.0-8.0'}],2024-05-04T06:02Z,2024-05-04T06:19Z,2024-05-04T06:30Z,M9.1,N26W09,13663,,2024-05-04T12:22Z,2,https://kauai.ccmc.gsfc.nasa.gov/DONKI/view/FLR/30424/-1,2024-05-04T06:53:00-CME-001,2024-05-04T06:53:00.000-04:00,CME
2024-05-04T23:28:00-FLR-001,M2M_CATALOG,[{'displayName': 'GOES-P: EXIS 1.0-8.0'}],2024-05-04T23:28Z,2024-05-04T23:48Z,2024-05-04T23:55Z,M9.0,N26W17,13663,,2024-05-05T02:25Z,2,https://kauai.ccmc.gsfc.nasa.gov/DONKI/view/FLR/30450/-1,2024-05-05T02:09:00-CME-001,2024-05-05T02:09:00.000-04:00,CME
2024-05-05T01:15:00-FLR-001,M2M_CATALOG,[{'displayName': 'GOES-P: EXIS 1.0-8.0'}],2024-05-05T01:15Z,2024-05-05T01:27Z,2024-05-05T01:43Z,M8.4,N26W20,13663,,2024-05-05T02:34Z,2,https://kauai.ccmc.gsfc.nasa.gov/DONKI/view/FLR/30452/-1,2024-05-05T02:09:00-CME-001,2024-05-05T02:09:00.000-04:00,CME
2024-05-05T03:01:00-FLR-001,M2M_CATALOG,[{'displayName': 'GOES-P: EXIS 1.0-8.0'}],2024-05-05T03:01Z,2024-05-05T03:17Z,2024-05-05T03:27Z,C8.8,N24W21,13663,,2024-05-05T18:00Z,3,https://kauai.ccmc.gsfc.nasa.gov/DONKI/view/FLR/30480/-1,2024-05-05T03:38:00-CME-001,2024-05-05T03:38:00.000-04:00,CME
2024-05-05T05:47:00-FLR-001,M2M_CATALOG,[{'displayName': 'GOES-P: EXIS 1.0-8.0'}],2024-05-05T05:47Z,2024-05-05T06:01Z,2024-05-05T06:07Z,X1.3,N26W20,13663,,2024-05-05T12:26Z,3,https://kauai.ccmc.gsfc.nasa.gov/DONKI/view/FLR/30457/-1,2024-05-05T06:38:00-CME-001,2024-05-05T06:38:00.000-04:00,CME
2024-05-05T08:07:00-FLR-001,M2M_CATALOG,[{'displayName': 'GOES-P: EXIS 1.0-8.0'}],2024-05-05T08:07Z,2024-05-05T08:19Z,2024-05-05T08:24Z,M1.3,N26W22,13663,,2024-05-05T12:51Z,1,https://kauai.ccmc.gsfc.nasa.gov/DONKI/view/FLR/30466/-1,2024-05-05T08:09:00-CME-001,2024-05-05T08:09:00.000-04:00,CME
2024-05-05T11:41:00-FLR-001,M2M_CATALOG,[{'displayName': 'GOES-P: EXIS 1.0-8.0'}],2024-05-05T11:41Z,2024-05-05T11:54Z,2024-05-05T12:16Z,X1.2,N26W23,13663,,2024-05-05T12:23Z,4,https://kauai.ccmc.gsfc.nasa.gov/DONKI/view/FLR/30461/-1,2024-05-05T13:24:00-CME-001,2024-05-05T13:24:00.000-04:00,CME
2024-05-06T05:38:00-FLR-001,M2M_CATALOG,[{'displayName': 'GOES-P: EXIS 1.0-8.0'}],2024-05-06T05:38Z,2024-05-06T06:35Z,2024-05-06T06:47Z,X4.5,N26W35,13663,,2024-05-06T11:06Z,2,https://kauai.ccmc.gsfc.nasa.gov/DONKI/view/FLR/30484/-1,2024-05-06T07:38:00-CME-001,2024-05-06T07:38:00.000-04:00,CME
2024-05-08T04:20:00-FLR-001,M2M_CATALOG,[{'displayName': 'GOES-P: EXIS 1.0-8.0'}],2024-05-08T04:20Z,2024-05-08T04:30Z,2024-05-08T04:37Z,M3.5,S21W10,13664,,2024-05-08T16:41Z,2,https://kauai.ccmc.gsfc.nasa.gov/DONKI/view/FLR/30557/-1,2024-05-08T05:36:00-CME-001,2024-05-08T05:36:00.000-04:00,CME
2024-05-08T04:20:00-FLR-001,M2M_CATALOG,[{'displayName': 'GOES-P: EXIS 1.0-8.0'}],2024-05-08T04:20Z,2024-05-08T04:30Z,2024-05-08T04:37Z,M3.5,S21W10,13664,,2024-05-08T16:41Z,2,https://kauai.ccmc.gsfc.nasa.gov/DONKI/view/FLR/30557/-1,2024-05-10T13:35:00-SEP-001,2024-05-10T13:35:00.000-04:00,SEP
2024-05-08T04:20:00-FLR-001,M2M_CATALOG,[{'displayName': 'GOES-P: EXIS 1.0-8.0'}],2024-05-08T04:20Z,2024-05-08T04:30Z,2024-05-08T04:37Z,M3.5,S21W10,13664,,2024-05-08T16:41Z,2,https://kauai.ccmc.gsfc.nasa.gov/DONKI/view/FLR/30557/-1,2024-05-10T14:50:00-SEP-001,2024-05-10T14:50:00.000-04:00,SEP
2024-05-08T04:37:00-FLR-001,M2M_CATALOG,[{'displayName': 'GOES-P: EXIS 1.0-8.0'}],2024-05-08T04:37Z,2024-05-08T05:09Z,2024-05-08T05:32Z,X1.0,S22W10,13664,"An M3.5 flare also from Active Region 13664 immediately precedes this X1.0 flare. Both flares may be considered to be associated with the eruptive activity observed in UV imagery and the coronal mass ejection observed in SOHO LASCO, however, analysis is ongoing.",2024-05-08T17:01Z,4,https://kauai.ccmc.gsfc.nasa.gov/DONKI/view/FLR/30551/-1,2024-05-08T05:36:00-CME-001,2024-05-08T05:36:00.000-04:00,CME
2024-05-08T04:37:00-FLR-001,M2M_CATALOG,[{'displayName': 'GOES-P: EXIS 1.0-8.0'}],2024-05-08T04:37Z,2024-05-08T05:09Z,2024-05-08T05:32Z,X1.0,S22W10,13664,"An M3.5 flare also from Active Region 13664 immediately precedes this X1.0 flare. Both flares may be considered to be associated with the eruptive activity observed in UV imagery and the coronal mass ejection observed in SOHO LASCO, however, analysis is ongoing.",2024-05-08T17:01Z,4,https://kauai.ccmc.gsfc.nasa.gov/DONKI/view/FLR/30551/-1,2024-05-10T13:35:00-SEP-001,2024-05-10T13:35:00.000-04:00,SEP
2024-05-08T04:37:00-FLR-001,M2M_CATALOG,[{'displayName': 'GOES-P: EXIS 1.0-8.0'}],2024-05-08T04:37Z,2024-05-08T05:09Z,2024-05-08T05:32Z,X1.0,S22W10,13664,"An M3.5 flare also from Active Region 13664 immediately precedes this X1.0 flare. Both flares may be considered to be associated with the eruptive activity observed in UV imagery and the coronal mass ejection observed in SOHO LASCO, however, analysis is ongoing.",2024-05-08T17:01Z,4,https://kauai.ccmc.gsfc.nasa.gov/DONKI/view/FLR/30551/-1,2024-05-10T14:50:00-SEP-001,2024-05-10T14:50:00.000-04:00,SEP
2024-05-08T11:26:00-FLR-001,M2M_CATALOG,[{'displayName': 'GOES-P: EXIS 1.0-8.0'}],2024-05-08T11:26Z,2024-05-08T12:04Z,2024-05-08T12:17Z,M8.6,S20W11,13664,"Overlapping flaring from Active Region 13663 may have contributed to the flux of the flare, particularly before the peak of this M8.5 flare.",2024-05-08T15:26Z,3,https://kauai.ccmc.gsfc.nasa.gov/DONKI/view/FLR/30555/-1,2024-05-08T12:24:00-CME-001,2024-05-08T12:24:00.000-04:00,CME
2024-05-08T11:26:00-FLR-001,M2M_CATALOG,[{'displayName': 'GOES-P: EXIS 1.0-8.0'}],2024-05-08T11:26Z,2024-05-08T12:04Z,2024-05-08T12:17Z,M8.6,S20W11,13664,"Overlapping flaring from Active Region 13663 may have contributed to the flux of the flare, particularly before the peak of this M8.5 flare.",2024-05-08T15:26Z,3,https://kauai.ccmc.gsfc.nasa.gov/DONKI/view/FLR/30555/-1,2024-05-10T13:35:00-SEP-001,2024-05-10T13:35:00.000-04:00,SEP
2024-05-08T11:26:00-FLR-001,M2M_CATALOG,[{'displayName': 'GOES-P: EXIS 1.0-8.0'}],2024-05-08T11:26Z,2024-05-08T12:04Z,2024-05-08T12:17Z,M8.6,S20W11,13664,"Overlapping flaring from Active Region 13663 may have contributed to the flux of the flare, particularly before the peak of this M8.5 flare.",2024-05-08T15:26Z,3,https://kauai.ccmc.gsfc.nasa.gov/DONKI/view/FLR/30555/-1,2024-05-10T14:50:00-SEP-001,2024-05-10T14:50:00.000-04:00,SEP
2024-05-08T21:08:00-FLR-001,M2M_CATALOG,[{'displayName': 'GOES-P: EXIS 1.0-8.0'}],2024-05-08T21:08Z,2024-05-08T21:40Z,2024-05-08T23:10Z,X1.0,S20W17,13664,First peak of a double peaked flare. Times adjusted to match NOAA SWPC Solar & Geophysical Activity Summary.,2025-01-06T18:21Z,9,https://kauai.ccmc.gsfc.nasa.gov/DONKI/view/FLR/30601/-1,2024-05-08T22:24:00-CME-001,2024-05-08T22:24:00.000-04:00,CME
2024-05-08T21:08:00-FLR-001,M2M_CATALOG,[{'displayName': 'GOES-P: EXIS 1.0-8.0'}],2024-05-08T21:08Z,2024-05-08T21:40Z,2024-05-08T23:10Z,X1.0,S20W17,13664,First peak of a double peaked flare. Times adjusted to match NOAA SWPC Solar & Geophysical Activity Summary.,2025-01-06T18:21Z,9,https://kauai.ccmc.gsfc.nasa.gov/DONKI/view/FLR/30601/-1,2024-05-10T13:35:00-SEP-001,2024-05-10T13:35:00.000-04:00,SEP
2024-05-08T21:08:00-FLR-001,M2M_CATALOG,[{'displayName': 'GOES-P: EXIS 1.0-8.0'}],2024-05-08T21:08Z,2024-05-08T21:40Z,2024-05-08T23:10Z,X1.0,S20W17,13664,First peak of a double peaked flare. Times adjusted to match NOAA SWPC Solar & Geophysical Activity Summary.,2025-01-06T18:21Z,9,https://kauai.ccmc.gsfc.nasa.gov/DONKI/view/FLR/30601/-1,2024-05-10T14:50:00-SEP-001,2024-05-10T14:50:00.000-04:00,SEP
2024-05-08T22:05:00-FLR-001,M2M_CATALOG,[{'displayName': 'GOES-P: EXIS 1.0-8.0'}],2024-05-08T22:05Z,2024-05-08T22:27Z,2024-05-08T23:12Z,M9.8,S22W22,13664,Second of double peaked flare. Times based off of NOAA SWPC Solar & Geophysical Activity Summary.,2024-05-09T15:52Z,3,https://kauai.ccmc.gsfc.nasa.gov/DONKI/view/FLR/30603/-1,2024-05-08T22:24:00-CME-001,2024-05-08T22:24:00.000-04:00,CME
2024-05-08T22:05:00-FLR-001,M2M_CATALOG,[{'displayName': 'GOES-P: EXIS 1.0-8.0'}],2024-05-08T22:05Z,2024-05-08T22:27Z,2024-05-08T23:12Z,M9.8,S22W22,13664,Second of double peaked flare. Times based off of NOAA SWPC Solar & Geophysical Activity Summary.,2024-05-09T15:52Z,3,https://kauai.ccmc.gsfc.nasa.gov/DONKI/view/FLR/30603/-1,2024-05-10T13:35:00-SEP-001,2024-05-10T13:35:00.000-04:00,SEP
2024-05-08T22:05:00-FLR-001,M2M_CATALOG,[{'displayName': 'GOES-P: EXIS 1.0-8.0'}],2024-05-08T22:05Z,2024-05-08T22:27Z,2024-05-08T23:12Z,M9.8,S22W22,13664,Second of double peaked flare. Times based off of NOAA SWPC Solar & Geophysical Activity Summary.,2024-05-09T15:52Z,3,https://kauai.ccmc.gsfc.nasa.gov/DONKI/view/FLR/30603/-1,2024-05-10T14:50:00-SEP-001,2024-05-10T14:50:00.000-04:00,SEP
2024-05-09T08:45:00-FLR-001,M2M_CATALOG,[{'displayName': 'GOES-P: EXIS 1.0-8.0'}],2024-05-09T08:45Z,2024-05-09T09:13Z,2024-05-09T09:36Z,X2.2,S20W25,13664,,2024-05-09T12:02Z,2,https://kauai.ccmc.gsfc.nasa.gov/DONKI/view/FLR/30605/-1,2024-05-09T09:24:00-CME-001,2024-05-09T09:24:00.000-04:00,CME
2024-05-09T08:45:00-FLR-001,M2M_CATALOG,[{'displayName': 'GOES-P: EXIS 1.0-8.0'}],2024-05-09T08:45Z,2024-05-09T09:13Z,2024-05-09T09:36Z,X2.2,S20W25,13664,,2024-05-09T12:02Z,2,https://kauai.ccmc.gsfc.nasa.gov/DONKI/view/FLR/30605/-1,2024-05-09T13:59:00-SEP-001,2024-05-09T13:59:00.000-04:00,SEP
2024-05-09T08:45:00-FLR-001,M2M_CATALOG,[{'displayName': 'GOES-P: EXIS 1.0-8.0'}],2024-05-09T08:45Z,2024-05-09T09:13Z,2024-05-09T09:36Z,X2.2,S20W25,13664,,2024-05-09T12:02Z,2,https://kauai.ccmc.gsfc.nasa.gov/DONKI/view/FLR/30605/-1,2024-05-09T14:25:00-SEP-001,2024-05-09T14:25:00.000-04:00,SEP
2024-05-09T08:45:00-FLR-001,M2M_CATALOG,[{'displayName': 'GOES-P: EXIS 1.0-8.0'}],2024-05-09T08:45Z,2024-05-09T09:13Z,2024-05-09T09:36Z,X2.2,S20W25,13664,,2024-05-09T12:02Z,2,https://kauai.ccmc.gsfc.nasa.gov/DONKI/view/FLR/30605/-1,2024-05-10T12:59:00-SEP-001,2024-05-10T12:59:00.000-04:00,SEP
2024-05-09T08:45:00-FLR-001,M2M_CATALOG,[{'displayName': 'GOES-P: EXIS 1.0-8.0'}],2024-05-09T08:45Z,2024-05-09T09:13Z,2024-05-09T09:36Z,X2.2,S20W25,13664,,2024-05-09T12:02Z,2,https://kauai.ccmc.gsfc.nasa.gov/DONKI/view/FLR/30605/-1,2024-05-10T13:02:00-SEP-001,2024-05-10T13:02:00.000-04:00,SEP
2024-05-09T08:45:00-FLR-001,M2M_CATALOG,[{'displayName': 'GOES-P: EXIS 1.0-8.0'}],2024-05-09T08:45Z,2024-05-09T09:13Z,2024-05-09T09:36Z,X2.2,S20W25,13664,,2024-05-09T12:02Z,2,https://kauai.ccmc.gsfc.nasa.gov/DONKI/view/FLR/30605/-1,2024-05-10T13:35:00-SEP-001,2024-05-10T13:35:00.000-04:00,SEP
2024-05-09T08:45:00-FLR-001,M2M_CATALOG,[{'displayName': 'GOES-P: EXIS 1.0-8.0'}],2024-05-09T08:45Z,2024-05-09T09:13Z,2024-05-09T09:36Z,X2.2,S20W25,13664,,2024-05-09T12:02Z,2,https://kauai.ccmc.gsfc.nasa.gov/DONKI/view/FLR/30605/-1,2024-05-10T14:50:00-SEP-001,2024-05-10T14:50:00.000-04:00,SEP
2024-05-09T17:23:00-FLR-001,M2M_CATALOG,[{'displayName': 'GOES-P: EXIS 1.0-8.0'}],2024-05-09T17:23Z,2024-05-09T17:44Z,2024-05-09T18:00Z,X1.1,S18W29,13664,,2024-05-09T20:24Z,3,https://kauai.ccmc.gsfc.nasa.gov/DONKI/view/FLR/30634/-1,2024-05-09T18:23:00-CME-001,2024-05-09T18:23:00.000-04:00,CME
2024-05-09T17:23:00-FLR-001,M2M_CATALOG,[{'displayName': 'GOES-P: EXIS 1.0-8.0'}],2024-05-09T17:23Z,2024-05-09T17:44Z,2024-05-09T18:00Z,X1.1,S18W29,13664,,2024-05-09T20:24Z,3,https://kauai.ccmc.gsfc.nasa.gov/DONKI/view/FLR/30634/-1,2024-05-10T12:59:00-SEP-001,2024-05-10T12:59:00.000-04:00,SEP
2024-05-09T17:23:00-FLR-001,M2M_CATALOG,[{'displayName': 'GOES-P: EXIS 1.0-8.0'}],2024-05-09T17:23Z,2024-05-09T17:44Z,2024-05-09T18:00Z,X1.1,S18W29,13664,,2024-05-09T20:24Z,3,https://kauai.ccmc.gsfc.nasa.gov/DONKI/view/FLR/30634/-1,2024-05-10T13:02:00-SEP-001,2024-05-10T13:02:00.000-04:00,SEP
2024-05-09T17:23:00-FLR-001,M2M_CATALOG,[{'displayName': 'GOES-P: EXIS 1.0-8.0'}],2024-05-09T17:23Z,2024-05-09T17:44Z,2024-05-09T18:00Z,X1.1,S18W29,13664,,2024-05-09T20:24Z,3,https://kauai.ccmc.gsfc.nasa.gov/DONKI/view/FLR/30634/-1,2024-05-10T13:35:00-SEP-001,2024-05-10T13:35:00.000-04:00,SEP
2024-05-09T17:23:00-FLR-001,M2M_CATALOG,[{'displayName': 'GOES-P: EXIS 1.0-8.0'}],2024-05-09T17:23Z,2024-05-09T17:44Z,2024-05-09T18:00Z,X1.1,S18W29,13664,,2024-05-09T20:24Z,3,https://kauai.ccmc.gsfc.nasa.gov/DONKI/view/FLR/30634/-1,2024-05-10T14:50:00-SEP-001,2024-05-10T14:50:00.000-04:00,SEP
2024-05-10T06:27:00-FLR-001,M2M_CATALOG,[{'displayName': 'GOES-P: EXIS 1.0-8.0'}],2024-05-10T06:27Z,2024-05-10T06:54Z,2024-05-10T07:06Z,X3.9,S18W37,13664,,2024-05-10T11:37Z,2,https://kauai.ccmc.gsfc.nasa.gov/DONKI/view/FLR/30666/-1,2024-05-10T07:12:00-CME-001,2024-05-10T07:12:00.000-04:00,CME
2024-05-10T06:27:00-FLR-001,M2M_CATALOG,[{'displayName': 'GOES-P: EXIS 1.0-8.0'}],2024-05-10T06:27Z,2024-05-10T06:54Z,2024-05-10T07:06Z,X3.9,S18W37,13664,,2024-05-10T11:37Z,2,https://kauai.ccmc.gsfc.nasa.gov/DONKI/view/FLR/30666/-1,2024-05-10T12:59:00-SEP-001,2024-05-10T12:59:00.000-04:00,SEP
2024-05-10T06:27:00-FLR-001,M2M_CATALOG,[{'displayName': 'GOES-P: EXIS 1.0-8.0'}],2024-05-10T06:27Z,2024-05-10T06:54Z,2024-05-10T07:06Z,X3.9,S18W37,13664,,2024-05-10T11:37Z,2,https://kauai.ccmc.gsfc.nasa.gov/DONKI/view/FLR/30666/-1,2024-05-10T13:02:00-SEP-001,2024-05-10T13:02:00.000-04:00,SEP
2024-05-10T06:27:00-FLR-001,M2M_CATALOG,[{'displayName': 'GOES-P: EXIS 1.0-8.0'}],2024-05-10T06:27Z,2024-05-10T06:54Z,2024-05-10T07:06Z,X3.9,S18W37,13664,,2024-05-10T11:37Z,2,https://kauai.ccmc.gsfc.nasa.gov/DONKI/view/FLR/30666/-1,2024-05-10T13:35:00-SEP-001,2024-05-10T13:35:00.000-04:00,SEP
2024-05-10T06:27:00-FLR-001,M2M_CATALOG,[{'displayName': 'GOES-P: EXIS 1.0-8.0'}],2024-05-10T06:27Z,2024-05-10T06:54Z,2024-05-10T07:06Z,X3.9,S18W37,13664,,2024-05-10T11:37Z,2,https://kauai.ccmc.gsfc.nasa.gov/DONKI/view/FLR/30666/-1,2024-05-10T14:50:00-SEP-001,2024-05-10T14:50:00.000-04:00,SEP
2024-05-10T13:58:00-FLR-001,M2M_CATALOG,[{'displayName': 'GOES-P: EXIS 1.0-8.0'}],2024-05-10T13:58Z,2024-05-10T14:11Z,2024-05-10T14:23Z,M5.9,S16W40,13664,,2024-05-10T14:27Z,2,https://kauai.ccmc.gsfc.nasa.gov/DONKI/view/FLR/30680/-1,2024-05-10T14:50:00-SEP-001,2024-05-10T14:50:00.000-04:00,SEP
2024-05-11T01:10:00-FLR-001,M2M_CATALOG,[{'displayName': 'GOES-P: EXIS 1.0-8.0'}],2024-05-11T01:10Z,2024-05-11T01:23Z,2024-05-11T01:39Z,X5.8,S17W47,13664,,2024-05-11T02:34Z,3,https://kauai.ccmc.gsfc.nasa.gov/DONKI/view/FLR/30711/-1,2024-05-11T01:36:00-CME-001,2024-05-11T01:36:00.000-04:00,CME
2024-05-11T01:10:00-FLR-001,M2M_CATALOG,[{'displayName': 'GOES-P: EXIS 1.0-8.0'}],2024-05-11T01:10Z,2024-05-11T01:23Z,2024-05-11T01:39Z,X5.8,S17W47,13664,,2024-05-11T02:34Z,3,https://kauai.ccmc.gsfc.nasa.gov/DONKI/view/FLR/30711/-1,2024-05-11T02:10:00-SEP-001,2024-05-11T02:10:00.000-04:00,SEP
2024-05-11T01:10:00-FLR-001,M2M_CATALOG,[{'displayName': 'GOES-P: EXIS 1.0-8.0'}],2024-05-11T01:10Z,2024-05-11T01:23Z,2024-05-11T01:39Z,X5.8,S17W47,13664,,2024-05-11T02:34Z,3,https://kauai.ccmc.gsfc.nasa.gov/DONKI/view/FLR/30711/-1,2024-05-11T04:07:00-SEP-001,2024-05-11T04:07:00.000-04:00,SEP
2024-05-11T14:46:00-FLR-001,M2M_CATALOG,[{'displayName': 'GOES-P: EXIS 1.0-8.0'}],2024-05-11T14:46Z,2024-05-11T15:25Z,2024-05-11T15:52Z,M8.8,S17W53,13664,,2024-05-11T15:56Z,4,https://kauai.ccmc.gsfc.nasa.gov/DONKI/view/FLR/30729/-1,2024-05-11T16:24:00-CME-001,2024-05-11T16:24:00.000-04:00,CME
2024-05-13T08:06:00-FLR-001,M2M_CATALOG,[{'displayName': 'GOES-P: EXIS 1.0-8.0'}],2024-05-13T08:06Z,2024-05-13T08:20Z,2024-05-13T08:23Z,M1.2,S18W81,13664,"First peak in a bumpy double-peaked flare, both of which precede a larger, long-duration M4.9 and M6.6 peaked flare from the same eruption from AR 3664.",2024-05-13T12:39Z,1,https://kauai.ccmc.gsfc.nasa.gov/DONKI/view/FLR/30808/-1,2024-05-13T09:12:00-CME-001,2024-05-13T09:12:00.000-04:00,CME
2024-05-13T08:06:00-FLR-001,M2M_CATALOG,[{'displayName': 'GOES-P: EXIS 1.0-8.0'}],2024-05-13T08:06Z,2024-05-13T08:20Z,2024-05-13T08:23Z,M1.2,S18W81,13664,"First peak in a bumpy double-peaked flare, both of which precede a larger, long-duration M4.9 and M6.6 peaked flare from the same eruption from AR 3664.",2024-05-13T12:39Z,1,https://kauai.ccmc.gsfc.nasa.gov/DONKI/view/FLR/30808/-1,2024-05-13T12:44:00-SEP-001,2024-05-13T12:44:00.000-04:00,SEP
2024-05-13T08:06:00-FLR-001,M2M_CATALOG,[{'displayName': 'GOES-P: EXIS 1.0-8.0'}],2024-05-13T08:06Z,2024-05-13T08:20Z,2024-05-13T08:23Z,M1.2,S18W81,13664,"First peak in a bumpy double-peaked flare, both of which precede a larger, long-duration M4.9 and M6.6 peaked flare from the same eruption from AR 3664.",2024-05-13T12:39Z,1,https://kauai.ccmc.gsfc.nasa.gov/DONKI/view/FLR/30808/-1,2024-05-13T13:10:00-SEP-001,2024-05-13T13:10:00.000-04:00,SEP
2024-05-13T08:06:00-FLR-001,M2M_CATALOG,[{'displayName': 'GOES-P: EXIS 1.0-8.0'}],2024-05-13T08:06Z,2024-05-13T08:20Z,2024-05-13T08:23Z,M1.2,S18W81,13664,"First peak in a bumpy double-peaked flare, both of which precede a larger, long-duration M4.9 and M6.6 peaked flare from the same eruption from AR 3664.",2024-05-13T12:39Z,1,https://kauai.ccmc.gsfc.nasa.gov/DONKI/view/FLR/30808/-1,2024-05-13T14:00:00-SEP-001,2024-05-13T14:00:00.000-04:00,SEP
2024-05-13T08:06:00-FLR-001,M2M_CATALOG,[{'displayName': 'GOES-P: EXIS 1.0-8.0'}],2024-05-13T08:06Z,2024-05-13T08:20Z,2024-05-13T08:23Z,M1.2,S18W81,13664,"First peak in a bumpy double-peaked flare, both of which precede a larger, long-duration M4.9 and M6.6 peaked flare from the same eruption from AR 3664.",2024-05-13T12:39Z,1,https://kauai.ccmc.gsfc.nasa.gov/DONKI/view/FLR/30808/-1,2024-05-13T16:19:00-SEP-001,2024-05-13T16:19:00.000-04:00,SEP
2024-05-13T08:06:00-FLR-001,M2M_CATALOG,[{'displayName': 'GOES-P: EXIS 1.0-8.0'}],2024-05-13T08:06Z,2024-05-13T08:20Z,2024-05-13T08:23Z,M1.2,S18W81,13664,"First peak in a bumpy double-peaked flare, both of which precede a larger, long-duration M4.9 and M6.6 peaked flare from the same eruption from AR 3664.",2024-05-13T12:39Z,1,https://kauai.ccmc.gsfc.nasa.gov/DONKI/view/FLR/30808/-1,2024-05-13T18:07:00-SEP-001,2024-05-13T18:07:00.000-04:00,SEP
2024-05-13T08:06:00-FLR-001,M2M_CATALOG,[{'displayName': 'GOES-P: EXIS 1.0-8.0'}],2024-05-13T08:06Z,2024-05-13T08:20Z,2024-05-13T08:23Z,M1.2,S18W81,13664,"First peak in a bumpy double-peaked flare, both of which precede a larger, long-duration M4.9 and M6.6 peaked flare from the same eruption from AR 3664.",2024-05-13T12:39Z,1,https://kauai.ccmc.gsfc.nasa.gov/DONKI/view/FLR/30808/-1,2024-05-13T18:07:00-SEP-002,2024-05-13T18:07:00.000-04:00,SEP
2024-05-13T08:23:00-FLR-001,M2M_CATALOG,[{'displayName': 'GOES-P: EXIS 1.0-8.0'}],2024-05-13T08:23Z,2024-05-13T08:29Z,2024-05-13T08:33Z,M1.4,S22W89,13664,"Second peak in a bumpy double-peaked flare, both of which precede a larger, long-duration M4.9 and M6.6 peaked flare from the same eruption from AR 3664.",2024-05-13T12:40Z,1,https://kauai.ccmc.gsfc.nasa.gov/DONKI/view/FLR/30809/-1,2024-05-13T09:12:00-CME-001,2024-05-13T09:12:00.000-04:00,CME
2024-05-13T08:23:00-FLR-001,M2M_CATALOG,[{'displayName': 'GOES-P: EXIS 1.0-8.0'}],2024-05-13T08:23Z,2024-05-13T08:29Z,2024-05-13T08:33Z,M1.4,S22W89,13664,"Second peak in a bumpy double-peaked flare, both of which precede a larger, long-duration M4.9 and M6.6 peaked flare from the same eruption from AR 3664.",2024-05-13T12:40Z,1,https://kauai.ccmc.gsfc.nasa.gov/DONKI/view/FLR/30809/-1,2024-05-13T12:44:00-SEP-001,2024-05-13T12:44:00.000-04:00,SEP
2024-05-13T08:23:00-FLR-001,M2M_CATALOG,[{'displayName': 'GOES-P: EXIS 1.0-8.0'}],2024-05-13T08:23Z,2024-05-13T08:29Z,2024-05-13T08:33Z,M1.4,S22W89,13664,"Second peak in a bumpy double-peaked flare, both of which precede a larger, long-duration M4.9 and M6.6 peaked flare from the same eruption from AR 3664.",2024-05-13T12:40Z,1,https://kauai.ccmc.gsfc.nasa.gov/DONKI/view/FLR/30809/-1,2024-05-13T13:10:00-SEP-001,2024-05-13T13:10:00.000-04:00,SEP
2024-05-13T08:23:00-FLR-001,M2M_CATALOG,[{'displayName': 'GOES-P: EXIS 1.0-8.0'}],2024-05-13T08:23Z,2024-05-13T08:29Z,2024-05-13T08:33Z,M1.4,S22W89,13664,"Second peak in a bumpy double-peaked flare, both of which precede a larger, long-duration M4.9 and M6.6 peaked flare from the same eruption from AR 3664.",2024-05-13T12:40Z,1,https://kauai.ccmc.gsfc.nasa.gov/DONKI/view/FLR/30809/-1,2024-05-13T14:00:00-SEP-001,2024-05-13T14:00:00.000-04:00,SEP
2024-05-13T08:23:00-FLR-001,M2M_CATALOG,[{'displayName': 'GOES-P: EXIS 1.0-8.0'}],2024-05-13T08:23Z,2024-05-13T08:29Z,2024-05-13T08:33Z,M1.4,S22W89,13664,"Second peak in a bumpy double-peaked flare, both of which precede a larger, long-duration M4.9 and M6.6 peaked flare from the same eruption from AR 3664.",2024-05-13T12:40Z,1,https://kauai.ccmc.gsfc.nasa.gov/DONKI/view/FLR/30809/-1,2024-05-13T16:19:00-SEP-001,2024-05-13T16:19:00.000-04:00,SEP
2024-05-13T08:23:00-FLR-001,M2M_CATALOG,[{'displayName': 'GOES-P: EXIS 1.0-8.0'}],2024-05-13T08:23Z,2024-05-13T08:29Z,2024-05-13T08:33Z,M1.4,S22W89,13664,"Second peak in a bumpy double-peaked flare, both of which precede a larger, long-duration M4.9 and M6.6 peaked flare from the same eruption from AR 3664.",2024-05-13T12:40Z,1,https://kauai.ccmc.gsfc.nasa.gov/DONKI/view/FLR/30809/-1,2024-05-13T18:07:00-SEP-001,2024-05-13T18:07:00.000-04:00,SEP
2024-05-13T08:23:00-FLR-001,M2M_CATALOG,[{'displayName': 'GOES-P: EXIS 1.0-8.0'}],2024-05-13T08:23Z,2024-05-13T08:29Z,2024-05-13T08:33Z,M1.4,S22W89,13664,"Second peak in a bumpy double-peaked flare, both of which precede a larger, long-duration M4.9 and M6.6 peaked flare from the same eruption from AR 3664.",2024-05-13T12:40Z,1,https://kauai.ccmc.gsfc.nasa.gov/DONKI/view/FLR/30809/-1,2024-05-13T18:07:00-SEP-002,2024-05-13T18:07:00.000-04:00,SEP
2024-05-13T08:47:00-FLR-001,M2M_CATALOG,[{'displayName': 'GOES-P: EXIS 1.0-8.0'}],2024-05-13T08:47Z,2024-05-13T09:33Z,2024-05-13T09:36Z,M4.9,S22W83,13664,"Second largest peak in a long-duration eruption/flare from Active Region 13664. Small peaks in GOES X-ray flux are observed within this long duration flare, but appear to correspond to the same eruption. These peaks include an M1.2, M1.4, and M4.9 flare peaking at 2024-05-13T08:20Z, 2024-05-13T08:29Z, and 2024-05-13T09:33Z respectively.",2024-05-14T15:31Z,3,https://kauai.ccmc.gsfc.nasa.gov/DONKI/view/FLR/30806/-1,2024-05-13T09:12:00-CME-001,2024-05-13T09:12:00.000-04:00,CME
2024-05-13T08:47:00-FLR-001,M2M_CATALOG,[{'displayName': 'GOES-P: EXIS 1.0-8.0'}],2024-05-13T08:47Z,2024-05-13T09:33Z,2024-05-13T09:36Z,M4.9,S22W83,13664,"Second largest peak in a long-duration eruption/flare from Active Region 13664. Small peaks in GOES X-ray flux are observed within this long duration flare, but appear to correspond to the same eruption. These peaks include an M1.2, M1.4, and M4.9 flare peaking at 2024-05-13T08:20Z, 2024-05-13T08:29Z, and 2024-05-13T09:33Z respectively.",2024-05-14T15:31Z,3,https://kauai.ccmc.gsfc.nasa.gov/DONKI/view/FLR/30806/-1,2024-05-13T12:44:00-SEP-001,2024-05-13T12:44:00.000-04:00,SEP
2024-05-13T08:47:00-FLR-001,M2M_CATALOG,[{'displayName': 'GOES-P: EXIS 1.0-8.0'}],2024-05-13T08:47Z,2024-05-13T09:33Z,2024-05-13T09:36Z,M4.9,S22W83,13664,"Second largest peak in a long-duration eruption/flare from Active Region 13664. Small peaks in GOES X-ray flux are observed within this long duration flare, but appear to correspond to the same eruption. These peaks include an M1.2, M1.4, and M4.9 flare peaking at 2024-05-13T08:20Z, 2024-05-13T08:29Z, and 2024-05-13T09:33Z respectively.",2024-05-14T15:31Z,3,https://kauai.ccmc.gsfc.nasa.gov/DONKI/view/FLR/30806/-1,2024-05-13T13:10:00-SEP-001,2024-05-13T13:10:00.000-04:00,SEP
2024-05-13T08:47:00-FLR-001,M2M_CATALOG,[{'displayName': 'GOES-P: EXIS 1.0-8.0'}],2024-05-13T08:47Z,2024-05-13T09:33Z,2024-05-13T09:36Z,M4.9,S22W83,13664,"Second largest peak in a long-duration eruption/flare from Active Region 13664. Small peaks in GOES X-ray flux are observed within this long duration flare, but appear to correspond to the same eruption. These peaks include an M1.2, M1.4, and M4.9 flare peaking at 2024-05-13T08:20Z, 2024-05-13T08:29Z, and 2024-05-13T09:33Z respectively.",2024-05-14T15:31Z,3,https://kauai.ccmc.gsfc.nasa.gov/DONKI/view/FLR/30806/-1,2024-05-13T14:00:00-SEP-001,2024-05-13T14:00:00.000-04:00,SEP
2024-05-13T08:47:00-FLR-001,M2M_CATALOG,[{'displayName': 'GOES-P: EXIS 1.0-8.0'}],2024-05-13T08:47Z,2024-05-13T09:33Z,2024-05-13T09:36Z,M4.9,S22W83,13664,"Second largest peak in a long-duration eruption/flare from Active Region 13664. Small peaks in GOES X-ray flux are observed within this long duration flare, but appear to correspond to the same eruption. These peaks include an M1.2, M1.4, and M4.9 flare peaking at 2024-05-13T08:20Z, 2024-05-13T08:29Z, and 2024-05-13T09:33Z respectively.",2024-05-14T15:31Z,3,https://kauai.ccmc.gsfc.nasa.gov/DONKI/view/FLR/30806/-1,2024-05-13T16:19:00-SEP-001,2024-05-13T16:19:00.000-04:00,SEP
2024-05-13T08:47:00-FLR-001,M2M_CATALOG,[{'displayName': 'GOES-P: EXIS 1.0-8.0'}],2024-05-13T08:47Z,2024-05-13T09:33Z,2024-05-13T09:36Z,M4.9,S22W83,13664,"Second largest peak in a long-duration eruption/flare from Active Region 13664. Small peaks in GOES X-ray flux are observed within this long duration flare, but appear to correspond to the same eruption. These peaks include an M1.2, M1.4, and M4.9 flare peaking at 2024-05-13T08:20Z, 2024-05-13T08:29Z, and 2024-05-13T09:33Z respectively.",2024-05-14T15:31Z,3,https://kauai.ccmc.gsfc.nasa.gov/DONKI/view/FLR/30806/-1,2024-05-13T18:07:00-SEP-001,2024-05-13T18:07:00.000-04:00,SEP
2024-05-13T08:47:00-FLR-001,M2M_CATALOG,[{'displayName': 'GOES-P: EXIS 1.0-8.0'}],2024-05-13T08:47Z,2024-05-13T09:33Z,2024-05-13T09:36Z,M4.9,S22W83,13664,"Second largest peak in a long-duration eruption/flare from Active Region 13664. Small peaks in GOES X-ray flux are observed within this long duration flare, but appear to correspond to the same eruption. These peaks include an M1.2, M1.4, and M4.9 flare peaking at 2024-05-13T08:20Z, 2024-05-13T08:29Z, and 2024-05-13T09:33Z respectively.",2024-05-14T15:31Z,3,https://kauai.ccmc.gsfc.nasa.gov/DONKI/view/FLR/30806/-1,2024-05-13T18:07:00-SEP-002,2024-05-13T18:07:00.000-04:00,SEP
2024-05-13T09:36:00-FLR-001,M2M_CATALOG,[{'displayName': 'GOES-P: EXIS 1.0-8.0'}],2024-05-13T09:36Z,2024-05-13T09:44Z,2024-05-13T10:57Z,M6.6,S22W80,13664,"Largest peak in a long-duration eruption/flare from Active Region 13664. Additional brightening from S18W80, a northern portion of AR 3664, contributed to the peak X-ray flux value.",2024-05-14T15:24Z,4,https://kauai.ccmc.gsfc.nasa.gov/DONKI/view/FLR/30803/-1,2024-05-13T09:12:00-CME-001,2024-05-13T09:12:00.000-04:00,CME
2024-05-13T09:36:00-FLR-001,M2M_CATALOG,[{'displayName': 'GOES-P: EXIS 1.0-8.0'}],2024-05-13T09:36Z,2024-05-13T09:44Z,2024-05-13T10:57Z,M6.6,S22W80,13664,"Largest peak in a long-duration eruption/flare from Active Region 13664. Additional brightening from S18W80, a northern portion of AR 3664, contributed to the peak X-ray flux value.",2024-05-14T15:24Z,4,https://kauai.ccmc.gsfc.nasa.gov/DONKI/view/FLR/30803/-1,2024-05-13T12:44:00-SEP-001,2024-05-13T12:44:00.000-04:00,SEP
2024-05-13T09:36:00-FLR-001,M2M_CATALOG,[{'displayName': 'GOES-P: EXIS 1.0-8.0'}],2024-05-13T09:36Z,2024-05-13T09:44Z,2024-05-13T10:57Z,M6.6,S22W80,13664,"Largest peak in a long-duration eruption/flare from Active Region 13664. Additional brightening from S18W80, a northern portion of AR 3664, contributed to the peak X-ray flux value.",2024-05-14T15:24Z,4,https://kauai.ccmc.gsfc.nasa.gov/DONKI/view/FLR/30803/-1,2024-05-13T13:10:00-SEP-001,2024-05-13T13:10:00.000-04:00,SEP
2024-05-13T09:36:00-FLR-001,M2M_CATALOG,[{'displayName': 'GOES-P: EXIS 1.0-8.0'}],2024-05-13T09:36Z,2024-05-13T09:44Z,2024-05-13T10:57Z,M6.6,S22W80,13664,"Largest peak in a long-duration eruption/flare from Active Region 13664. Additional brightening from S18W80, a northern portion of AR 3664, contributed to the peak X-ray flux value.",2024-05-14T15:24Z,4,https://kauai.ccmc.gsfc.nasa.gov/DONKI/view/FLR/30803/-1,2024-05-13T14:00:00-SEP-001,2024-05-13T14:00:00.000-04:00,SEP
2024-05-13T09:36:00-FLR-001,M2M_CATALOG,[{'displayName': 'GOES-P: EXIS 1.0-8.0'}],2024-05-13T09:36Z,2024-05-13T09:44Z,2024-05-13T10:57Z,M6.6,S22W80,13664,"Largest peak in a long-duration eruption/flare from Active Region 13664. Additional brightening from S18W80, a northern portion of AR 3664, contributed to the peak X-ray flux value.",2024-05-14T15:24Z,4,https://kauai.ccmc.gsfc.nasa.gov/DONKI/view/FLR/30803/-1,2024-05-13T16:19:00-SEP-001,2024-05-13T16:19:00.000-04:00,SEP
2024-05-13T09:36:00-FLR-001,M2M_CATALOG,[{'displayName': 'GOES-P: EXIS 1.0-8.0'}],2024-05-13T09:36Z,2024-05-13T09:44Z,2024-05-13T10:57Z,M6.6,S22W80,13664,"Largest peak in a long-duration eruption/flare from Active Region 13664. Additional brightening from S18W80, a northern portion of AR 3664, contributed to the peak X-ray flux value.",2024-05-14T15:24Z,4,https://kauai.ccmc.gsfc.nasa.gov/DONKI/view/FLR/30803/-1,2024-05-13T18:07:00-SEP-001,2024-05-13T18:07:00.000-04:00,SEP
2024-05-13T09:36:00-FLR-001,M2M_CATALOG,[{'displayName': 'GOES-P: EXIS 1.0-8.0'}],2024-05-13T09:36Z,2024-05-13T09:44Z,2024-05-13T10:57Z,M6.6,S22W80,13664,"Largest peak in a long-duration eruption/flare from Active Region 13664. Additional brightening from S18W80, a northern portion of AR 3664, contributed to the peak X-ray flux value.",2024-05-14T15:24Z,4,https://kauai.ccmc.gsfc.nasa.gov/DONKI/view/FLR/30803/-1,2024-05-13T18:07:00-SEP-002,2024-05-13T18:07:00.000-04:00,SEP
2024-05-14T02:03:00-FLR-001,M2M_CATALOG,[{'displayName': 'GOES-P: EXIS 1.0-8.0'}],2024-05-14T02:03Z,2024-05-14T02:09Z,2024-05-14T02:19Z,X1.7,S19W89,13664,,2024-05-14T12:22Z,3,https://kauai.ccmc.gsfc.nasa.gov/DONKI/view/FLR/30832/-1,2024-05-14T02:24:00-CME-001,2024-05-14T02:24:00.000-04:00,CME
2024-05-14T12:40:00-FLR-001,M2M_CATALOG,[{'displayName': 'GOES-P: EXIS 1.0-8.0'}],2024-05-14T12:40Z,2024-05-14T12:55Z,2024-05-14T13:05Z,X1.2,S19W90,13664,"This flare occurs near/slightly beyond the western limb, but likely originates from former Active Region 13664.",2024-05-14T13:15Z,3,https://kauai.ccmc.gsfc.nasa.gov/DONKI/view/FLR/30837/-1,2024-05-14T13:12:00-CME-001,2024-05-14T13:12:00.000-04:00,CME
2024-05-14T16:46:00-FLR-001,M2M_CATALOG,[{'displayName': 'GOES-P: EXIS 1.0-8.0'}],2024-05-14T16:46Z,2024-05-14T16:51Z,2024-05-14T17:02Z,X8.7,S19W90,13664,"AR 3664 is likely ~S19W96 at this time, but W90 used as we cannot determine this yet.",2024-05-14T17:13Z,3,https://kauai.ccmc.gsfc.nasa.gov/DONKI/view/FLR/30849/-1,2024-05-14T17:00:00-CME-001,2024-05-14T17:00:00.000-04:00,CME
2024-05-14T17:25:00-FLR-001,M2M_CATALOG,[{'displayName': 'GOES-P: EXIS 1.0-8.0'}],2024-05-14T17:25Z,2024-05-14T17:38Z,2024-05-14T18:18Z,M4.4,N18E72,13682,,2024-05-14T18:24Z,1,https://kauai.ccmc.gsfc.nasa.gov/DONKI/view/FLR/30855/-1,2024-05-14T17:48:00-CME-001,2024-05-14T17:48:00.000-04:00,CME
2024-05-15T08:18:00-FLR-001,M2M_CATALOG,[{'displayName': 'GOES-P: EXIS 1.0-8.0'}],2024-05-15T08:18Z,2024-05-15T08:37Z,2024-05-15T08:52Z,X3.4,S20W90,13664,,2024-05-15T12:21Z,2,https://kauai.ccmc.gsfc.nasa.gov/DONKI/view/FLR/30879/-1,2024-05-15T08:48:00-CME-001,2024-05-15T08:48:00.000-04:00,CME
2024-05-15T09:50:00-FLR-001,M2M_CATALOG,[{'displayName': 'GOES-P: EXIS 1.0-8.0'}],2024-05-15T09:50Z,2024-05-15T10:35Z,2024-05-15T11:06Z,M3.5,S25W90,13664,,2024-05-15T12:28Z,1,https://kauai.ccmc.gsfc.nasa.gov/DONKI/view/FLR/30881/-1,2024-05-15T10:48:00-CME-001,2024-05-15T10:48:00.000-04:00,CME
2024-05-15T14:20:00-FLR-001,M2M_CATALOG,[{'displayName': 'GOES-P: EXIS 1.0-8.0'}],2024-05-15T14:20Z,2024-05-15T14:38Z,2024-05-15T14:51Z,X2.9,S12E90,13685,"Active Region 3685 was numbered on 2024-05-16. Could be the return of old AR 3654, which had several M-class flares (including an M9.5) on its previous rotation.",2024-05-16T14:25Z,4,https://kauai.ccmc.gsfc.nasa.gov/DONKI/view/FLR/30900/-1,2024-05-15T14:53:00-CME-001,2024-05-15T14:53:00.000-04:00,CME
2024-05-17T20:33:00-FLR-001,M2M_CATALOG,[{'displayName': 'GOES-P: EXIS 1.0-8.0'}],2024-05-17T20:33Z,2024-05-17T21:08Z,2024-05-17T21:26Z,M7.2,S12E67,13685,,2024-05-18T16:33Z,3,https://kauai.ccmc.gsfc.nasa.gov/DONKI/view/FLR/30991/-1,2024-05-17T21:24:00-CME-001,2024-05-17T21:24:00.000-04:00,CME
2024-05-19T13:37:00-FLR-001,M2M_CATALOG,[{'displayName': 'GOES-P: EXIS 1.0-8.0'}],2024-05-19T13:37Z,2024-05-19T13:44Z,2024-05-19T13:48Z,M1.9,S10E35,13685,,2024-05-19T14:03Z,1,https://kauai.ccmc.gsfc.nasa.gov/DONKI/view/FLR/31020/-1,2024-05-19T14:23:00-CME-001,2024-05-19T14:23:00.000-04:00,CME
2024-05-19T17:47:00-FLR-001,M2M_CATALOG,[{'displayName': 'GOES-P: EXIS 1.0-8.0'}],2024-05-19T17:47Z,2024-05-19T17:56Z,2024-05-19T18:00Z,M2.5,S10E33,13685,,2024-05-19T18:16Z,1,https://kauai.ccmc.gsfc.nasa.gov/DONKI/view/FLR/31021/-1,2024-05-19T19:09:00-CME-001,2024-05-19T19:09:00.000-04:00,CME
2024-05-21T14:00:00-FLR-001,M2M_CATALOG,[{'displayName': 'GOES-P: EXIS 1.0-8.0'}],2024-05-21T14:00Z,2024-05-21T14:13Z,2024-05-21T14:26Z,C6.6,S23W77,13683,,2024-05-22T15:16Z,1,https://kauai.ccmc.gsfc.nasa.gov/DONKI/view/FLR/31074/-1,2024-05-21T14:36:00-CME-001,2024-05-21T14:36:00.000-04:00,CME
2024-05-21T19:19:00-FLR-001,M2M_CATALOG,[{'displayName': 'GOES-P: EXIS 1.0-8.0'}],2024-05-21T19:19Z,2024-05-21T19:31Z,2024-05-21T19:39Z,M1.9,S06W47,13679,,2024-05-21T19:50Z,1,https://kauai.ccmc.gsfc.nasa.gov/DONKI/view/FLR/31067/-1,2024-05-21T20:12:00-CME-001,2024-05-21T20:12:00.000-04:00,CME
2024-05-22T03:02:00-FLR-001,M2M_CATALOG,[{'displayName': 'GOES-P: EXIS 1.0-8.0'}],2024-05-22T03:02Z,2024-05-22T03:13Z,2024-05-22T03:23Z,M1.5,S06W52,13679,,2024-05-22T12:41Z,1,https://kauai.ccmc.gsfc.nasa.gov/DONKI/view/FLR/31070/-1,2024-05-22T04:00:00-CME-001,2024-05-22T04:00:00.000-04:00,CME
2024-05-23T02:05:00-FLR-001,M2M_CATALOG,[{'displayName': 'GOES-P: EXIS 1.0-8.0'}],2024-05-23T02:05Z,2024-05-23T02:16Z,2024-05-23T02:26Z,M4.2,S09W60,13679,,2024-05-23T11:10Z,1,https://kauai.ccmc.gsfc.nasa.gov/DONKI/view/FLR/31088/-1,2024-05-23T03:12:00-CME-001,2024-05-23T03:12:00.000-04:00,CME
2024-05-23T04:03:00-FLR-001,M2M_CATALOG,[{'displayName': 'GOES-P: EXIS 1.0-8.0'}],2024-05-23T04:03Z,2024-05-23T04:29Z,2024-05-23T04:54Z,M1.7,S10W62,13679,,2024-05-23T11:13Z,1,https://kauai.ccmc.gsfc.nasa.gov/DONKI/view/FLR/31089/-1,2024-05-23T04:24:00-CME-001,2024-05-23T04:24:00.000-04:00,CME
2024-05-23T10:03:00-FLR-001,M2M_CATALOG,[{'displayName': 'GOES-P: EXIS 1.0-8.0'}],2024-05-23T10:03Z,2024-05-23T10:08Z,2024-05-23T10:14Z,M1.0,S09W65,13679,,2024-05-23T11:18Z,1,https://kauai.ccmc.gsfc.nasa.gov/DONKI/view/FLR/31090/-1,2024-05-23T10:12:00-CME-001,2024-05-23T10:12:00.000-04:00,CME
2024-05-23T12:48:00-FLR-001,M2M_CATALOG,[{'displayName': 'GOES-P: EXIS 1.0-8.0'}],2024-05-23T12:48Z,2024-05-23T13:20Z,2024-05-23T13:37Z,M2.5,S10W66,13679,,2024-05-23T13:51Z,1,https://kauai.ccmc.gsfc.nasa.gov/DONKI/view/FLR/31094/-1,2024-05-23T13:25:00-CME-001,2024-05-23T13:25:00.000-04:00,CME
2024-05-24T20:05:00-FLR-001,M2M_CATALOG,[{'displayName': 'GOES-P: EXIS 1.0-8.0'}],2024-05-24T20:05Z,2024-05-24T20:25Z,2024-05-24T20:36Z,M1.4,S05W89,13679,,2024-05-25T12:16Z,1,https://kauai.ccmc.gsfc.nasa.gov/DONKI/view/FLR/31146/-1,2024-05-24T20:48:00-CME-001,2024-05-24T20:48:00.000-04:00,CME
2024-05-27T06:49:00-FLR-001,M2M_CATALOG,[{'displayName': 'GOES-P: EXIS 1.0-8.0'}],2024-05-27T06:49Z,2024-05-27T07:08Z,2024-05-27T07:25Z,X2.8,S21E95,13697,Active region is likely to old AR3664 based on solar rotation calculation.,2024-05-28T13:31Z,3,https://kauai.ccmc.gsfc.nasa.gov/DONKI/view/FLR/31158/-1,2024-05-27T07:23:00-CME-001,2024-05-27T07:23:00.000-04:00,CME
2024-05-29T14:11:00-FLR-001,M2M_CATALOG,[{'displayName': 'GOES-P: EXIS 1.0-8.0'}],2024-05-29T14:11Z,2024-05-29T14:37Z,2024-05-29T15:38Z,X1.4,S23E70,13697,,2024-05-29T15:42Z,3,https://kauai.ccmc.gsfc.nasa.gov/DONKI/view/FLR/31185/-1,2024-05-29T14:48:00-CME-001,2024-05-29T14:48:00.000-04:00,CME
2024-05-29T15:44:00-FLR-001,M2M_CATALOG,[{'displayName': 'GOES-P: EXIS 1.0-8.0'}],2024-05-29T15:44Z,2024-05-29T16:22Z,2024-05-29T16:56Z,M5.9,S20E80,13697,Follows shortly after the X1.4 flare also from AR13679. Start time determined using visual inspection of the GOES-P X-ray flux timeline and SDO AIA 131 imagery.,2024-05-30T20:09Z,1,https://kauai.ccmc.gsfc.nasa.gov/DONKI/view/FLR/31238/-1,2024-05-29T17:36:00-CME-001,2024-05-29T17:36:00.000-04:00,CME
2024-06-01T19:03:00-FLR-001,M2M_CATALOG,[{'displayName': 'GOES-P: EXIS 1.0-8.0'}],2024-06-01T19:03Z,2024-06-01T19:40Z,2024-06-01T20:28Z,M7.3,S20E21,13697,,2024-06-03T17:27Z,5,https://kauai.ccmc.gsfc.nasa.gov/DONKI/view/FLR/31257/-1,2024-06-01T20:00:00-CME-001,2024-06-01T20:00:00.000-04:00,CME
2024-06-03T13:58:00-FLR-001,M2M_CATALOG,[{'displayName': 'GOES-P: EXIS 1.0-8.0'}],2024-06-03T13:58Z,2024-06-03T14:11Z,2024-06-03T14:23Z,M4.8,N27W40,13695,,2024-06-03T16:02Z,1,https://kauai.ccmc.gsfc.nasa.gov/DONKI/view/FLR/31283/-1,2024-06-03T14:36:00-CME-001,2024-06-03T14:36:00.000-04:00,CME
2024-06-08T00:39:00-FLR-001,M2M_CATALOG,[{'displayName': 'GOES-P: EXIS 1.0-8.0'}],2024-06-08T00:39Z,2024-06-08T00:51Z,2024-06-08T00:57Z,M3.3,S20W68,13697,Simultaneous flaring from AR13707 (S15E45) and AR13709 (S10E73).,2024-06-08T02:47Z,1,https://kauai.ccmc.gsfc.nasa.gov/DONKI/view/FLR/31340/-1,2024-06-08T01:53:00-CME-001,2024-06-08T01:53:00.000-04:00,CME
2024-06-08T00:39:00-FLR-001,M2M_CATALOG,[{'displayName': 'GOES-P: EXIS 1.0-8.0'}],2024-06-08T00:39Z,2024-06-08T00:51Z,2024-06-08T00:57Z,M3.3,S20W68,13697,Simultaneous flaring from AR13707 (S15E45) and AR13709 (S10E73).,2024-06-08T02:47Z,1,https://kauai.ccmc.gsfc.nasa.gov/DONKI/view/FLR/31340/-1,2024-06-08T02:25:00-SEP-001,2024-06-08T02:25:00.000-04:00,SEP
2024-06-08T00:39:00-FLR-001,M2M_CATALOG,[{'displayName': 'GOES-P: EXIS 1.0-8.0'}],2024-06-08T00:39Z,2024-06-08T00:51Z,2024-06-08T00:57Z,M3.3,S20W68,13697,Simultaneous flaring from AR13707 (S15E45) and AR13709 (S10E73).,2024-06-08T02:47Z,1,https://kauai.ccmc.gsfc.nasa.gov/DONKI/view/FLR/31340/-1,2024-06-08T02:55:00-SEP-001,2024-06-08T02:55:00.000-04:00,SEP
2024-06-08T00:39:00-FLR-001,M2M_CATALOG,[{'displayName': 'GOES-P: EXIS 1.0-8.0'}],2024-06-08T00:39Z,2024-06-08T00:51Z,2024-06-08T00:57Z,M3.3,S20W68,13697,Simultaneous flaring from AR13707 (S15E45) and AR13709 (S10E73).,2024-06-08T02:47Z,1,https://kauai.ccmc.gsfc.nasa.gov/DONKI/view/FLR/31340/-1,2024-06-08T03:09:00-SEP-001,2024-06-08T03:09:00.000-04:00,SEP
2024-06-08T00:39:00-FLR-001,M2M_CATALOG,[{'displayName': 'GOES-P: EXIS 1.0-8.0'}],2024-06-08T00:39Z,2024-06-08T00:51Z,2024-06-08T00:57Z,M3.3,S20W68,13697,Simultaneous flaring from AR13707 (S15E45) and AR13709 (S10E73).,2024-06-08T02:47Z,1,https://kauai.ccmc.gsfc.nasa.gov/DONKI/view/FLR/31340/-1,2024-06-08T03:34:00-SEP-001,2024-06-08T03:34:00.000-04:00,SEP
2024-06-08T00:39:00-FLR-001,M2M_CATALOG,[{'displayName': 'GOES-P: EXIS 1.0-8.0'}],2024-06-08T00:39Z,2024-06-08T00:51Z,2024-06-08T00:57Z,M3.3,S20W68,13697,Simultaneous flaring from AR13707 (S15E45) and AR13709 (S10E73).,2024-06-08T02:47Z,1,https://kauai.ccmc.gsfc.nasa.gov/DONKI/view/FLR/31340/-1,2024-06-08T03:36:00-SEP-001,2024-06-08T03:36:00.000-04:00,SEP
2024-06-08T00:39:00-FLR-001,M2M_CATALOG,[{'displayName': 'GOES-P: EXIS 1.0-8.0'}],2024-06-08T00:39Z,2024-06-08T00:51Z,2024-06-08T00:57Z,M3.3,S20W68,13697,Simultaneous flaring from AR13707 (S15E45) and AR13709 (S10E73).,2024-06-08T02:47Z,1,https://kauai.ccmc.gsfc.nasa.gov/DONKI/view/FLR/31340/-1,2024-06-08T04:14:00-SEP-001,2024-06-08T04:14:00.000-04:00,SEP
2024-06-08T00:39:00-FLR-001,M2M_CATALOG,[{'displayName': 'GOES-P: EXIS 1.0-8.0'}],2024-06-08T00:39Z,2024-06-08T00:51Z,2024-06-08T00:57Z,M3.3,S20W68,13697,Simultaneous flaring from AR13707 (S15E45) and AR13709 (S10E73).,2024-06-08T02:47Z,1,https://kauai.ccmc.gsfc.nasa.gov/DONKI/view/FLR/31340/-1,2024-06-08T04:14:00-SEP-002,2024-06-08T04:14:00.000-04:00,SEP
2024-06-08T00:39:00-FLR-001,M2M_CATALOG,[{'displayName': 'GOES-P: EXIS 1.0-8.0'}],2024-06-08T00:39Z,2024-06-08T00:51Z,2024-06-08T00:57Z,M3.3,S20W68,13697,Simultaneous flaring from AR13707 (S15E45) and AR13709 (S10E73).,2024-06-08T02:47Z,1,https://kauai.ccmc.gsfc.nasa.gov/DONKI/view/FLR/31340/-1,2024-06-08T04:20:00-SEP-001,2024-06-08T04:20:00.000-04:00,SEP
2024-06-08T00:39:00-FLR-001,M2M_CATALOG,[{'displayName': 'GOES-P: EXIS 1.0-8.0'}],2024-06-08T00:39Z,2024-06-08T00:51Z,2024-06-08T00:57Z,M3.3,S20W68,13697,Simultaneous flaring from AR13707 (S15E45) and AR13709 (S10E73).,2024-06-08T02:47Z,1,https://kauai.ccmc.gsfc.nasa.gov/DONKI/view/FLR/31340/-1,2024-06-08T04:48:00-SEP-001,2024-06-08T04:48:00.000-04:00,SEP
2024-06-08T01:23:00-FLR-001,M2M_CATALOG,[{'displayName': 'GOES-P: EXIS 1.0-8.0'}],2024-06-08T01:23Z,2024-06-08T01:49Z,2024-06-08T02:19Z,M9.7,S17W68,13697,,2024-06-08T02:43Z,3,https://kauai.ccmc.gsfc.nasa.gov/DONKI/view/FLR/31335/-1,2024-06-08T01:53:00-CME-001,2024-06-08T01:53:00.000-04:00,CME
2024-06-08T01:23:00-FLR-001,M2M_CATALOG,[{'displayName': 'GOES-P: EXIS 1.0-8.0'}],2024-06-08T01:23Z,2024-06-08T01:49Z,2024-06-08T02:19Z,M9.7,S17W68,13697,,2024-06-08T02:43Z,3,https://kauai.ccmc.gsfc.nasa.gov/DONKI/view/FLR/31335/-1,2024-06-08T02:25:00-SEP-001,2024-06-08T02:25:00.000-04:00,SEP
2024-06-08T01:23:00-FLR-001,M2M_CATALOG,[{'displayName': 'GOES-P: EXIS 1.0-8.0'}],2024-06-08T01:23Z,2024-06-08T01:49Z,2024-06-08T02:19Z,M9.7,S17W68,13697,,2024-06-08T02:43Z,3,https://kauai.ccmc.gsfc.nasa.gov/DONKI/view/FLR/31335/-1,2024-06-08T02:55:00-SEP-001,2024-06-08T02:55:00.000-04:00,SEP
2024-06-08T01:23:00-FLR-001,M2M_CATALOG,[{'displayName': 'GOES-P: EXIS 1.0-8.0'}],2024-06-08T01:23Z,2024-06-08T01:49Z,2024-06-08T02:19Z,M9.7,S17W68,13697,,2024-06-08T02:43Z,3,https://kauai.ccmc.gsfc.nasa.gov/DONKI/view/FLR/31335/-1,2024-06-08T03:09:00-SEP-001,2024-06-08T03:09:00.000-04:00,SEP
2024-06-08T01:23:00-FLR-001,M2M_CATALOG,[{'displayName': 'GOES-P: EXIS 1.0-8.0'}],2024-06-08T01:23Z,2024-06-08T01:49Z,2024-06-08T02:19Z,M9.7,S17W68,13697,,2024-06-08T02:43Z,3,https://kauai.ccmc.gsfc.nasa.gov/DONKI/view/FLR/31335/-1,2024-06-08T03:34:00-SEP-001,2024-06-08T03:34:00.000-04:00,SEP
2024-06-08T01:23:00-FLR-001,M2M_CATALOG,[{'displayName': 'GOES-P: EXIS 1.0-8.0'}],2024-06-08T01:23Z,2024-06-08T01:49Z,2024-06-08T02:19Z,M9.7,S17W68,13697,,2024-06-08T02:43Z,3,https://kauai.ccmc.gsfc.nasa.gov/DONKI/view/FLR/31335/-1,2024-06-08T03:36:00-SEP-001,2024-06-08T03:36:00.000-04:00,SEP
2024-06-08T01:23:00-FLR-001,M2M_CATALOG,[{'displayName': 'GOES-P: EXIS 1.0-8.0'}],2024-06-08T01:23Z,2024-06-08T01:49Z,2024-06-08T02:19Z,M9.7,S17W68,13697,,2024-06-08T02:43Z,3,https://kauai.ccmc.gsfc.nasa.gov/DONKI/view/FLR/31335/-1,2024-06-08T04:14:00-SEP-001,2024-06-08T04:14:00.000-04:00,SEP
2024-06-08T01:23:00-FLR-001,M2M_CATALOG,[{'displayName': 'GOES-P: EXIS 1.0-8.0'}],2024-06-08T01:23Z,2024-06-08T01:49Z,2024-06-08T02:19Z,M9.7,S17W68,13697,,2024-06-08T02:43Z,3,https://kauai.ccmc.gsfc.nasa.gov/DONKI/view/FLR/31335/-1,2024-06-08T04:14:00-SEP-002,2024-06-08T04:14:00.000-04:00,SEP
2024-06-08T01:23:00-FLR-001,M2M_CATALOG,[{'displayName': 'GOES-P: EXIS 1.0-8.0'}],2024-06-08T01:23Z,2024-06-08T01:49Z,2024-06-08T02:19Z,M9.7,S17W68,13697,,2024-06-08T02:43Z,3,https://kauai.ccmc.gsfc.nasa.gov/DONKI/view/FLR/31335/-1,2024-06-08T04:20:00-SEP-001,2024-06-08T04:20:00.000-04:00,SEP
2024-06-08T01:23:00-FLR-001,M2M_CATALOG,[{'displayName': 'GOES-P: EXIS 1.0-8.0'}],2024-06-08T01:23Z,2024-06-08T01:49Z,2024-06-08T02:19Z,M9.7,S17W68,13697,,2024-06-08T02:43Z,3,https://kauai.ccmc.gsfc.nasa.gov/DONKI/view/FLR/31335/-1,2024-06-08T04:48:00-SEP-001,2024-06-08T04:48:00.000-04:00,SEP
2024-06-08T20:53:00-FLR-001,M2M_CATALOG,[{'displayName': 'GOES-P: EXIS 1.0-8.0'}],2024-06-08T20:53Z,2024-06-08T21:02Z,2024-06-08T21:07Z,M1.0,S09W44,13703,,2024-06-09T12:58Z,1,https://kauai.ccmc.gsfc.nasa.gov/DONKI/view/FLR/31379/-1,2024-06-08T22:03:00-CME-001,2024-06-08T22:03:00.000-04:00,CME
2024-06-10T09:38:00-FLR-001,M2M_CATALOG,[{'displayName': 'GOES-P: EXIS 1.0-8.0'}],2024-06-10T09:38Z,2024-06-10T10:06Z,2024-06-10T10:18Z,M2.2,S17W91,13697,,2024-06-10T12:30Z,1,https://kauai.ccmc.gsfc.nasa.gov/DONKI/view/FLR/31404/-1,2024-06-10T11:00:00-CME-001,2024-06-10T11:00:00.000-04:00,CME
2024-06-10T10:18:00-FLR-001,M2M_CATALOG,[{'displayName': 'GOES-P: EXIS 1.0-8.0'}],2024-06-10T10:18Z,2024-06-10T10:58Z,2024-06-10T11:03Z,M5.3,S18W91,13697,,2024-06-10T11:30Z,2,https://kauai.ccmc.gsfc.nasa.gov/DONKI/view/FLR/31395/-1,2024-06-10T11:00:00-CME-001,2024-06-10T11:00:00.000-04:00,CME
2024-06-10T11:03:00-FLR-001,M2M_CATALOG,[{'displayName': 'GOES-P: EXIS 1.0-8.0'}],2024-06-10T11:03Z,2024-06-10T11:08Z,2024-06-10T11:18Z,X1.5,S18W92,13697,Occulted flare.,2024-06-10T18:39Z,2,https://kauai.ccmc.gsfc.nasa.gov/DONKI/view/FLR/31397/-1,2024-06-10T11:12:00-CME-001,2024-06-10T11:12:00.000-04:00,CME
2024-06-10T18:11:00-FLR-001,M2M_CATALOG,[{'displayName': 'GOES-P: EXIS 1.0-8.0'}],2024-06-10T18:11Z,2024-06-10T18:40Z,2024-06-10T19:18Z,M9.5,S18W96,13697,Occulted flare from behind the limb.,2024-06-10T19:24Z,5,https://kauai.ccmc.gsfc.nasa.gov/DONKI/view/FLR/31417/-1,2024-06-10T18:36:00-CME-001,2024-06-10T18:36:00.000-04:00,CME
2024-06-17T19:57:00-FLR-001,M2M_CATALOG,[{'displayName': 'GOES-P: EXIS 1.0-8.0'}],2024-06-17T19:57Z,2024-06-17T20:35Z,2024-06-17T20:56Z,M1.3,S10W52,13711,,2024-06-18T12:03Z,1,https://kauai.ccmc.gsfc.nasa.gov/DONKI/view/FLR/31563/-1,2024-06-17T20:21:00-CME-001,2024-06-17T20:21:00.000-04:00,CME
2024-06-19T06:15:00-FLR-001,M2M_CATALOG,[{'displayName': 'GOES-P: EXIS 1.0-8.0'}],2024-06-19T06:15Z,2024-06-19T06:38Z,2024-06-19T06:58Z,M1.1,S12W76,13711,,2024-06-19T15:35Z,1,https://kauai.ccmc.gsfc.nasa.gov/DONKI/view/FLR/31586/-1,2024-06-19T06:48:00-CME-001,2024-06-19T06:48:00.000-04:00,CME
2024-06-19T06:15:00-FLR-001,M2M_CATALOG,[{'displayName': 'GOES-P: EXIS 1.0-8.0'}],2024-06-19T06:15Z,2024-06-19T06:38Z,2024-06-19T06:58Z,M1.1,S12W76,13711,,2024-06-19T15:35Z,1,https://kauai.ccmc.gsfc.nasa.gov/DONKI/view/FLR/31586/-1,2024-06-19T07:00:00-CME-001,2024-06-19T07:00:00.000-04:00,CME
2024-06-23T06:16:00-FLR-001,M2M_CATALOG,[{'displayName': 'GOES-P: EXIS 1.0-8.0'}],2024-06-23T06:16Z,2024-06-23T06:30Z,2024-06-23T06:48Z,M2.4,N10W75,13716,,2024-06-23T13:48Z,1,https://kauai.ccmc.gsfc.nasa.gov/DONKI/view/FLR/31659/-1,2024-06-23T07:00:00-CME-001,2024-06-23T07:00:00.000-04:00,CME
2024-06-25T12:26:00-FLR-001,M2M_CATALOG,[{'displayName': 'GOES-P: EXIS 1.0-8.0'}],2024-06-25T12:26Z,2024-06-25T12:45Z,2024-06-25T13:06Z,M1.0,S18E61,13723,,2024-06-26T12:05Z,3,https://kauai.ccmc.gsfc.nasa.gov/DONKI/view/FLR/31691/-1,2024-06-25T13:25:00-CME-001,2024-06-25T13:25:00.000-04:00,CME
2024-06-26T14:42:00-FLR-001,M2M_CATALOG,[{'displayName': 'GOES-P: EXIS 1.0-8.0'}],2024-06-26T14:42Z,2024-06-26T15:30Z,2024-06-26T15:58Z,C6.2,S25E46,13728,"Start, peak, and end time manually calculated from GOES-P x-ray flux data due to the long duration nature of this flare. Start time selected as the first notable increase in brightening in SDO AIA 131, as the flare gradually brightens as opposed to a sharp, noticeable uptick in the flux.",2024-06-27T19:17Z,3,https://kauai.ccmc.gsfc.nasa.gov/DONKI/view/FLR/31722/-1,2024-06-26T16:00:00-CME-001,2024-06-26T16:00:00.000-04:00,CME
2024-06-27T17:02:00-FLR-001,M2M_CATALOG,[{'displayName': 'GOES-P: EXIS 1.0-8.0'}],2024-06-27T17:02Z,2024-06-27T17:12Z,2024-06-27T17:19Z,C2.0,S17W42,13719,,2024-06-28T15:54Z,1,https://kauai.ccmc.gsfc.nasa.gov/DONKI/view/FLR/31734/-1,2024-06-27T17:36:00-CME-001,2024-06-27T17:36:00.000-04:00,CME
2024-06-29T13:08:00-FLR-001,M2M_CATALOG,[{'displayName': 'GOES-P: EXIS 1.0-8.0'}],2024-06-29T13:08Z,2024-06-29T13:13Z,2024-06-29T13:22Z,C2.3,S18W60,13719,,2024-06-29T18:25Z,1,https://kauai.ccmc.gsfc.nasa.gov/DONKI/view/FLR/31748/-1,2024-06-29T03:36:00-CME-001,2024-06-29T03:36:00.000-04:00,CME
2024-06-30T15:25:00-FLR-001,M2M_CATALOG,[{'displayName': 'GOES-P: EXIS 1.0-8.0'}],2024-06-30T15:25Z,2024-06-30T15:49Z,2024-06-30T16:42Z,C2.1,N10E63,13734,,2024-07-01T16:50Z,1,https://kauai.ccmc.gsfc.nasa.gov/DONKI/view/FLR/31786/-1,2024-06-30T16:12:00-CME-001,2024-06-30T16:12:00.000-04:00,CME
2024-07-01T10:51:00-FLR-001,M2M_CATALOG,[{'displayName': 'GOES-P: EXIS 1.0-8.0'}],2024-07-01T10:51Z,2024-07-01T11:02Z,2024-07-01T11:07Z,M2.1,S19W38,13730,,2024-07-01T19:44Z,3,https://kauai.ccmc.gsfc.nasa.gov/DONKI/view/FLR/31772/-1,2024-07-01T11:36:00-CME-001,2024-07-01T11:36:00.000-04:00,CME
2024-07-02T20:45:00-FLR-001,M2M_CATALOG,[{'displayName': 'GOES-P: EXIS 1.0-8.0'}],2024-07-02T20:45Z,2024-07-02T20:57Z,2024-07-02T21:09Z,C4.7,S19W57,13730,,2024-07-03T16:38Z,1,https://kauai.ccmc.gsfc.nasa.gov/DONKI/view/FLR/31806/-1,2024-07-02T21:24:00-CME-001,2024-07-02T21:24:00.000-04:00,CME
2024-07-03T07:29:00-FLR-001,M2M_CATALOG,[{'displayName': 'GOES-P: EXIS 1.0-8.0'}],2024-07-03T07:29Z,2024-07-03T07:41Z,2024-07-03T07:55Z,M1.5,S19W62,13730,,2024-07-03T13:13Z,1,https://kauai.ccmc.gsfc.nasa.gov/DONKI/view/FLR/31802/-1,2024-07-03T08:00:00-CME-001,2024-07-03T08:00:00.000-04:00,CME
2024-07-04T14:06:00-FLR-001,M2M_CATALOG,[{'displayName': 'GOES-P: EXIS 1.0-8.0'}],2024-07-04T14:06Z,2024-07-04T14:25Z,2024-07-04T14:43Z,M1.0,S21W74,13723,,2024-07-04T16:18Z,1,https://kauai.ccmc.gsfc.nasa.gov/DONKI/view/FLR/31822/-1,2024-07-04T14:48:00-CME-001,2024-07-04T14:48:00.000-04:00,CME
2024-07-04T19:54:00-FLR-001,M2M_CATALOG,[{'displayName': 'GOES-P: EXIS 1.0-8.0'}],2024-07-04T19:54Z,2024-07-04T20:05Z,2024-07-04T20:13Z,M1.4,S20W85,13730,,2024-07-04T20:29Z,1,https://kauai.ccmc.gsfc.nasa.gov/DONKI/view/FLR/31827/-1,2024-07-04T20:24:00-CME-001,2024-07-04T20:24:00.000-04:00,CME
2024-07-08T11:05:00-FLR-001,M2M_CATALOG,[{'displayName': 'GOES-P: EXIS 1.0-8.0'}],2024-07-08T11:05Z,2024-07-08T11:13Z,2024-07-08T11:17Z,C4.2,S18W24,13740,,2024-07-08T17:10Z,1,https://kauai.ccmc.gsfc.nasa.gov/DONKI/view/FLR/31876/-1,2024-07-08T11:48:00-CME-001,2024-07-08T11:48:00.000-04:00,CME
2024-07-09T05:44:00-FLR-001,M2M_CATALOG,[{'displayName': 'GOES-P: EXIS 1.0-8.0'}],2024-07-09T05:44Z,2024-07-09T05:58Z,2024-07-09T06:05Z,C5.6,S08E27,13738,,2024-07-09T18:00Z,1,https://kauai.ccmc.gsfc.nasa.gov/DONKI/view/FLR/31889/-1,2024-07-09T06:24:00-CME-001,2024-07-09T06:24:00.000-04:00,CME
2024-07-15T09:21:00-FLR-001,M2M_CATALOG,[{'displayName': 'GOES-P: EXIS 1.0-8.0'}],2024-07-15T09:21Z,2024-07-15T09:37Z,2024-07-15T10:08Z,M2.7,S05W65,13738,Also there is a sympathetic eruption from the active region on the NE limb.,2024-07-15T11:51Z,1,https://kauai.ccmc.gsfc.nasa.gov/DONKI/view/FLR/31959/-1,2024-07-15T10:12:00-CME-001,2024-07-15T10:12:00.000-04:00,CME
2024-07-16T07:24:00-FLR-001,M2M_CATALOG,[{'displayName': 'GOES-P: EXIS 1.0-8.0'}],2024-07-16T07:24Z,2024-07-16T07:37Z,2024-07-16T07:50Z,M3.6,N11W27,13753,,2024-07-16T12:09Z,1,https://kauai.ccmc.gsfc.nasa.gov/DONKI/view/FLR/31970/-1,2024-07-16T08:48:00-CME-001,2024-07-16T08:48:00.000-04:00,CME
2024-07-16T13:11:00-FLR-001,M2M_CATALOG,[{'displayName': 'GOES-P: EXIS 1.0-8.0'}],2024-07-16T13:11Z,2024-07-16T13:26Z,2024-07-16T13:36Z,X1.9,S09W85,13738,,2024-07-17T12:37Z,4,https://kauai.ccmc.gsfc.nasa.gov/DONKI/view/FLR/31973/-1,2024-07-16T13:48:00-CME-001,2024-07-16T13:48:00.000-04:00,CME
2024-07-16T21:46:00-FLR-001,M2M_CATALOG,[{'displayName': 'GOES-P: EXIS 1.0-8.0'}],2024-07-16T21:46Z,2024-07-16T22:06Z,2024-07-16T22:17Z,M1.9,N18W11,13744,,2024-07-17T11:44Z,1,https://kauai.ccmc.gsfc.nasa.gov/DONKI/view/FLR/32001/-1,2024-07-16T23:12:00-CME-001,2024-07-16T23:12:00.000-04:00,CME
2024-07-17T06:26:00-FLR-001,M2M_CATALOG,[{'displayName': 'GOES-P: EXIS 1.0-8.0'}],2024-07-17T06:26Z,2024-07-17T06:39Z,2024-07-17T07:01Z,M5.0,S10W30,13743,"Some simultaneous eruptive brightening is seen from Active Region 13753 (N10W40) starting at 2024-07-17T06:46Z in SDO AIA 131, but this M5.0 flare is distinctly from Active Region 13743.",2024-07-17T11:58Z,2,https://kauai.ccmc.gsfc.nasa.gov/DONKI/view/FLR/31998/-1,2024-07-17T07:48:00-CME-001,2024-07-17T07:48:00.000-04:00,CME
2024-07-21T03:46:00-FLR-001,M2M_CATALOG,[{'displayName': 'GOES-P: EXIS 1.0-8.0'}],2024-07-21T03:46Z,2024-07-21T03:55Z,2024-07-21T03:59Z,M1.4,N15W73,13744,,2024-07-21T13:59Z,1,https://kauai.ccmc.gsfc.nasa.gov/DONKI/view/FLR/32074/-1,2024-07-21T04:24:00-CME-001,2024-07-21T04:24:00.000-04:00,CME
2024-07-21T16:18:00-FLR-001,M2M_CATALOG,[{'displayName': 'GOES-P: EXIS 1.0-8.0'}],2024-07-21T16:18Z,2024-07-21T16:31Z,2024-07-21T16:59Z,M1.0,N15E20,13757,,2024-07-21T17:08Z,1,https://kauai.ccmc.gsfc.nasa.gov/DONKI/view/FLR/32082/-1,2024-07-21T16:48:00-CME-001,2024-07-21T16:48:00.000-04:00,CME
2024-07-23T13:49:00-FLR-001,M2M_CATALOG,[{'displayName': 'GOES-P: EXIS 1.0-8.0'}],2024-07-23T13:49Z,2024-07-23T14:28Z,2024-07-23T15:09Z,M2.4,S10E77,13765,"This region was unnumbered at the time of the flare, but numbered later on 2024-07-23.",2024-07-24T11:49Z,5,https://kauai.ccmc.gsfc.nasa.gov/DONKI/view/FLR/32137/-1,2024-07-23T14:48:00-CME-001,2024-07-23T14:48:00.000-04:00,CME
2024-07-24T07:28:00-FLR-001,M2M_CATALOG,[{'displayName': 'GOES-P: EXIS 1.0-8.0'}],2024-07-24T07:28Z,2024-07-24T07:42Z,2024-07-24T07:50Z,M3.6,S08W60,13751,,2024-07-24T11:14Z,1,https://kauai.ccmc.gsfc.nasa.gov/DONKI/view/FLR/32153/-1,2024-07-24T08:23:00-CME-001,2024-07-24T08:23:00.000-04:00,CME
2024-07-24T17:07:00-FLR-001,M2M_CATALOG,[{'displayName': 'GOES-P: EXIS 1.0-8.0'}],2024-07-24T17:07Z,2024-07-24T17:21Z,2024-07-24T17:27Z,M3.0,S08W70,13751,,2024-07-24T18:43Z,2,https://kauai.ccmc.gsfc.nasa.gov/DONKI/view/FLR/32166/-1,2024-07-24T17:36:00-CME-001,2024-07-24T17:36:00.000-04:00,CME
2024-07-25T15:27:00-FLR-001,M2M_CATALOG,[{'displayName': 'GOES-P: EXIS 1.0-8.0'}],2024-07-25T15:27Z,2024-07-25T15:37Z,2024-07-25T15:43Z,M1.3,S07W85,13751,,2024-07-25T16:13Z,1,https://kauai.ccmc.gsfc.nasa.gov/DONKI/view/FLR/32184/-1,2024-07-25T16:00:00-CME-001,2024-07-25T16:00:00.000-04:00,CME
2024-07-26T02:41:00-FLR-001,M2M_CATALOG,[{'displayName': 'GOES-P: EXIS 1.0-8.0'}],2024-07-26T02:41Z,2024-07-26T02:52Z,2024-07-26T03:00Z,C3.9,S08W85,13751,,2024-07-26T16:28Z,1,https://kauai.ccmc.gsfc.nasa.gov/DONKI/view/FLR/32204/-1,2024-07-26T03:12:00-CME-001,2024-07-26T03:12:00.000-04:00,CME
2024-07-27T05:12:00-FLR-001,M2M_CATALOG,[{'displayName': 'GOES-P: EXIS 1.0-8.0'}],2024-07-27T05:12Z,2024-07-27T05:46Z,2024-07-27T06:19Z,M3.1,S11W25,13762,,2024-07-27T06:25Z,1,https://kauai.ccmc.gsfc.nasa.gov/DONKI/view/FLR/32231/-1,2024-07-27T06:36:00-CME-001,2024-07-27T06:36:00.000-04:00,CME
2024-07-27T10:16:00-FLR-001,M2M_CATALOG,[{'displayName': 'GOES-P: EXIS 1.0-8.0'}],2024-07-27T10:16Z,2024-07-27T10:40Z,2024-07-27T10:50Z,M2.0,S12W30,13762,Flare end time adjusted due to simultaneous flaring (from AR13767) causing an increase in the GOES X-ray flux timeline (see M1.8 flare peaking at 2024-07-27T10:54Z).,2024-07-27T17:40Z,1,https://kauai.ccmc.gsfc.nasa.gov/DONKI/view/FLR/32241/-1,2024-07-27T11:12:00-CME-001,2024-07-27T11:12:00.000-04:00,CME
2024-07-27T18:24:00-FLR-001,M2M_CATALOG,[{'displayName': 'GOES-P: EXIS 1.0-8.0'}],2024-07-27T18:24Z,2024-07-27T18:39Z,2024-07-27T18:51Z,M3.4,S12W33,13762,,2024-07-27T19:27Z,1,https://kauai.ccmc.gsfc.nasa.gov/DONKI/view/FLR/32244/-1,2024-07-27T21:36:00-CME-001,2024-07-27T21:36:00.000-04:00,CME
2024-07-28T01:39:00-FLR-001,M2M_CATALOG,[{'displayName': 'GOES-P: EXIS 1.0-8.0'}],2024-07-28T01:39Z,2024-07-28T01:51Z,2024-07-28T01:53Z,M7.8,S07E10,13766,Flare appears to occur between ARs 3766 and 3764 in available SDO AIA imagery.,2024-07-28T02:05Z,2,https://kauai.ccmc.gsfc.nasa.gov/DONKI/view/FLR/32260/-1,2024-07-28T02:24:00-CME-001,2024-07-28T02:24:00.000-04:00,CME
2024-07-28T01:53:00-FLR-001,M2M_CATALOG,[{'displayName': 'GOES-P: EXIS 1.0-8.0'}],2024-07-28T01:53Z,2024-07-28T01:57Z,2024-07-28T02:01Z,M9.9,S08E10,13766,This flare directly follows the M7.8 flare from the same region.,2024-07-28T02:09Z,1,https://kauai.ccmc.gsfc.nasa.gov/DONKI/view/FLR/32263/-1,2024-07-28T02:24:00-CME-001,2024-07-28T02:24:00.000-04:00,CME
2024-07-28T10:27:00-FLR-001,M2M_CATALOG,[{'displayName': 'GOES-P: EXIS 1.0-8.0'}],2024-07-28T10:27Z,2024-07-28T10:42Z,2024-07-28T10:54Z,M7.7,S12W41,13762,,2024-07-28T12:03Z,3,https://kauai.ccmc.gsfc.nasa.gov/DONKI/view/FLR/32265/-1,2024-07-28T12:12:00-CME-001,2024-07-28T12:12:00.000-04:00,CME
2024-07-28T13:46:00-FLR-001,M2M_CATALOG,[{'displayName': 'GOES-P: EXIS 1.0-8.0'}],2024-07-28T13:46Z,2024-07-28T14:22Z,2024-07-28T14:35Z,M1.6,S15W25,13768,,2024-07-28T15:03Z,1,https://kauai.ccmc.gsfc.nasa.gov/DONKI/view/FLR/32278/-1,2024-07-28T14:36:00-CME-001,2024-07-28T14:36:00.000-04:00,CME
2024-07-29T01:07:00-FLR-001,M2M_CATALOG,[{'displayName': 'GOES-P: EXIS 1.0-8.0'}],2024-07-29T01:07Z,2024-07-29T01:30Z,2024-07-29T01:36Z,C8.9,S12W45,13762,There may also be a sympathetic flare from AR 3768 peaking at 2024-07-29T01:36Z.,2024-07-29T16:06Z,1,https://kauai.ccmc.gsfc.nasa.gov/DONKI/view/FLR/32311/-1,2024-07-29T02:12:00-CME-001,2024-07-29T02:12:00.000-04:00,CME
2024-07-29T12:47:00-FLR-001,M2M_CATALOG,[{'displayName': 'GOES-P: EXIS 1.0-8.0'}],2024-07-29T12:47Z,2024-07-29T12:55Z,2024-07-29T13:04Z,M8.7,S11W52,13762,,2024-07-29T17:00Z,3,https://kauai.ccmc.gsfc.nasa.gov/DONKI/view/FLR/32301/-1,2024-07-29T13:25:00-CME-001,2024-07-29T13:25:00.000-04:00,CME
2024-07-29T14:04:00-FLR-001,M2M_CATALOG,[{'displayName': 'GOES-P: EXIS 1.0-8.0'}],2024-07-29T14:04Z,2024-07-29T14:46Z,2024-07-29T15:09Z,M4.2,S10W02,13766,There is also a flare occurring from an unnumbered region on the SE limb at this time.,2024-07-29T17:00Z,2,https://kauai.ccmc.gsfc.nasa.gov/DONKI/view/FLR/32304/-1,2024-07-29T14:36:00-CME-001,2024-07-29T14:36:00.000-04:00,CME
2024-07-29T19:40:00-FLR-001,M2M_CATALOG,[{'displayName': 'GOES-P: EXIS 1.0-8.0'}],2024-07-29T19:40Z,2024-07-29T19:57Z,2024-07-29T20:10Z,M6.4,S25E85,13772,"Active Region 13772, which is likely associated with this flare, was numbered after the flare was observed.",2024-07-30T13:56Z,4,https://kauai.ccmc.gsfc.nasa.gov/DONKI/view/FLR/32323/-1,2024-07-29T20:00:00-CME-001,2024-07-29T20:00:00.000-04:00,CME
2024-07-30T19:25:00-FLR-001,M2M_CATALOG,[{'displayName': 'GOES-P: EXIS 1.0-8.0'}],2024-07-30T19:25Z,2024-07-30T19:38Z,2024-07-30T20:04Z,M9.4,S25E65,13772,,2024-07-30T20:55Z,4,https://kauai.ccmc.gsfc.nasa.gov/DONKI/view/FLR/32351/-1,2024-07-30T19:48:00-CME-001,2024-07-30T19:48:00.000-04:00,CME
2024-07-31T06:28:00-FLR-001,M2M_CATALOG,[{'displayName': 'GOES-P: EXIS 1.0-8.0'}],2024-07-31T06:28Z,2024-07-31T06:46Z,2024-07-31T06:58Z,M7.7,S15W60,13768,,2024-07-31T11:10Z,2,https://kauai.ccmc.gsfc.nasa.gov/DONKI/view/FLR/32364/-1,2024-07-31T07:12:00-CME-001,2024-07-31T07:12:00.000-04:00,CME
2024-07-31T12:45:00-FLR-001,M2M_CATALOG,[{'displayName': 'GOES-P: EXIS 1.0-8.0'}],2024-07-31T12:45Z,2024-07-31T13:05Z,2024-07-31T13:26Z,M6.0,S25E55,13772,,2024-07-31T13:41Z,3,https://kauai.ccmc.gsfc.nasa.gov/DONKI/view/FLR/32374/-1,2024-07-31T13:25:00-CME-001,2024-07-31T13:25:00.000-04:00,CME
2024-07-31T18:05:00-FLR-001,M2M_CATALOG,[{'displayName': 'GOES-P: EXIS 1.0-8.0'}],2024-07-31T18:05Z,2024-07-31T18:37Z,2024-07-31T18:58Z,M5.3,S15W73,13768,,2024-08-02T17:02Z,4,https://kauai.ccmc.gsfc.nasa.gov/DONKI/view/FLR/32392/-1,2024-07-31T18:36:00-CME-001,2024-07-31T18:36:00.000-04:00,CME
2024-07-31T18:05:00-FLR-001,M2M_CATALOG,[{'displayName': 'GOES-P: EXIS 1.0-8.0'}],2024-07-31T18:05Z,2024-07-31T18:37Z,2024-07-31T18:58Z,M5.3,S15W73,13768,,2024-08-02T17:02Z,4,https://kauai.ccmc.gsfc.nasa.gov/DONKI/view/FLR/32392/-1,2024-07-31T20:10:00-SEP-001,2024-07-31T20:10:00.000-04:00,SEP
2024-07-31T18:05:00-FLR-001,M2M_CATALOG,[{'displayName': 'GOES-P: EXIS 1.0-8.0'}],2024-07-31T18:05Z,2024-07-31T18:37Z,2024-07-31T18:58Z,M5.3,S15W73,13768,,2024-08-02T17:02Z,4,https://kauai.ccmc.gsfc.nasa.gov/DONKI/view/FLR/32392/-1,2024-07-31T20:10:00-SEP-002,2024-07-31T20:10:00.000-04:00,SEP
2024-08-01T01:47:00-FLR-001,M2M_CATALOG,[{'displayName': 'GOES-P: EXIS 1.0-8.0'}],2024-08-01T01:47Z,2024-08-01T01:50Z,2024-08-01T01:54Z,M6.3,S07W60,13773,,2024-08-01T02:00Z,2,https://kauai.ccmc.gsfc.nasa.gov/DONKI/view/FLR/32400/-1,2024-08-01T02:48:00-CME-001,2024-08-01T02:48:00.000-04:00,CME
2024-08-01T06:23:00-FLR-001,M2M_CATALOG,[{'displayName': 'GOES-P: EXIS 1.0-8.0'}],2024-08-01T06:23Z,2024-08-01T07:09Z,2024-08-01T07:39Z,M8.2,S15W80,13768,,2024-08-01T11:16Z,2,https://kauai.ccmc.gsfc.nasa.gov/DONKI/view/FLR/32407/-1,2024-08-01T07:24:00-CME-001,2024-08-01T07:24:00.000-04:00,CME
2024-08-02T04:23:00-FLR-001,M2M_CATALOG,[{'displayName': 'GOES-P: EXIS 1.0-8.0'}],2024-08-02T04:23Z,2024-08-02T04:55Z,2024-08-02T05:35Z,M7.4,S14W88,13768,Flare occurs just on/inside the west limb.,2024-08-02T11:35Z,2,https://kauai.ccmc.gsfc.nasa.gov/DONKI/view/FLR/32457/-1,2024-08-02T05:12:00-CME-001,2024-08-02T05:12:00.000-04:00,CME
2024-08-04T22:04:00-FLR-001,M2M_CATALOG,[{'displayName': 'GOES-P: EXIS 1.0-8.0'}],2024-08-04T22:04Z,2024-08-04T22:11Z,2024-08-04T22:15Z,M1.0,S10E64,13780,,2024-08-04T22:44Z,2,https://kauai.ccmc.gsfc.nasa.gov/DONKI/view/FLR/32532/-1,2024-08-04T23:12:00-CME-001,2024-08-04T23:12:00.000-04:00,CME
2024-08-05T02:22:00-FLR-001,M2M_CATALOG,[{'displayName': 'GOES-P: EXIS 1.0-8.0'}],2024-08-05T02:22Z,2024-08-05T02:31Z,2024-08-05T02:35Z,M1.1,S10E61,13780,,2024-08-05T12:10Z,1,https://kauai.ccmc.gsfc.nasa.gov/DONKI/view/FLR/32540/-1,2024-08-05T03:12:00-CME-001,2024-08-05T03:12:00.000-04:00,CME
2024-08-05T05:13:00-FLR-001,M2M_CATALOG,[{'displayName': 'GOES-P: EXIS 1.0-8.0'}],2024-08-05T05:13Z,2024-08-05T05:23Z,2024-08-05T05:27Z,M6.1,S10E60,13780,,2024-08-05T12:14Z,2,https://kauai.ccmc.gsfc.nasa.gov/DONKI/view/FLR/32538/-1,2024-08-05T05:48:00-CME-001,2024-08-05T05:48:00.000-04:00,CME
2024-08-05T13:24:00-FLR-001,M2M_CATALOG,[{'displayName': 'GOES-P: EXIS 1.0-8.0'}],2024-08-05T13:24Z,2024-08-05T13:40Z,2024-08-05T13:54Z,X1.7,S12W95,13765,"Close inspection was conducted regarding the location of this flare. Initial impressions using SDO AIA imagery indicated an approximate longitude of W99. After close manual inspection of EUV imagery from STEREO-A, which was 21 degrees upstream of the SDO AIA viewpoint at L1, it was determined that this flare was more likely located at approximately S12W95 and had most likely originated from AR 13765. Attribution to Active Region 13765 was based on the close agreement between the location of the flare seen in UV imagery (S12W97) and the separate manual calculation of the approximate location of AR 13765 at the peak time of the flare (S11W95-97), as well as the qualitative comparison of features seen on the disk at the time of the flare with the location of those features in earlier frames where the location of each Active Region is more distinguishable. STIX on SolO also confirms the approximate location of the flare.",2024-08-07T18:41Z,10,https://kauai.ccmc.gsfc.nasa.gov/DONKI/view/FLR/32545/-1,2024-08-05T13:48:00-CME-001,2024-08-05T13:48:00.000-04:00,CME
2024-08-05T13:24:00-FLR-001,M2M_CATALOG,[{'displayName': 'GOES-P: EXIS 1.0-8.0'}],2024-08-05T13:24Z,2024-08-05T13:40Z,2024-08-05T13:54Z,X1.7,S12W95,13765,"Close inspection was conducted regarding the location of this flare. Initial impressions using SDO AIA imagery indicated an approximate longitude of W99. After close manual inspection of EUV imagery from STEREO-A, which was 21 degrees upstream of the SDO AIA viewpoint at L1, it was determined that this flare was more likely located at approximately S12W95 and had most likely originated from AR 13765. Attribution to Active Region 13765 was based on the close agreement between the location of the flare seen in UV imagery (S12W97) and the separate manual calculation of the approximate location of AR 13765 at the peak time of the flare (S11W95-97), as well as the qualitative comparison of features seen on the disk at the time of the flare with the location of those features in earlier frames where the location of each Active Region is more distinguishable. STIX on SolO also confirms the approximate location of the flare.",2024-08-07T18:41Z,10,https://kauai.ccmc.gsfc.nasa.gov/DONKI/view/FLR/32545/-1,2024-08-05T17:26:00-SEP-001,2024-08-05T17:26:00.000-04:00,SEP
2024-08-05T15:18:00-FLR-001,M2M_CATALOG,[{'displayName': 'GOES-P: EXIS 1.0-8.0'}],2024-08-05T15:18Z,2024-08-05T15:27Z,2024-08-05T15:32Z,X1.1,S10E55,13780,,2024-08-05T15:53Z,4,https://kauai.ccmc.gsfc.nasa.gov/DONKI/view/FLR/32554/-1,2024-08-05T16:00:00-CME-001,2024-08-05T16:00:00.000-04:00,CME
2024-08-07T01:55:00-FLR-001,M2M_CATALOG,[{'displayName': 'GOES-P: EXIS 1.0-8.0'}],2024-08-07T01:55Z,2024-08-07T02:01Z,2024-08-07T02:06Z,C8.5,N05W85,,Associated active region could not be determined based on EUV imagery.,2024-08-11T00:04Z,2,https://kauai.ccmc.gsfc.nasa.gov/DONKI/view/FLR/32593/-1,2024-08-07T03:48:00-CME-001,2024-08-07T03:48:00.000-04:00,CME
2024-08-07T13:30:00-FLR-001,M2M_CATALOG,[{'displayName': 'GOES-P: EXIS 1.0-8.0'}],2024-08-07T13:30Z,2024-08-07T13:50Z,2024-08-07T13:58Z,M4.5,S10W22,13774,,2024-08-07T14:08Z,2,https://kauai.ccmc.gsfc.nasa.gov/DONKI/view/FLR/32582/-1,2024-08-07T14:24:00-CME-001,2024-08-07T14:24:00.000-04:00,CME
2024-08-07T18:31:00-FLR-001,M2M_CATALOG,[{'displayName': 'GOES-P: EXIS 1.0-8.0'}],2024-08-07T18:31Z,2024-08-07T18:54Z,2024-08-07T19:08Z,M5.0,S09W05,13777,,2024-08-07T19:47Z,3,https://kauai.ccmc.gsfc.nasa.gov/DONKI/view/FLR/32590/-1,2024-08-07T19:36:00-CME-001,2024-08-07T19:36:00.000-04:00,CME
2024-08-08T03:27:00-FLR-001,M2M_CATALOG,[{'displayName': 'GOES-P: EXIS 1.0-8.0'}],2024-08-08T03:27Z,2024-08-08T04:41Z,2024-08-08T05:09Z,M1.3,S05W15,13777,,2024-08-08T11:16Z,1,https://kauai.ccmc.gsfc.nasa.gov/DONKI/view/FLR/32614/-1,2024-08-08T05:30:00-CME-001,2024-08-08T05:30:00.000-04:00,CME
2024-08-08T19:01:00-FLR-001,M2M_CATALOG,[{'displayName': 'GOES-P: EXIS 1.0-8.0'}],2024-08-08T19:01Z,2024-08-08T19:35Z,2024-08-08T19:57Z,X1.3,S04W23,13777,"Notification ID 20240808-AL-004 was sent erroneously due to a brief GOES data gap during the flare's rising phase, which triggered a second >M5 notification when the data backfilled shortly after. It remains linked here to avoid confusion, but the first two notifications here are the true ones for this flare entry.",2024-08-08T21:07Z,3,https://kauai.ccmc.gsfc.nasa.gov/DONKI/view/FLR/32626/-1,2024-08-08T20:00:00-CME-001,2024-08-08T20:00:00.000-04:00,CME
2024-08-09T21:10:00-FLR-001,M2M_CATALOG,[{'displayName': 'GOES-P: EXIS 1.0-8.0'}],2024-08-09T21:10Z,2024-08-09T21:23Z,2024-08-09T21:50Z,M4.5,S05W40,13774,"This flare occurs between ARs 3777 and 3774, and is assigned to AR 3774. Flare location has been updated from original DONKI entry.",2024-08-10T18:32Z,4,https://kauai.ccmc.gsfc.nasa.gov/DONKI/view/FLR/32654/-1,2024-08-09T21:48:00-CME-001,2024-08-09T21:48:00.000-04:00,CME
2024-08-10T02:14:00-FLR-001,M2M_CATALOG,[{'displayName': 'GOES-P: EXIS 1.0-8.0'}],2024-08-10T02:14Z,2024-08-10T02:37Z,2024-08-10T02:52Z,M5.3,S08W02,13780,"The flare started in AR 3780 centered around S12E02 but a brighter, more pointed, flare developed at ~S08W02 starting at 2024-08-10T02:31Z. Location of the M5.3 class flare still needs to be clarified.",2024-08-10T12:26Z,2,https://kauai.ccmc.gsfc.nasa.gov/DONKI/view/FLR/32665/-1,2024-08-10T03:24:00-CME-001,2024-08-10T03:24:00.000-04:00,CME
2024-08-13T07:30:00-FLR-001,M2M_CATALOG,[{'displayName': 'GOES-P: EXIS 1.0-8.0'}],2024-08-13T07:30Z,2024-08-13T07:37Z,2024-08-13T07:50Z,C6.6,S10W38,13780,,2024-08-14T17:05Z,1,https://kauai.ccmc.gsfc.nasa.gov/DONKI/view/FLR/32799/-1,2024-08-13T10:12:00-CME-001,2024-08-13T10:12:00.000-04:00,CME
2024-08-14T03:33:00-FLR-001,M2M_CATALOG,[{'displayName': 'GOES-P: EXIS 1.0-8.0'}],2024-08-14T03:33Z,2024-08-14T04:02Z,2024-08-14T04:27Z,M4.4,S04W89,13777,"Simultaneous, less intense flaring is observed from Active Region 13784 during this event as well.",2024-08-14T11:15Z,1,https://kauai.ccmc.gsfc.nasa.gov/DONKI/view/FLR/32786/-1,2024-08-14T04:12:00-CME-001,2024-08-14T04:12:00.000-04:00,CME
2024-08-14T06:00:00-FLR-001,M2M_CATALOG,[{'displayName': 'GOES-P: EXIS 1.0-8.0'}],2024-08-14T06:00Z,2024-08-14T06:40Z,2024-08-14T07:08Z,X1.1,N14E03,13784,,2024-08-14T11:06Z,2,https://kauai.ccmc.gsfc.nasa.gov/DONKI/view/FLR/32783/-1,2024-08-14T08:23:00-CME-001,2024-08-14T08:23:00.000-04:00,CME
2024-08-16T13:13:00-FLR-001,M2M_CATALOG,[{'displayName': 'GOES-P: EXIS 1.0-8.0'}],2024-08-16T13:13Z,2024-08-16T13:24Z,2024-08-16T13:35Z,M1.3,S04W90,13780,,2024-08-16T13:45Z,1,https://kauai.ccmc.gsfc.nasa.gov/DONKI/view/FLR/32834/-1,2024-08-16T13:36:00-CME-001,2024-08-16T13:36:00.000-04:00,CME
2024-08-16T14:00:00-FLR-001,M2M_CATALOG,[{'displayName': 'GOES-P: EXIS 1.0-8.0'}],2024-08-16T14:00Z,2024-08-16T14:09Z,2024-08-16T14:18Z,C5.9,N28E04,13789,,2024-08-16T17:10Z,1,https://kauai.ccmc.gsfc.nasa.gov/DONKI/view/FLR/32837/-1,2024-08-16T14:48:00-CME-001,2024-08-16T14:48:00.000-04:00,CME
2024-08-17T10:24:00-FLR-001,M2M_CATALOG,[{'displayName': 'GOES-P: EXIS 1.0-8.0'}],2024-08-17T10:24Z,2024-08-17T10:33Z,2024-08-17T10:42Z,M1.6,N17W41,13784,,2024-08-17T14:26Z,1,https://kauai.ccmc.gsfc.nasa.gov/DONKI/view/FLR/32850/-1,2024-08-17T11:24:00-CME-001,2024-08-17T11:24:00.000-04:00,CME
2024-08-22T08:04:00-FLR-001,M2M_CATALOG,[{'displayName': 'GOES-P: EXIS 1.0-8.0'}],2024-08-22T08:04Z,2024-08-22T08:08Z,2024-08-22T08:12Z,C5.6,N09E75,13801,,2024-08-22T18:03Z,2,https://kauai.ccmc.gsfc.nasa.gov/DONKI/view/FLR/32965/-1,2024-08-22T10:00:00-CME-001,2024-08-22T10:00:00.000-04:00,CME
2024-08-23T01:05:00-FLR-001,M2M_CATALOG,[{'displayName': 'GOES-P: EXIS 1.0-8.0'}],2024-08-23T01:05Z,2024-08-23T01:26Z,2024-08-23T02:03Z,C5.6,N20W31,13794,,2024-08-23T16:23Z,1,https://kauai.ccmc.gsfc.nasa.gov/DONKI/view/FLR/32986/-1,2024-08-23T02:00:00-CME-001,2024-08-23T02:00:00.000-04:00,CME
2024-08-30T12:13:00-FLR-001,M2M_CATALOG,[{'displayName': 'GOES-P: EXIS 1.0-8.0'}],2024-08-30T12:13Z,2024-08-30T12:20Z,2024-08-30T12:25Z,M3.8,S12E55,13806,,2024-08-30T12:43Z,1,https://kauai.ccmc.gsfc.nasa.gov/DONKI/view/FLR/33057/-1,2024-08-30T12:53:00-CME-001,2024-08-30T12:53:00.000-04:00,CME
2024-09-01T11:45:00-FLR-001,M2M_CATALOG,[{'displayName': 'GOES-P: EXIS 1.0-8.0'}],2024-09-01T11:45Z,2024-09-01T13:22Z,2024-09-01T13:35Z,M5.5,S25E90,,"Long-duration brightening associated with post-eruptive arcades, spanning from S20 to S30 on the East limb.",2024-09-02T18:09Z,3,https://kauai.ccmc.gsfc.nasa.gov/DONKI/view/FLR/33094/-1,2024-09-01T12:23:00-CME-001,2024-09-01T12:23:00.000-04:00,CME
2024-09-01T11:45:00-FLR-001,M2M_CATALOG,[{'displayName': 'GOES-P: EXIS 1.0-8.0'}],2024-09-01T11:45Z,2024-09-01T13:22Z,2024-09-01T13:35Z,M5.5,S25E90,,"Long-duration brightening associated with post-eruptive arcades, spanning from S20 to S30 on the East limb.",2024-09-02T18:09Z,3,https://kauai.ccmc.gsfc.nasa.gov/DONKI/view/FLR/33094/-1,2024-09-01T23:14:00-SEP-001,2024-09-01T23:14:00.000-04:00,SEP
2024-09-02T13:34:00-FLR-001,M2M_CATALOG,[{'displayName': 'GOES-P: EXIS 1.0-8.0'}],2024-09-02T13:34Z,2024-09-02T13:43Z,2024-09-02T13:53Z,M2.9,S18W40,13807,Simultaneous ongoing flaring from AR 3813 (S17E62).,2024-09-02T18:08Z,2,https://kauai.ccmc.gsfc.nasa.gov/DONKI/view/FLR/33114/-1,2024-09-02T14:00:00-CME-001,2024-09-02T14:00:00.000-04:00,CME
2024-09-07T06:17:00-FLR-001,M2M_CATALOG,[{'displayName': 'GOES-P: EXIS 1.0-8.0'}],2024-09-07T06:17Z,2024-09-07T07:49Z,2024-09-07T09:17Z,M1.6,S30E15,13815,Long duration flare from between AR 3815 and 3813 (~S30E15).,2025-02-06T21:42Z,3,https://kauai.ccmc.gsfc.nasa.gov/DONKI/view/FLR/33224/-1,2024-09-07T07:36:00-CME-001,2024-09-07T07:36:00.000-04:00,CME
2024-09-07T06:17:00-FLR-001,M2M_CATALOG,[{'displayName': 'GOES-P: EXIS 1.0-8.0'}],2024-09-07T06:17Z,2024-09-07T07:49Z,2024-09-07T09:17Z,M1.6,S30E15,13815,Long duration flare from between AR 3815 and 3813 (~S30E15).,2025-02-06T21:42Z,3,https://kauai.ccmc.gsfc.nasa.gov/DONKI/view/FLR/33224/-1,2024-09-07T08:00:00-CME-001,2024-09-07T08:00:00.000-04:00,CME
2024-09-09T00:57:00-FLR-001,M2M_CATALOG,[{'displayName': 'GOES-P: EXIS 1.0-8.0'}],2024-09-09T00:57Z,2024-09-09T03:32Z,2024-09-09T05:02Z,M1.0,S05W89,13806,,2024-09-10T19:13Z,2,https://kauai.ccmc.gsfc.nasa.gov/DONKI/view/FLR/33276/-1,2024-09-09T01:25:00-CME-001,2024-09-09T01:25:00.000-04:00,CME
2024-09-09T16:58:00-FLR-001,M2M_CATALOG,[{'displayName': 'GOES-P: EXIS 1.0-8.0'}],2024-09-09T16:58Z,2024-09-09T17:08Z,2024-09-09T17:16Z,M3.4,N15E15,13814,,2024-09-09T17:36Z,1,https://kauai.ccmc.gsfc.nasa.gov/DONKI/view/FLR/33278/-1,2024-09-09T20:55:00-SEP-002,2024-09-09T20:55:00.000-04:00,SEP
2024-09-09T16:58:00-FLR-001,M2M_CATALOG,[{'displayName': 'GOES-P: EXIS 1.0-8.0'}],2024-09-09T16:58Z,2024-09-09T17:08Z,2024-09-09T17:16Z,M3.4,N15E15,13814,,2024-09-09T17:36Z,1,https://kauai.ccmc.gsfc.nasa.gov/DONKI/view/FLR/33278/-1,2024-09-09T20:55:00-SEP-001,2024-09-09T20:55:00.000-04:00,SEP
2024-09-09T16:58:00-FLR-001,M2M_CATALOG,[{'displayName': 'GOES-P: EXIS 1.0-8.0'}],2024-09-09T16:58Z,2024-09-09T17:08Z,2024-09-09T17:16Z,M3.4,N15E15,13814,,2024-09-09T17:36Z,1,https://kauai.ccmc.gsfc.nasa.gov/DONKI/view/FLR/33278/-1,2024-09-09T20:58:00-SEP-001,2024-09-09T20:58:00.000-04:00,SEP
2024-09-09T23:47:00-FLR-001,M2M_CATALOG,[{'displayName': 'GOES-P: EXIS 1.0-8.0'}],2024-09-09T23:47Z,2024-09-10T00:28Z,2024-09-10T01:03Z,M1.2,N15E10,13814,,2024-09-10T11:16Z,3,https://kauai.ccmc.gsfc.nasa.gov/DONKI/view/FLR/33295/-1,2024-09-10T00:23:00-CME-001,2024-09-10T00:23:00.000-04:00,CME
2024-09-10T23:38:00-FLR-001,M2M_CATALOG,[{'displayName': 'GOES-P: EXIS 1.0-8.0'}],2024-09-10T23:38Z,2024-09-10T23:50Z,2024-09-10T23:57Z,M1.0,N15W02,13814,,2024-09-11T00:13Z,1,https://kauai.ccmc.gsfc.nasa.gov/DONKI/view/FLR/33309/-1,2024-09-11T02:23:00-CME-001,2024-09-11T02:23:00.000-04:00,CME
2024-09-11T15:24:00-FLR-001,M2M_CATALOG,[{'displayName': 'GOES-P: EXIS 1.0-8.0'}],2024-09-11T15:24Z,2024-09-11T15:30Z,2024-09-11T17:16Z,M1.8,S12E90,13825,"This flare likely originated from Active Region 13825, which was numbered after the flare was observed.",2024-09-16T15:46Z,3,https://kauai.ccmc.gsfc.nasa.gov/DONKI/view/FLR/33322/-1,2024-09-11T16:48:00-CME-001,2024-09-11T16:48:00.000-04:00,CME
2024-09-11T17:16:00-FLR-001,M2M_CATALOG,[{'displayName': 'GOES-P: EXIS 1.0-8.0'}],2024-09-11T17:16Z,2024-09-11T17:26Z,2024-09-11T17:32Z,M1.6,S15W80,13811,In the vicinity of Active Region 13811,2024-09-16T15:51Z,2,https://kauai.ccmc.gsfc.nasa.gov/DONKI/view/FLR/33327/-1,2024-09-11T19:48:00-CME-001,2024-09-11T19:48:00.000-04:00,CME
2024-09-11T23:49:00-FLR-001,M2M_CATALOG,[{'displayName': 'GOES-P: EXIS 1.0-8.0'}],2024-09-11T23:49Z,2024-09-12T00:12Z,2024-09-12T00:32Z,M5.0,S15W80,13811,"Some simultaneous flaring from AR 13814 (N15W16), but the clear majority of this brightening is from AR 13811.",2024-09-12T00:47Z,2,https://kauai.ccmc.gsfc.nasa.gov/DONKI/view/FLR/33332/-1,2024-09-12T00:36:00-CME-001,2024-09-12T00:36:00.000-04:00,CME
2024-09-12T18:46:00-FLR-001,M2M_CATALOG,[{'displayName': 'GOES-P: EXIS 1.0-8.0'}],2024-09-12T18:46Z,2024-09-12T18:59Z,2024-09-12T19:16Z,C9.7,S18E80,13825,,2024-09-13T11:01Z,2,https://kauai.ccmc.gsfc.nasa.gov/DONKI/view/FLR/33372/-1,2024-09-12T19:48:00-CME-001,2024-09-12T19:48:00.000-04:00,CME
2024-09-12T23:57:00-FLR-001,M2M_CATALOG,[{'displayName': 'GOES-P: EXIS 1.0-8.0'}],2024-09-12T23:57Z,2024-09-13T00:00Z,2024-09-13T00:06Z,M1.2,S13W91,13811,,2024-09-13T10:39Z,2,https://kauai.ccmc.gsfc.nasa.gov/DONKI/view/FLR/33374/-1,2024-09-13T02:00:00-CME-001,2024-09-13T02:00:00.000-04:00,CME
2024-09-14T03:10:00-FLR-001,M2M_CATALOG,[{'displayName': 'GOES-S: EXIS 1.0-8.0'}],2024-09-14T03:10Z,2024-09-14T04:31Z,2024-09-14T07:22Z,M1.0,S21W95,13823,"Occulted flare behind the SW limb, possibly from Active Region 3823 (S19W95).",2024-09-15T23:05Z,2,https://kauai.ccmc.gsfc.nasa.gov/DONKI/view/FLR/33421/-1,2024-09-14T04:23:00-CME-001,2024-09-14T04:23:00.000-04:00,CME
2024-09-14T15:13:00-FLR-001,M2M_CATALOG,[{'displayName': 'GOES-P: EXIS 1.0-8.0'}],2024-09-14T15:13Z,2024-09-14T15:29Z,2024-09-14T15:47Z,X4.5,S18E55,13825,,2024-09-14T19:12Z,3,https://kauai.ccmc.gsfc.nasa.gov/DONKI/view/FLR/33428/-1,2024-09-14T15:36:00-CME-001,2024-09-14T15:36:00.000-04:00,CME
2024-09-14T15:13:00-FLR-001,M2M_CATALOG,[{'displayName': 'GOES-P: EXIS 1.0-8.0'}],2024-09-14T15:13Z,2024-09-14T15:29Z,2024-09-14T15:47Z,X4.5,S18E55,13825,,2024-09-14T19:12Z,3,https://kauai.ccmc.gsfc.nasa.gov/DONKI/view/FLR/33428/-1,2024-09-17T04:33:00-SEP-001,2024-09-17T04:33:00.000-04:00,SEP
2024-09-14T15:13:00-FLR-001,M2M_CATALOG,[{'displayName': 'GOES-P: EXIS 1.0-8.0'}],2024-09-14T15:13Z,2024-09-14T15:29Z,2024-09-14T15:47Z,X4.5,S18E55,13825,,2024-09-14T19:12Z,3,https://kauai.ccmc.gsfc.nasa.gov/DONKI/view/FLR/33428/-1,2024-09-17T04:40:00-SEP-001,2024-09-17T04:40:00.000-04:00,SEP
2024-09-14T15:13:00-FLR-001,M2M_CATALOG,[{'displayName': 'GOES-P: EXIS 1.0-8.0'}],2024-09-14T15:13Z,2024-09-14T15:29Z,2024-09-14T15:47Z,X4.5,S18E55,13825,,2024-09-14T19:12Z,3,https://kauai.ccmc.gsfc.nasa.gov/DONKI/view/FLR/33428/-1,2024-09-17T07:35:00-SEP-001,2024-09-17T07:35:00.000-04:00,SEP
2024-09-14T15:13:00-FLR-001,M2M_CATALOG,[{'displayName': 'GOES-P: EXIS 1.0-8.0'}],2024-09-14T15:13Z,2024-09-14T15:29Z,2024-09-14T15:47Z,X4.5,S18E55,13825,,2024-09-14T19:12Z,3,https://kauai.ccmc.gsfc.nasa.gov/DONKI/view/FLR/33428/-1,2024-09-17T08:14:00-SEP-001,2024-09-17T08:14:00.000-04:00,SEP
2024-09-14T15:13:00-FLR-001,M2M_CATALOG,[{'displayName': 'GOES-P: EXIS 1.0-8.0'}],2024-09-14T15:13Z,2024-09-14T15:29Z,2024-09-14T15:47Z,X4.5,S18E55,13825,,2024-09-14T19:12Z,3,https://kauai.ccmc.gsfc.nasa.gov/DONKI/view/FLR/33428/-1,2024-09-17T08:54:00-SEP-001,2024-09-17T08:54:00.000-04:00,SEP
2024-09-14T15:13:00-FLR-001,M2M_CATALOG,[{'displayName': 'GOES-P: EXIS 1.0-8.0'}],2024-09-14T15:13Z,2024-09-14T15:29Z,2024-09-14T15:47Z,X4.5,S18E55,13825,,2024-09-14T19:12Z,3,https://kauai.ccmc.gsfc.nasa.gov/DONKI/view/FLR/33428/-1,2024-09-17T14:31:00-SEP-001,2024-09-17T14:31:00.000-04:00,SEP
2024-09-14T15:13:00-FLR-001,M2M_CATALOG,[{'displayName': 'GOES-P: EXIS 1.0-8.0'}],2024-09-14T15:13Z,2024-09-14T15:29Z,2024-09-14T15:47Z,X4.5,S18E55,13825,,2024-09-14T19:12Z,3,https://kauai.ccmc.gsfc.nasa.gov/DONKI/view/FLR/33428/-1,2024-09-17T15:43:00-SEP-001,2024-09-17T15:43:00.000-04:00,SEP
2024-09-22T21:12:00-FLR-001,M2M_CATALOG,[{'displayName': 'GOES-P: EXIS 1.0-8.0'}],2024-09-22T21:12Z,2024-09-22T21:39Z,2024-09-22T22:05Z,M3.7,S23E65,13835,,2024-09-23T13:52Z,1,https://kauai.ccmc.gsfc.nasa.gov/DONKI/view/FLR/33528/-1,2024-09-22T21:36:00-CME-001,2024-09-22T21:36:00.000-04:00,CME
2024-09-26T19:41:00-FLR-001,M2M_CATALOG,[{'displayName': 'GOES-P: EXIS 1.0-8.0'}],2024-09-26T19:41Z,2024-09-26T19:49Z,2024-09-26T19:54Z,C5.0,S12E75,13839,,2024-09-27T01:56Z,1,https://kauai.ccmc.gsfc.nasa.gov/DONKI/view/FLR/33585/-1,2024-09-26T20:00:00-CME-001,2024-09-26T20:00:00.000-04:00,CME
2024-09-29T05:26:00-FLR-001,M2M_CATALOG,[{'displayName': 'GOES-P: EXIS 1.0-8.0'}],2024-09-29T05:26Z,2024-09-29T06:11Z,2024-09-29T06:48Z,C5.0,S25W35,13834,,2024-09-29T16:09Z,1,https://kauai.ccmc.gsfc.nasa.gov/DONKI/view/FLR/33612/-1,2024-09-29T06:00:00-CME-001,2024-09-29T06:00:00.000-04:00,CME
2024-09-30T23:37:00-FLR-001,M2M_CATALOG,[{'displayName': 'GOES-P: EXIS 1.0-8.0'}],2024-09-30T23:37Z,2024-09-30T23:59Z,2024-10-01T00:23Z,M7.6,S18E30,13842,Significant flare to the south of Active Region 3842. There is also a simultaneous less significant occulted flare from behind the northeast limb.,2024-10-01T00:30Z,5,https://kauai.ccmc.gsfc.nasa.gov/DONKI/view/FLR/33626/-1,2024-10-01T01:09:00-CME-001,2024-10-01T01:09:00.000-04:00,CME
2024-10-01T21:58:00-FLR-001,M2M_CATALOG,[{'displayName': 'GOES-P: EXIS 1.0-8.0'}],2024-10-01T21:58Z,2024-10-01T22:20Z,2024-10-01T22:29Z,X7.1,S17E18,13842,,2024-10-02T00:10Z,3,https://kauai.ccmc.gsfc.nasa.gov/DONKI/view/FLR/33656/-1,2024-10-01T23:09:00-CME-001,2024-10-01T23:09:00.000-04:00,CME
2024-10-02T05:30:00-FLR-001,M2M_CATALOG,[{'displayName': 'GOES-P: EXIS 1.0-8.0'}],2024-10-02T05:30Z,2024-10-02T05:38Z,2024-10-02T05:46Z,M3.6,S18E12,13842,,2024-10-02T11:17Z,1,https://kauai.ccmc.gsfc.nasa.gov/DONKI/view/FLR/33670/-1,2024-10-02T06:36:00-CME-001,2024-10-02T06:36:00.000-04:00,CME
2024-10-02T13:22:00-FLR-001,M2M_CATALOG,[{'displayName': 'GOES-P: EXIS 1.0-8.0'}],2024-10-02T13:22Z,2024-10-02T13:38Z,2024-10-02T13:58Z,M3.2,S18E09,13842,,2024-10-02T14:09Z,3,https://kauai.ccmc.gsfc.nasa.gov/DONKI/view/FLR/33679/-1,2024-10-02T14:24:00-CME-001,2024-10-02T14:24:00.000-04:00,CME
2024-10-03T12:08:00-FLR-001,M2M_CATALOG,[{'displayName': 'GOES-P: EXIS 1.0-8.0'}],2024-10-03T12:08Z,2024-10-03T12:18Z,2024-10-03T12:27Z,X9.0,S15W05,13842,,2024-10-03T12:47Z,4,https://kauai.ccmc.gsfc.nasa.gov/DONKI/view/FLR/33693/-1,2024-10-03T12:48:00-CME-001,2024-10-03T12:48:00.000-04:00,CME
2024-10-03T20:09:00-FLR-001,M2M_CATALOG,[{'displayName': 'GOES-P: EXIS 1.0-8.0'}],2024-10-03T20:09Z,2024-10-03T20:28Z,2024-10-03T20:40Z,M6.7,S10W47,13843,,2024-10-03T21:30Z,4,https://kauai.ccmc.gsfc.nasa.gov/DONKI/view/FLR/33721/-1,2024-10-03T20:36:00-CME-001,2024-10-03T20:36:00.000-04:00,CME
2024-10-04T04:36:00-FLR-001,M2M_CATALOG,[{'displayName': 'GOES-S: EXIS 1.0-8.0'}],2024-10-04T04:36Z,2024-10-04T04:55Z,2024-10-04T05:07Z,M4.0,S16W17,13842,This flare was observed in GOES-S as GOES-P was in an eclipse.,2024-10-04T11:55Z,1,https://kauai.ccmc.gsfc.nasa.gov/DONKI/view/FLR/33740/-1,2024-10-04T05:12:00-CME-001,2024-10-04T05:12:00.000-04:00,CME
2024-10-07T19:02:00-FLR-001,M2M_CATALOG,[{'displayName': 'GOES-P: EXIS 1.0-8.0'}],2024-10-07T19:02Z,2024-10-07T19:13Z,2024-10-07T19:31Z,X2.1,S16W61,13842,,2024-10-07T19:42Z,3,https://kauai.ccmc.gsfc.nasa.gov/DONKI/view/FLR/33824/-1,2024-10-07T20:12:00-CME-001,2024-10-07T20:12:00.000-04:00,CME
2024-10-07T19:31:00-FLR-001,M2M_CATALOG,[{'displayName': 'GOES-P: EXIS 1.0-8.0'}],2024-10-07T19:31Z,2024-10-07T20:59Z,2024-10-07T21:33Z,X1.0,S16W60,13842,"Following the X2.1-class flare from AR3842 (S16W60) peaking at 2024-10-07T19:13Z, x-ray flux subsided to M7-levels before gradually rising again in association with continued flare activity and energetic enhancement in the magnetic field structure high above Active Region 3842 as seen best in SDO 131 imagery.",2024-10-07T21:38Z,2,https://kauai.ccmc.gsfc.nasa.gov/DONKI/view/FLR/33827/-1,2024-10-07T20:12:00-CME-001,2024-10-07T20:12:00.000-04:00,CME
2024-10-09T01:25:00-FLR-001,M2M_CATALOG,[{'displayName': 'GOES-P: EXIS 1.0-8.0'}],2024-10-09T01:25Z,2024-10-09T01:56Z,2024-10-09T02:43Z,X1.8,N13W08,13848,Simultaneous flaring from a region near N21E62.,2024-10-09T11:04Z,3,https://kauai.ccmc.gsfc.nasa.gov/DONKI/view/FLR/33863/-1,2024-10-09T02:12:00-CME-001,2024-10-09T02:12:00.000-04:00,CME
2024-10-09T01:25:00-FLR-001,M2M_CATALOG,[{'displayName': 'GOES-P: EXIS 1.0-8.0'}],2024-10-09T01:25Z,2024-10-09T01:56Z,2024-10-09T02:43Z,X1.8,N13W08,13848,Simultaneous flaring from a region near N21E62.,2024-10-09T11:04Z,3,https://kauai.ccmc.gsfc.nasa.gov/DONKI/view/FLR/33863/-1,2024-10-09T03:50:00-SEP-001,2024-10-09T03:50:00.000-04:00,SEP
2024-10-09T01:25:00-FLR-001,M2M_CATALOG,[{'displayName': 'GOES-P: EXIS 1.0-8.0'}],2024-10-09T01:25Z,2024-10-09T01:56Z,2024-10-09T02:43Z,X1.8,N13W08,13848,Simultaneous flaring from a region near N21E62.,2024-10-09T11:04Z,3,https://kauai.ccmc.gsfc.nasa.gov/DONKI/view/FLR/33863/-1,2024-10-09T05:05:00-SEP-001,2024-10-09T05:05:00.000-04:00,SEP
2024-10-09T01:25:00-FLR-001,M2M_CATALOG,[{'displayName': 'GOES-P: EXIS 1.0-8.0'}],2024-10-09T01:25Z,2024-10-09T01:56Z,2024-10-09T02:43Z,X1.8,N13W08,13848,Simultaneous flaring from a region near N21E62.,2024-10-09T11:04Z,3,https://kauai.ccmc.gsfc.nasa.gov/DONKI/view/FLR/33863/-1,2024-10-09T06:01:00-SEP-001,2024-10-09T06:01:00.000-04:00,SEP
2024-10-09T01:25:00-FLR-001,M2M_CATALOG,[{'displayName': 'GOES-P: EXIS 1.0-8.0'}],2024-10-09T01:25Z,2024-10-09T01:56Z,2024-10-09T02:43Z,X1.8,N13W08,13848,Simultaneous flaring from a region near N21E62.,2024-10-09T11:04Z,3,https://kauai.ccmc.gsfc.nasa.gov/DONKI/view/FLR/33863/-1,2024-10-09T06:01:00-SEP-002,2024-10-09T06:01:00.000-04:00,SEP
2024-10-09T01:25:00-FLR-001,M2M_CATALOG,[{'displayName': 'GOES-P: EXIS 1.0-8.0'}],2024-10-09T01:25Z,2024-10-09T01:56Z,2024-10-09T02:43Z,X1.8,N13W08,13848,Simultaneous flaring from a region near N21E62.,2024-10-09T11:04Z,3,https://kauai.ccmc.gsfc.nasa.gov/DONKI/view/FLR/33863/-1,2024-10-09T08:55:00-SEP-001,2024-10-09T08:55:00.000-04:00,SEP
2024-10-09T15:44:00-FLR-001,M2M_CATALOG,[{'displayName': 'GOES-P: EXIS 1.0-8.0'}],2024-10-09T15:44Z,2024-10-09T15:47Z,2024-10-09T15:53Z,X1.4,S11W85,13842,,2024-10-12T16:32Z,6,https://kauai.ccmc.gsfc.nasa.gov/DONKI/view/FLR/33885/-1,2024-10-09T16:12:00-CME-001,2024-10-09T16:12:00.000-04:00,CME
2024-10-11T16:07:00-FLR-001,M2M_CATALOG,[{'displayName': 'GOES-P: EXIS 1.0-8.0'}],2024-10-11T16:07Z,2024-10-11T16:33Z,2024-10-11T16:46Z,M2.1,S09E23,13852,"This flare is the second peak of a long duration flare beginning at 2024-10-11T15:48Z, first peaking at M1.4 before dipping and later rising to M2.1",2024-10-11T16:58Z,1,https://kauai.ccmc.gsfc.nasa.gov/DONKI/view/FLR/33941/-1,2024-10-11T17:38:00-CME-001,2024-10-11T17:38:00.000-04:00,CME
2024-10-14T00:04:00-FLR-001,M2M_CATALOG,[{'displayName': 'GOES-P: EXIS 1.0-8.0'}],2024-10-14T00:04Z,2024-10-14T00:17Z,2024-10-14T00:31Z,M3.4,N17W78,13848,,2024-10-14T01:35Z,2,https://kauai.ccmc.gsfc.nasa.gov/DONKI/view/FLR/33976/-1,2024-10-14T00:48:00-CME-001,2024-10-14T00:48:00.000-04:00,CME
2024-10-14T13:22:00-FLR-001,M2M_CATALOG,[{'displayName': 'GOES-P: EXIS 1.0-8.0'}],2024-10-14T13:22Z,2024-10-14T13:37Z,2024-10-14T13:50Z,M1.8,N17W86,13848,,2024-10-14T14:40Z,1,https://kauai.ccmc.gsfc.nasa.gov/DONKI/view/FLR/33986/-1,2024-10-14T14:36:00-CME-001,2024-10-14T14:36:00.000-04:00,CME
2024-10-15T18:00:00-FLR-001,M2M_CATALOG,[{'displayName': 'GOES-P: EXIS 1.0-8.0'}],2024-10-15T18:00Z,2024-10-15T18:18Z,2024-10-15T18:28Z,M1.7,N19W90,13848,,2024-10-15T18:36Z,1,https://kauai.ccmc.gsfc.nasa.gov/DONKI/view/FLR/34007/-1,2024-10-15T22:06:00-CME-001,2024-10-15T22:06:00.000-04:00,CME
2024-10-19T06:48:00-FLR-001,M2M_CATALOG,[{'displayName': 'GOES-P: EXIS 1.0-8.0'}],2024-10-19T06:48Z,2024-10-19T06:56Z,2024-10-19T07:03Z,M6.5,S03W82,13854,,2024-10-19T12:07Z,2,https://kauai.ccmc.gsfc.nasa.gov/DONKI/view/FLR/34076/-1,2024-10-19T07:12:00-CME-001,2024-10-19T07:12:00.000-04:00,CME
2024-10-21T09:01:00-FLR-001,M2M_CATALOG,[{'displayName': 'GOES-P: EXIS 1.0-8.0'}],2024-10-21T09:01Z,2024-10-21T10:00Z,2024-10-21T11:12Z,C6.2,S20E90,,Long duration flare associated with eruptive activity on southeastern limb.,2024-10-21T17:40Z,2,https://kauai.ccmc.gsfc.nasa.gov/DONKI/view/FLR/34105/-1,2024-10-21T09:24:00-CME-001,2024-10-21T09:24:00.000-04:00,CME
2024-10-24T03:30:00-FLR-001,M2M_CATALOG,[{'displayName': 'GOES-P: EXIS 1.0-8.0'}],2024-10-24T03:30Z,2024-10-24T03:57Z,2024-10-24T04:28Z,X3.3,S17E68,13869,,2024-10-24T11:03Z,2,https://kauai.ccmc.gsfc.nasa.gov/DONKI/view/FLR/34148/-1,2024-10-24T03:48:00-CME-001,2024-10-24T03:48:00.000-04:00,CME
2024-10-24T03:30:00-FLR-001,M2M_CATALOG,[{'displayName': 'GOES-P: EXIS 1.0-8.0'}],2024-10-24T03:30Z,2024-10-24T03:57Z,2024-10-24T04:28Z,X3.3,S17E68,13869,,2024-10-24T11:03Z,2,https://kauai.ccmc.gsfc.nasa.gov/DONKI/view/FLR/34148/-1,2024-10-26T18:57:00-SEP-001,2024-10-26T18:57:00.000-04:00,SEP
2024-10-24T03:30:00-FLR-001,M2M_CATALOG,[{'displayName': 'GOES-P: EXIS 1.0-8.0'}],2024-10-24T03:30Z,2024-10-24T03:57Z,2024-10-24T04:28Z,X3.3,S17E68,13869,,2024-10-24T11:03Z,2,https://kauai.ccmc.gsfc.nasa.gov/DONKI/view/FLR/34148/-1,2024-10-26T19:02:00-SEP-001,2024-10-26T19:02:00.000-04:00,SEP
2024-10-25T07:23:00-FLR-001,M2M_CATALOG,[{'displayName': 'GOES-P: EXIS 1.0-8.0'}],2024-10-25T07:23Z,2024-10-25T07:33Z,2024-10-25T07:38Z,M1.1,S10E72,13873,,2024-10-25T11:09Z,1,https://kauai.ccmc.gsfc.nasa.gov/DONKI/view/FLR/34178/-1,2024-10-25T07:53:00-CME-001,2024-10-25T07:53:00.000-04:00,CME
2024-10-26T05:57:00-FLR-001,M2M_CATALOG,[{'displayName': 'GOES-P: EXIS 1.0-8.0'}],2024-10-26T05:57Z,2024-10-26T06:23Z,2024-10-26T06:32Z,M9.5,S14E56,13873,"The first short minor peak of a double peaked flare, with the second peak reaching X1.8 class intensity.",2024-10-26T12:21Z,2,https://kauai.ccmc.gsfc.nasa.gov/DONKI/view/FLR/34204/-1,2024-10-26T06:48:00-CME-001,2024-10-26T06:48:00.000-04:00,CME
2024-10-26T05:57:00-FLR-001,M2M_CATALOG,[{'displayName': 'GOES-P: EXIS 1.0-8.0'}],2024-10-26T05:57Z,2024-10-26T06:23Z,2024-10-26T06:32Z,M9.5,S14E56,13873,"The first short minor peak of a double peaked flare, with the second peak reaching X1.8 class intensity.",2024-10-26T12:21Z,2,https://kauai.ccmc.gsfc.nasa.gov/DONKI/view/FLR/34204/-1,2024-10-26T16:45:00-SEP-001,2024-10-26T16:45:00.000-04:00,SEP
2024-10-26T05:57:00-FLR-001,M2M_CATALOG,[{'displayName': 'GOES-P: EXIS 1.0-8.0'}],2024-10-26T05:57Z,2024-10-26T06:23Z,2024-10-26T06:32Z,M9.5,S14E56,13873,"The first short minor peak of a double peaked flare, with the second peak reaching X1.8 class intensity.",2024-10-26T12:21Z,2,https://kauai.ccmc.gsfc.nasa.gov/DONKI/view/FLR/34204/-1,2024-10-26T18:05:00-SEP-001,2024-10-26T18:05:00.000-04:00,SEP
2024-10-26T05:57:00-FLR-001,M2M_CATALOG,[{'displayName': 'GOES-P: EXIS 1.0-8.0'}],2024-10-26T05:57Z,2024-10-26T06:23Z,2024-10-26T06:32Z,M9.5,S14E56,13873,"The first short minor peak of a double peaked flare, with the second peak reaching X1.8 class intensity.",2024-10-26T12:21Z,2,https://kauai.ccmc.gsfc.nasa.gov/DONKI/view/FLR/34204/-1,2024-10-26T18:57:00-SEP-001,2024-10-26T18:57:00.000-04:00,SEP
2024-10-26T05:57:00-FLR-001,M2M_CATALOG,[{'displayName': 'GOES-P: EXIS 1.0-8.0'}],2024-10-26T05:57Z,2024-10-26T06:23Z,2024-10-26T06:32Z,M9.5,S14E56,13873,"The first short minor peak of a double peaked flare, with the second peak reaching X1.8 class intensity.",2024-10-26T12:21Z,2,https://kauai.ccmc.gsfc.nasa.gov/DONKI/view/FLR/34204/-1,2024-10-26T19:02:00-SEP-001,2024-10-26T19:02:00.000-04:00,SEP
2024-10-26T05:57:00-FLR-001,M2M_CATALOG,[{'displayName': 'GOES-P: EXIS 1.0-8.0'}],2024-10-26T05:57Z,2024-10-26T06:23Z,2024-10-26T06:32Z,M9.5,S14E56,13873,"The first short minor peak of a double peaked flare, with the second peak reaching X1.8 class intensity.",2024-10-26T12:21Z,2,https://kauai.ccmc.gsfc.nasa.gov/DONKI/view/FLR/34204/-1,2024-10-26T19:50:00-SEP-001,2024-10-26T19:50:00.000-04:00,SEP
2024-10-26T05:57:00-FLR-001,M2M_CATALOG,[{'displayName': 'GOES-P: EXIS 1.0-8.0'}],2024-10-26T05:57Z,2024-10-26T06:23Z,2024-10-26T06:32Z,M9.5,S14E56,13873,"The first short minor peak of a double peaked flare, with the second peak reaching X1.8 class intensity.",2024-10-26T12:21Z,2,https://kauai.ccmc.gsfc.nasa.gov/DONKI/view/FLR/34204/-1,2024-10-26T20:06:00-SEP-001,2024-10-26T20:06:00.000-04:00,SEP
2024-10-26T05:57:00-FLR-001,M2M_CATALOG,[{'displayName': 'GOES-P: EXIS 1.0-8.0'}],2024-10-26T05:57Z,2024-10-26T06:23Z,2024-10-26T06:32Z,M9.5,S14E56,13873,"The first short minor peak of a double peaked flare, with the second peak reaching X1.8 class intensity.",2024-10-26T12:21Z,2,https://kauai.ccmc.gsfc.nasa.gov/DONKI/view/FLR/34204/-1,2024-10-26T21:43:00-SEP-001,2024-10-26T21:43:00.000-04:00,SEP
2024-10-26T05:57:00-FLR-001,M2M_CATALOG,[{'displayName': 'GOES-P: EXIS 1.0-8.0'}],2024-10-26T05:57Z,2024-10-26T06:23Z,2024-10-26T06:32Z,M9.5,S14E56,13873,"The first short minor peak of a double peaked flare, with the second peak reaching X1.8 class intensity.",2024-10-26T12:21Z,2,https://kauai.ccmc.gsfc.nasa.gov/DONKI/view/FLR/34204/-1,2024-10-28T08:57:00-SEP-001,2024-10-28T08:57:00.000-04:00,SEP
2024-10-26T06:32:00-FLR-001,M2M_CATALOG,[{'displayName': 'GOES-P: EXIS 1.0-8.0'}],2024-10-26T06:32Z,2024-10-26T07:19Z,2024-10-26T07:56Z,X1.8,S16E60,13873,"The second, long duration, peak of a double peaked flare, with the immediately preceding short duration peak reaching M9.5 class intensity.",2024-10-26T12:26Z,1,https://kauai.ccmc.gsfc.nasa.gov/DONKI/view/FLR/34206/-1,2024-10-26T06:48:00-CME-001,2024-10-26T06:48:00.000-04:00,CME
2024-10-26T06:32:00-FLR-001,M2M_CATALOG,[{'displayName': 'GOES-P: EXIS 1.0-8.0'}],2024-10-26T06:32Z,2024-10-26T07:19Z,2024-10-26T07:56Z,X1.8,S16E60,13873,"The second, long duration, peak of a double peaked flare, with the immediately preceding short duration peak reaching M9.5 class intensity.",2024-10-26T12:26Z,1,https://kauai.ccmc.gsfc.nasa.gov/DONKI/view/FLR/34206/-1,2024-10-26T16:45:00-SEP-001,2024-10-26T16:45:00.000-04:00,SEP
2024-10-26T06:32:00-FLR-001,M2M_CATALOG,[{'displayName': 'GOES-P: EXIS 1.0-8.0'}],2024-10-26T06:32Z,2024-10-26T07:19Z,2024-10-26T07:56Z,X1.8,S16E60,13873,"The second, long duration, peak of a double peaked flare, with the immediately preceding short duration peak reaching M9.5 class intensity.",2024-10-26T12:26Z,1,https://kauai.ccmc.gsfc.nasa.gov/DONKI/view/FLR/34206/-1,2024-10-26T18:05:00-SEP-001,2024-10-26T18:05:00.000-04:00,SEP
2024-10-26T06:32:00-FLR-001,M2M_CATALOG,[{'displayName': 'GOES-P: EXIS 1.0-8.0'}],2024-10-26T06:32Z,2024-10-26T07:19Z,2024-10-26T07:56Z,X1.8,S16E60,13873,"The second, long duration, peak of a double peaked flare, with the immediately preceding short duration peak reaching M9.5 class intensity.",2024-10-26T12:26Z,1,https://kauai.ccmc.gsfc.nasa.gov/DONKI/view/FLR/34206/-1,2024-10-26T18:57:00-SEP-001,2024-10-26T18:57:00.000-04:00,SEP
2024-10-26T06:32:00-FLR-001,M2M_CATALOG,[{'displayName': 'GOES-P: EXIS 1.0-8.0'}],2024-10-26T06:32Z,2024-10-26T07:19Z,2024-10-26T07:56Z,X1.8,S16E60,13873,"The second, long duration, peak of a double peaked flare, with the immediately preceding short duration peak reaching M9.5 class intensity.",2024-10-26T12:26Z,1,https://kauai.ccmc.gsfc.nasa.gov/DONKI/view/FLR/34206/-1,2024-10-26T19:02:00-SEP-001,2024-10-26T19:02:00.000-04:00,SEP
2024-10-26T06:32:00-FLR-001,M2M_CATALOG,[{'displayName': 'GOES-P: EXIS 1.0-8.0'}],2024-10-26T06:32Z,2024-10-26T07:19Z,2024-10-26T07:56Z,X1.8,S16E60,13873,"The second, long duration, peak of a double peaked flare, with the immediately preceding short duration peak reaching M9.5 class intensity.",2024-10-26T12:26Z,1,https://kauai.ccmc.gsfc.nasa.gov/DONKI/view/FLR/34206/-1,2024-10-26T19:50:00-SEP-001,2024-10-26T19:50:00.000-04:00,SEP
2024-10-26T06:32:00-FLR-001,M2M_CATALOG,[{'displayName': 'GOES-P: EXIS 1.0-8.0'}],2024-10-26T06:32Z,2024-10-26T07:19Z,2024-10-26T07:56Z,X1.8,S16E60,13873,"The second, long duration, peak of a double peaked flare, with the immediately preceding short duration peak reaching M9.5 class intensity.",2024-10-26T12:26Z,1,https://kauai.ccmc.gsfc.nasa.gov/DONKI/view/FLR/34206/-1,2024-10-26T20:06:00-SEP-001,2024-10-26T20:06:00.000-04:00,SEP
2024-10-26T06:32:00-FLR-001,M2M_CATALOG,[{'displayName': 'GOES-P: EXIS 1.0-8.0'}],2024-10-26T06:32Z,2024-10-26T07:19Z,2024-10-26T07:56Z,X1.8,S16E60,13873,"The second, long duration, peak of a double peaked flare, with the immediately preceding short duration peak reaching M9.5 class intensity.",2024-10-26T12:26Z,1,https://kauai.ccmc.gsfc.nasa.gov/DONKI/view/FLR/34206/-1,2024-10-26T21:43:00-SEP-001,2024-10-26T21:43:00.000-04:00,SEP
2024-10-26T06:32:00-FLR-001,M2M_CATALOG,[{'displayName': 'GOES-P: EXIS 1.0-8.0'}],2024-10-26T06:32Z,2024-10-26T07:19Z,2024-10-26T07:56Z,X1.8,S16E60,13873,"The second, long duration, peak of a double peaked flare, with the immediately preceding short duration peak reaching M9.5 class intensity.",2024-10-26T12:26Z,1,https://kauai.ccmc.gsfc.nasa.gov/DONKI/view/FLR/34206/-1,2024-10-28T08:57:00-SEP-001,2024-10-28T08:57:00.000-04:00,SEP
2024-10-31T12:41:00-FLR-001,M2M_CATALOG,[{'displayName': 'GOES-P: EXIS 1.0-8.0'}],2024-10-31T12:41Z,2024-10-31T12:54Z,2024-10-31T13:03Z,M2.4,N26W35,13875,Some simultaneous brightening from AR 13877 (S15E05).,2024-10-31T13:17Z,1,https://kauai.ccmc.gsfc.nasa.gov/DONKI/view/FLR/34326/-1,2024-10-31T13:48:00-CME-001,2024-10-31T13:48:00.000-04:00,CME
2024-10-31T21:12:00-FLR-001,M2M_CATALOG,[{'displayName': 'GOES-P: EXIS 1.0-8.0'}],2024-10-31T21:12Z,2024-10-31T21:20Z,2024-10-31T21:27Z,X2.0,N16E28,13878,,2024-10-31T21:31Z,3,https://kauai.ccmc.gsfc.nasa.gov/DONKI/view/FLR/34344/-1,2024-10-31T22:36:00-CME-001,2024-10-31T22:36:00.000-04:00,CME
2024-11-03T15:13:00-FLR-001,M2M_CATALOG,[{'displayName': 'GOES-P: EXIS 1.0-8.0'}],2024-11-03T15:13Z,2024-11-03T15:18Z,2024-11-03T15:19Z,M1.1,S10E53,13883,,2024-11-03T15:50Z,1,https://kauai.ccmc.gsfc.nasa.gov/DONKI/view/FLR/34380/-1,2024-11-03T15:27:00-CME-001,2024-11-03T15:27:00.000-05:00,CME
2024-11-04T01:05:00-FLR-001,M2M_CATALOG,[{'displayName': 'GOES-P: EXIS 1.0-8.0'}],2024-11-04T01:05Z,2024-11-04T01:40Z,2024-11-04T02:03Z,M3.8,S04E42,13883,,2024-11-04T02:58Z,1,https://kauai.ccmc.gsfc.nasa.gov/DONKI/view/FLR/34395/-1,2024-11-04T01:36:00-CME-001,2024-11-04T01:36:00.000-05:00,CME
2024-11-04T11:46:00-FLR-001,M2M_CATALOG,[{'displayName': 'GOES-P: EXIS 1.0-8.0'}],2024-11-04T11:46Z,2024-11-04T11:55Z,2024-11-04T12:04Z,C6.6,S08W55,13885,,2024-11-04T19:16Z,1,https://kauai.ccmc.gsfc.nasa.gov/DONKI/view/FLR/34415/-1,2024-11-04T13:23:00-CME-001,2024-11-04T13:23:00.000-05:00,CME
2024-11-04T15:26:00-FLR-001,M2M_CATALOG,[{'displayName': 'GOES-P: EXIS 1.0-8.0'}],2024-11-04T15:26Z,2024-11-04T15:33Z,2024-11-04T15:36Z,M3.7,S07E39,13883,Double-peaked flare directly followed by an M5.5 flare peaking at 2024-11-04T15:33Z from the same AR. End time manually selected as start of following M5.5.,2024-11-04T22:28Z,2,https://kauai.ccmc.gsfc.nasa.gov/DONKI/view/FLR/34409/-1,2024-11-04T17:24:00-CME-001,2024-11-04T17:24:00.000-05:00,CME
2024-11-04T15:36:00-FLR-001,M2M_CATALOG,[{'displayName': 'GOES-P: EXIS 1.0-8.0'}],2024-11-04T15:36Z,2024-11-04T15:38Z,2024-11-04T15:41Z,M5.5,S07E38,13883,Double-peaked flare directly preceded by an M3.7 flare peaking at 2024-11-04T15:33Z from the same AR. End time manually calculated.,2024-11-04T22:27Z,3,https://kauai.ccmc.gsfc.nasa.gov/DONKI/view/FLR/34410/-1,2024-11-04T17:24:00-CME-001,2024-11-04T17:24:00.000-05:00,CME
2024-11-05T06:35:00-FLR-001,M2M_CATALOG,[{'displayName': 'GOES-P: EXIS 1.0-8.0'}],2024-11-05T06:35Z,2024-11-05T06:54Z,2024-11-05T07:08Z,M2.6,S07E85,13889,,2024-11-08T13:57Z,2,https://kauai.ccmc.gsfc.nasa.gov/DONKI/view/FLR/34423/-1,2024-11-05T07:36:00-CME-001,2024-11-05T07:36:00.000-05:00,CME
2024-11-05T15:05:00-FLR-001,M2M_CATALOG,[{'displayName': 'GOES-P: EXIS 1.0-8.0'}],2024-11-05T15:05Z,2024-11-05T15:26Z,2024-11-05T15:43Z,M4.1,S15W88,13872,,2024-11-05T17:07Z,2,https://kauai.ccmc.gsfc.nasa.gov/DONKI/view/FLR/34433/-1,2024-11-05T16:09:00-CME-001,2024-11-05T16:09:00.000-05:00,CME
2024-11-06T15:50:00-FLR-001,M2M_CATALOG,[{'displayName': 'GOES-P: EXIS 1.0-8.0'}],2024-11-06T15:50Z,2024-11-06T15:57Z,2024-11-06T16:03Z,M1.6,S10E90,13889,,2024-11-08T14:22Z,2,https://kauai.ccmc.gsfc.nasa.gov/DONKI/view/FLR/34466/-1,2024-11-06T16:48:00-CME-001,2024-11-06T16:48:00.000-05:00,CME
2024-11-06T23:10:00-FLR-001,M2M_CATALOG,[{'displayName': 'GOES-P: EXIS 1.0-8.0'}],2024-11-06T23:10Z,2024-11-06T23:16Z,2024-11-06T23:21Z,M1.1,S10E90,13889,Simultaneous flaring from AR 3889 on E limb and AR 3878.,2024-11-07T16:07Z,2,https://kauai.ccmc.gsfc.nasa.gov/DONKI/view/FLR/34478/-1,2024-11-06T23:36:00-CME-001,2024-11-06T23:36:00.000-05:00,CME
2024-11-10T11:51:00-FLR-001,M2M_CATALOG,[{'displayName': 'GOES-P: EXIS 1.0-8.0'}],2024-11-10T11:51Z,2024-11-10T12:06Z,2024-11-10T12:14Z,M9.4,S10E27,13889,,2024-11-10T13:11Z,2,https://kauai.ccmc.gsfc.nasa.gov/DONKI/view/FLR/34546/-1,2024-11-10T12:36:00-CME-001,2024-11-10T12:36:00.000-05:00,CME
2024-11-10T15:51:00-FLR-001,M2M_CATALOG,[{'displayName': 'GOES-P: EXIS 1.0-8.0'}],2024-11-10T15:51Z,2024-11-10T15:58Z,2024-11-10T16:06Z,C6.7,S10E30,13889,,2024-11-10T22:15Z,1,https://kauai.ccmc.gsfc.nasa.gov/DONKI/view/FLR/34554/-1,2024-11-10T17:12:00-CME-001,2024-11-10T17:12:00.000-05:00,CME
2024-11-10T22:31:00-FLR-001,M2M_CATALOG,[{'displayName': 'GOES-P: EXIS 1.0-8.0'}],2024-11-10T22:31Z,2024-11-10T22:53Z,2024-11-10T23:25Z,C8.4,S09W98,13881,,2024-11-11T00:08Z,1,https://kauai.ccmc.gsfc.nasa.gov/DONKI/view/FLR/34558/-1,2024-11-10T23:09:00-CME-001,2024-11-10T23:09:00.000-05:00,CME
2024-11-12T12:47:00-FLR-001,M2M_CATALOG,[{'displayName': 'GOES-P: EXIS 1.0-8.0'}],2024-11-12T12:47Z,2024-11-12T14:01Z,2024-11-12T14:39Z,C8.2,N15W90,,,2024-11-13T14:55Z,1,https://kauai.ccmc.gsfc.nasa.gov/DONKI/view/FLR/34597/-1,2024-11-12T13:36:00-CME-001,2024-11-12T13:36:00.000-05:00,CME
2024-11-15T01:38:00-FLR-001,M2M_CATALOG,[{'displayName': 'GOES-P: EXIS 1.0-8.0'}],2024-11-15T01:38Z,2024-11-15T01:47Z,2024-11-15T02:08Z,M1.1,S19E47,13893,,2024-11-15T03:15Z,1,https://kauai.ccmc.gsfc.nasa.gov/DONKI/view/FLR/34635/-1,2024-11-15T02:48:00-CME-001,2024-11-15T02:48:00.000-05:00,CME
2024-11-17T10:38:00-FLR-001,M2M_CATALOG,[{'displayName': 'GOES-P: EXIS 1.0-8.0'}],2024-11-17T10:38Z,2024-11-17T10:59Z,2024-11-17T11:32Z,C5.3,S10E95,,,2024-11-17T19:14Z,1,https://kauai.ccmc.gsfc.nasa.gov/DONKI/view/FLR/34687/-1,2024-11-17T11:24:00-CME-001,2024-11-17T11:24:00.000-05:00,CME
2024-11-18T11:06:00-FLR-001,M2M_CATALOG,[{'displayName': 'GOES-P: EXIS 1.0-8.0'}],2024-11-18T11:06Z,2024-11-18T11:12Z,2024-11-18T11:19Z,M1.6,S12W55,13897,,2024-11-18T12:35Z,1,https://kauai.ccmc.gsfc.nasa.gov/DONKI/view/FLR/34702/-1,2024-11-18T12:12:00-CME-001,2024-11-18T12:12:00.000-05:00,CME
2024-11-18T18:45:00-FLR-001,M2M_CATALOG,[{'displayName': 'GOES-P: EXIS 1.0-8.0'}],2024-11-18T18:45Z,2024-11-18T19:15Z,2024-11-18T19:48Z,M2.0,S10E74,13901,,2024-11-18T19:58Z,1,https://kauai.ccmc.gsfc.nasa.gov/DONKI/view/FLR/34714/-1,2024-11-18T19:24:00-CME-001,2024-11-18T19:24:00.000-05:00,CME
2024-11-20T19:11:00-FLR-001,M2M_CATALOG,[{'displayName': 'GOES-P: EXIS 1.0-8.0'}],2024-11-20T19:11Z,2024-11-20T19:48Z,2024-11-20T20:44Z,M1.1,S08W89,13897,,2024-11-20T20:51Z,1,https://kauai.ccmc.gsfc.nasa.gov/DONKI/view/FLR/35176/-1,2024-11-20T20:00:00-CME-001,2024-11-20T20:00:00.000-05:00,CME
2024-11-22T21:26:00-FLR-001,M2M_CATALOG,[{'displayName': 'GOES-P: EXIS 1.0-8.0'}],2024-11-22T21:26Z,2024-11-22T22:15Z,2024-11-22T22:33Z,M1.0,S18E74,13906,,2024-11-22T22:39Z,1,https://kauai.ccmc.gsfc.nasa.gov/DONKI/view/FLR/35249/-1,2024-11-22T22:12:00-CME-001,2024-11-22T22:12:00.000-05:00,CME
2024-11-23T19:01:00-FLR-001,M2M_CATALOG,[{'displayName': 'GOES-P: EXIS 1.0-8.0'}],2024-11-23T19:01Z,2024-11-23T19:20Z,2024-11-23T20:19Z,C5.4,S18W63,13893,,2024-11-24T02:54Z,1,https://kauai.ccmc.gsfc.nasa.gov/DONKI/view/FLR/35283/-1,2024-11-23T19:24:00-CME-001,2024-11-23T19:24:00.000-05:00,CME
2024-11-25T01:39:00-FLR-001,M2M_CATALOG,[{'displayName': 'GOES-P: EXIS 1.0-8.0'}],2024-11-25T01:39Z,2024-11-25T01:59Z,2024-11-25T02:11Z,M1.1,S13E46,13906,,2024-11-25T02:25Z,1,https://kauai.ccmc.gsfc.nasa.gov/DONKI/view/FLR/35293/-1,2024-11-25T04:00:00-CME-001,2024-11-25T04:00:00.000-05:00,CME
2024-11-25T20:24:00-FLR-001,M2M_CATALOG,[{'displayName': 'GOES-P: EXIS 1.0-8.0'}],2024-11-25T20:24Z,2024-11-25T20:54Z,2024-11-25T21:23Z,M1.9,S12W25,13901,,2024-11-25T21:31Z,1,https://kauai.ccmc.gsfc.nasa.gov/DONKI/view/FLR/35316/-1,2024-11-25T21:24:00-CME-001,2024-11-25T21:24:00.000-05:00,CME
2024-11-27T02:21:00-FLR-001,M2M_CATALOG,[{'displayName': 'GOES-P: EXIS 1.0-8.0'}],2024-11-27T02:21Z,2024-11-27T02:28Z,2024-11-27T02:38Z,C3.5,S20W75,,No numbered active region at the location of this flare as seen in GOES SUVI 131. Some simultaneous brightening from AR 13807 (S22W30). There is no simultaneous brightening seen at AR 13901 (S10W50). Brightening observed in GOES SUVI 131; outage in SDO affecting timestamps starting at about 2024-11-26T23:52Z.,2024-11-27T18:56Z,2,https://kauai.ccmc.gsfc.nasa.gov/DONKI/view/FLR/35362/-1,2024-11-27T02:48:00-CME-001,2024-11-27T02:48:00.000-05:00,CME
2024-12-04T09:52:00-FLR-001,M2M_CATALOG,[{'displayName': 'GOES-P: EXIS 1.0-8.0'}],2024-12-04T09:52Z,2024-12-04T10:00Z,2024-12-04T10:08Z,M2.3,S09E90,13917,This flare was observed from an Active Region that was unnumbered at the time of the event but has since been numbered as Active Region 13917.,2024-12-09T19:36Z,2,https://kauai.ccmc.gsfc.nasa.gov/DONKI/view/FLR/35435/-1,2024-12-04T10:24:00-CME-001,2024-12-04T10:24:00.000-05:00,CME
2024-12-05T10:32:00-FLR-001,M2M_CATALOG,[{'displayName': 'GOES-P: EXIS 1.0-8.0'}],2024-12-05T10:32Z,2024-12-05T10:40Z,2024-12-05T10:46Z,M2.5,S17W90,13906,,2024-12-05T13:13Z,1,https://kauai.ccmc.gsfc.nasa.gov/DONKI/view/FLR/35455/-1,2024-12-05T11:12:00-CME-001,2024-12-05T11:12:00.000-05:00,CME
2024-12-08T08:50:00-FLR-001,M2M_CATALOG,[{'displayName': 'GOES-P: EXIS 1.0-8.0'}],2024-12-08T08:50Z,2024-12-08T09:06Z,2024-12-08T09:10Z,X2.2,S07W52,13912,,2024-12-08T13:21Z,2,https://kauai.ccmc.gsfc.nasa.gov/DONKI/view/FLR/35510/-1,2024-12-08T09:24:00-CME-001,2024-12-08T09:24:00.000-05:00,CME
2024-12-08T08:50:00-FLR-001,M2M_CATALOG,[{'displayName': 'GOES-P: EXIS 1.0-8.0'}],2024-12-08T08:50Z,2024-12-08T09:06Z,2024-12-08T09:10Z,X2.2,S07W52,13912,,2024-12-08T13:21Z,2,https://kauai.ccmc.gsfc.nasa.gov/DONKI/view/FLR/35510/-1,2024-12-08T10:20:00-SEP-001,2024-12-08T10:20:00.000-05:00,SEP
2024-12-08T08:50:00-FLR-001,M2M_CATALOG,[{'displayName': 'GOES-P: EXIS 1.0-8.0'}],2024-12-08T08:50Z,2024-12-08T09:06Z,2024-12-08T09:10Z,X2.2,S07W52,13912,,2024-12-08T13:21Z,2,https://kauai.ccmc.gsfc.nasa.gov/DONKI/view/FLR/35510/-1,2024-12-08T10:20:00-SEP-002,2024-12-08T10:20:00.000-05:00,SEP
2024-12-10T03:12:00-FLR-001,M2M_CATALOG,[{'displayName': 'GOES-P: EXIS 1.0-8.0'}],2024-12-10T03:12Z,2024-12-10T03:27Z,2024-12-10T03:36Z,C9.7,S18E77,13922,,2024-12-10T17:24Z,1,https://kauai.ccmc.gsfc.nasa.gov/DONKI/view/FLR/35553/-1,2024-12-10T03:23:00-CME-001,2024-12-10T03:23:00.000-05:00,CME
2024-12-10T06:36:00-FLR-001,M2M_CATALOG,[{'displayName': 'GOES-P: EXIS 1.0-8.0'}],2024-12-10T06:36Z,2024-12-10T06:48Z,2024-12-10T06:55Z,M6.4,S18E72,13922,,2024-12-10T12:36Z,3,https://kauai.ccmc.gsfc.nasa.gov/DONKI/view/FLR/35542/-1,2024-12-10T07:00:00-CME-001,2024-12-10T07:00:00.000-05:00,CME
2024-12-10T07:03:00-FLR-001,M2M_CATALOG,[{'displayName': 'GOES-P: EXIS 1.0-8.0'}],2024-12-10T07:03Z,2024-12-10T07:09Z,2024-12-10T07:14Z,M1.4,S18E72,13922,Accompanied by sympathetic flaring from the west limb.,2024-12-10T12:40Z,3,https://kauai.ccmc.gsfc.nasa.gov/DONKI/view/FLR/35545/-1,2024-12-10T07:24:00-CME-001,2024-12-10T07:24:00.000-05:00,CME
2024-12-10T10:55:00-FLR-001,M2M_CATALOG,[{'displayName': 'GOES-P: EXIS 1.0-8.0'}],2024-12-10T10:55Z,2024-12-10T11:02Z,2024-12-10T11:09Z,M1.5,S18E72,13922,,2024-12-10T12:38Z,2,https://kauai.ccmc.gsfc.nasa.gov/DONKI/view/FLR/35546/-1,2024-12-10T11:12:00-CME-001,2024-12-10T11:12:00.000-05:00,CME
2024-12-10T14:36:00-FLR-001,M2M_CATALOG,[{'displayName': 'GOES-P: EXIS 1.0-8.0'}],2024-12-10T14:36Z,2024-12-10T14:43Z,2024-12-10T14:47Z,C2.8,N22E27,13920,,2024-12-11T02:26Z,1,https://kauai.ccmc.gsfc.nasa.gov/DONKI/view/FLR/35564/-1,2024-12-10T15:24:00-CME-001,2024-12-10T15:24:00.000-05:00,CME
2024-12-10T17:54:00-FLR-001,M2M_CATALOG,[{'displayName': 'GOES-P: EXIS 1.0-8.0'}],2024-12-10T17:54Z,2024-12-10T17:58Z,2024-12-10T18:03Z,M1.6,S18E70,13922,,2024-12-10T18:22Z,1,https://kauai.ccmc.gsfc.nasa.gov/DONKI/view/FLR/35556/-1,2024-12-10T18:12:00-CME-001,2024-12-10T18:12:00.000-05:00,CME
2024-12-11T05:54:00-FLR-001,M2M_CATALOG,[{'displayName': 'GOES-P: EXIS 1.0-8.0'}],2024-12-11T05:54Z,2024-12-11T06:04Z,2024-12-11T06:09Z,M1.9,S17E55,13922,,2024-12-11T13:12Z,1,https://kauai.ccmc.gsfc.nasa.gov/DONKI/view/FLR/35579/-1,2024-12-11T06:24:00-CME-001,2024-12-11T06:24:00.000-05:00,CME
2024-12-11T06:55:00-FLR-001,M2M_CATALOG,[{'displayName': 'GOES-P: EXIS 1.0-8.0'}],2024-12-11T06:55Z,2024-12-11T07:04Z,2024-12-11T07:17Z,C2.7,N22E21,13920,,2025-02-07T14:50Z,1,https://kauai.ccmc.gsfc.nasa.gov/DONKI/view/FLR/36920/-1,2024-12-11T08:00:00-CME-001,2024-12-11T08:00:00.000-05:00,CME
2024-12-11T10:03:00-FLR-001,M2M_CATALOG,[{'displayName': 'GOES-P: EXIS 1.0-8.0'}],2024-12-11T10:03Z,2024-12-11T10:06Z,2024-12-11T10:10Z,M2.7,N19E16,13920,,2024-12-17T18:11Z,2,https://kauai.ccmc.gsfc.nasa.gov/DONKI/view/FLR/35578/-1,2024-12-11T10:38:00-CME-001,2024-12-11T10:38:00.000-05:00,CME
2024-12-13T02:21:00-FLR-001,M2M_CATALOG,[{'displayName': 'GOES-P: EXIS 1.0-8.0'}],2024-12-13T02:21Z,2024-12-13T02:30Z,2024-12-13T02:34Z,C2.1,S15W55,13916,"This flare is double peaked, and directly precedes a C2.2 flare with start time: 2024-12-13T02:24Z, peak time: 2024-12-13T02:39Z, end time: 2024-12-13T02:43Z. This initial C2.1 flare is believed to be linked to the associated CME.",2024-12-13T15:23Z,1,https://kauai.ccmc.gsfc.nasa.gov/DONKI/view/FLR/35633/-1,2024-12-13T02:48:00-CME-001,2024-12-13T02:48:00.000-05:00,CME
2024-12-13T03:11:00-FLR-001,M2M_CATALOG,[{'displayName': 'GOES-P: EXIS 1.0-8.0'}],2024-12-13T03:11Z,2024-12-13T03:18Z,2024-12-13T03:22Z,M1.0,S18E37,13922,,2024-12-13T12:07Z,1,https://kauai.ccmc.gsfc.nasa.gov/DONKI/view/FLR/35628/-1,2024-12-13T04:17:00-CME-001,2024-12-13T04:17:00.000-05:00,CME
2024-12-13T14:15:00-FLR-001,M2M_CATALOG,[{'displayName': 'GOES-P: EXIS 1.0-8.0'}],2024-12-13T14:15Z,2024-12-13T14:24Z,2024-12-13T14:31Z,M1.0,S18E27,13922,,2024-12-13T15:47Z,2,https://kauai.ccmc.gsfc.nasa.gov/DONKI/view/FLR/35632/-1,2024-12-13T14:48:00-CME-001,2024-12-13T14:48:00.000-05:00,CME
2024-12-14T06:20:00-FLR-001,M2M_CATALOG,[{'displayName': 'GOES-P: EXIS 1.0-8.0'}],2024-12-14T06:20Z,2024-12-14T06:27Z,2024-12-14T06:32Z,C3.7,S15W69,13916,,2024-12-15T00:56Z,1,https://kauai.ccmc.gsfc.nasa.gov/DONKI/view/FLR/35657/-1,2024-12-14T05:36:00-CME-001,2024-12-14T05:36:00.000-05:00,CME
2024-12-15T09:27:00-FLR-001,M2M_CATALOG,[{'displayName': 'GOES-P: EXIS 1.0-8.0'}],2024-12-15T09:27Z,2024-12-15T09:40Z,2024-12-15T09:47Z,C7.2,S15W85,13916,This AR decayed into a plage by the time of the flaring activity.,2024-12-15T18:13Z,1,https://kauai.ccmc.gsfc.nasa.gov/DONKI/view/FLR/35678/-1,2024-12-15T10:00:00-CME-001,2024-12-15T10:00:00.000-05:00,CME
2024-12-20T07:20:00-FLR-001,M2M_CATALOG,[{'displayName': 'GOES-P: EXIS 1.0-8.0'}],2024-12-20T07:20Z,2024-12-20T07:26Z,2024-12-20T07:35Z,M2.1,S20W86,13924,,2024-12-20T12:07Z,1,https://kauai.ccmc.gsfc.nasa.gov/DONKI/view/FLR/35778/-1,2024-12-21T16:12:00-SEP-001,2024-12-21T16:12:00.000-05:00,SEP
2024-12-20T10:03:00-FLR-001,M2M_CATALOG,[{'displayName': 'GOES-P: EXIS 1.0-8.0'}],2024-12-20T10:03Z,2024-12-20T10:11Z,2024-12-20T10:17Z,C9.4,S18E75,13932,,2024-12-20T17:12Z,1,https://kauai.ccmc.gsfc.nasa.gov/DONKI/view/FLR/35785/-1,2024-12-20T10:24:00-CME-001,2024-12-20T10:24:00.000-05:00,CME
2024-12-20T11:15:00-FLR-001,M2M_CATALOG,[{'displayName': 'GOES-P: EXIS 1.0-8.0'}],2024-12-20T11:15Z,2024-12-20T11:18Z,2024-12-20T11:22Z,M2.5,S14E70,13928,,2024-12-20T12:10Z,1,https://kauai.ccmc.gsfc.nasa.gov/DONKI/view/FLR/35779/-1,2024-12-21T16:12:00-SEP-001,2024-12-21T16:12:00.000-05:00,SEP
2024-12-21T00:33:00-FLR-001,M2M_CATALOG,[{'displayName': 'GOES-P: EXIS 1.0-8.0'}],2024-12-21T00:33Z,2024-12-21T00:38Z,2024-12-21T00:42Z,M1.9,S15E61,13932,,2024-12-21T00:50Z,1,https://kauai.ccmc.gsfc.nasa.gov/DONKI/view/FLR/35794/-1,2024-12-21T16:12:00-SEP-001,2024-12-21T16:12:00.000-05:00,SEP
2024-12-22T20:39:00-FLR-001,M2M_CATALOG,[{'displayName': 'GOES-S: EXIS 1.0-8.0'}],2024-12-22T20:39Z,2024-12-22T20:49Z,2024-12-22T20:54Z,M1.1,S16E37,13932,"At this time, the GOES-P json data source is delayed, so GOES-S timestamps are technically used even with both spacecraft appearing to be in sync upon timeline inspection.",2024-12-22T21:51Z,1,https://kauai.ccmc.gsfc.nasa.gov/DONKI/view/FLR/35860/-1,2024-12-22T21:36:00-CME-001,2024-12-22T21:36:00.000-05:00,CME
2024-12-23T11:06:00-FLR-001,M2M_CATALOG,[{'displayName': 'GOES-P: EXIS 1.0-8.0'}],2024-12-23T11:06Z,2024-12-23T11:12Z,2024-12-23T11:16Z,M8.9,S18E30,13932,,2024-12-23T12:07Z,2,https://kauai.ccmc.gsfc.nasa.gov/DONKI/view/FLR/35868/-1,2024-12-23T11:36:00-CME-001,2024-12-23T11:36:00.000-05:00,CME
2024-12-24T00:14:00-FLR-001,M2M_CATALOG,[{'displayName': 'GOES-S: EXIS 1.0-8.0'}],2024-12-24T00:14Z,2024-12-24T00:19Z,2024-12-24T00:24Z,M4.7,S15E20,13932,Simultaneous flaring from unnumbered region in the NE near N24E90.,2024-12-24T01:21Z,1,https://kauai.ccmc.gsfc.nasa.gov/DONKI/view/FLR/35896/-1,2024-12-24T00:36:00-CME-001,2024-12-24T00:36:00.000-05:00,CME
2024-12-24T08:28:00-FLR-001,M2M_CATALOG,[{'displayName': 'GOES-P: EXIS 1.0-8.0'}],2024-12-24T08:28Z,2024-12-24T08:41Z,2024-12-24T08:45Z,M4.1,S17E17,13932,,2024-12-24T12:26Z,1,https://kauai.ccmc.gsfc.nasa.gov/DONKI/view/FLR/35900/-1,2024-12-24T09:24:00-CME-001,2024-12-24T09:24:00.000-05:00,CME
2024-12-24T20:15:00-FLR-001,M2M_CATALOG,[{'displayName': 'GOES-P: EXIS 1.0-8.0'}],2024-12-24T20:15Z,2024-12-24T20:28Z,2024-12-24T20:41Z,M1.0,S23W87,13930,,2024-12-24T21:16Z,1,https://kauai.ccmc.gsfc.nasa.gov/DONKI/view/FLR/35920/-1,2024-12-24T20:24:00-CME-001,2024-12-24T20:24:00.000-05:00,CME
2024-12-25T04:46:00-FLR-001,M2M_CATALOG,[{'displayName': 'GOES-S: EXIS 1.0-8.0'}],2024-12-25T04:46Z,2024-12-25T04:49Z,2024-12-25T04:53Z,M4.9,S18E10,13932,,2024-12-25T13:40Z,1,https://kauai.ccmc.gsfc.nasa.gov/DONKI/view/FLR/35930/-1,2024-12-25T04:48:00-CME-001,2024-12-25T04:48:00.000-05:00,CME
2024-12-25T23:59:00-FLR-001,M2M_CATALOG,[{'displayName': 'GOES-P: EXIS 1.0-8.0'}],2024-12-25T23:59Z,2024-12-26T00:30Z,2024-12-26T00:53Z,M3.1,N20E52,13938,Simultaneous flaring from AR 3938 (N20E52) and AR 3936 (N13E11); AR 3938 appears to be brighter based on GOES SUVI imagery,2024-12-26T16:51Z,2,https://kauai.ccmc.gsfc.nasa.gov/DONKI/view/FLR/35955/-1,2024-12-26T01:25:00-CME-001,2024-12-26T01:25:00.000-05:00,CME
2024-12-26T18:28:00-FLR-001,M2M_CATALOG,[{'displayName': 'GOES-P: EXIS 1.0-8.0'}],2024-12-26T18:28Z,2024-12-26T18:45Z,2024-12-26T19:12Z,C9.6,S05E73,,,2024-12-26T22:45Z,1,https://kauai.ccmc.gsfc.nasa.gov/DONKI/view/FLR/35981/-1,2024-12-26T19:00:00-CME-001,2024-12-26T19:00:00.000-05:00,CME
2024-12-29T04:18:00-FLR-001,M2M_CATALOG,[{'displayName': 'GOES-P: EXIS 1.0-8.0'}],2024-12-29T04:18Z,2024-12-29T04:30Z,2024-12-29T04:45Z,M2.0,S15E30,13939,,2024-12-29T14:21Z,1,https://kauai.ccmc.gsfc.nasa.gov/DONKI/view/FLR/36047/-1,2024-12-29T06:24:00-CME-001,2024-12-29T06:24:00.000-05:00,CME
2024-12-29T16:56:00-FLR-001,M2M_CATALOG,[{'displayName': 'GOES-P: EXIS 1.0-8.0'}],2024-12-29T16:56Z,2024-12-29T17:08Z,2024-12-29T17:20Z,M3.3,S12E23,13939,,2024-12-29T20:43Z,1,https://kauai.ccmc.gsfc.nasa.gov/DONKI/view/FLR/36083/-1,2024-12-29T18:24:00-CME-001,2024-12-29T18:24:00.000-05:00,CME
2024-12-30T04:01:00-FLR-001,M2M_CATALOG,[{'displayName': 'GOES-P: EXIS 1.0-8.0'}],2024-12-30T04:01Z,2024-12-30T04:14Z,2024-12-30T04:28Z,X1.5,N13W46,13936,,2025-01-06T14:03Z,3,https://kauai.ccmc.gsfc.nasa.gov/DONKI/view/FLR/36103/-1,2024-12-30T05:24:00-CME-001,2024-12-30T05:24:00.000-05:00,CME
