,T_REC,HARPNUM,MEANPOT,SHRGT45,TOTPOT,USFLUX,MEANJZH,ABSNJZH,SAVNCPP,MEANALP,MEANSHR,TOTUSJZ,TOTUSJH,MEANGAM,MEANGBZ,MEANJZD,AREA_ACR,R_VALUE,MEANGBT,MEANGBH,NOAA_ARS,flrID,flareClass,linkedCMETime,linkedCME,linkedSEPTime,linkedSEP
0,2011-09-22 15:24:00,856,5144.339,16.305,5.679985e+23,5.579171e+22,0.00539458,448.495,18603090000000,0.0142526,29.721,64824080000000,3338.745,35.38,99.388,0.07581525,1895.952393,4.669,94.341,44.149,11295,,,,,,
1,2011-09-22 15:24:00,856,5144.339,16.305,5.679985e+23,5.579171e+22,0.00539458,448.495,18603090000000,0.0142526,29.721,64824080000000,3338.745,35.38,99.388,0.07581525,1895.952393,4.669,94.341,44.149,11296,,,,,,
2,2011-09-22 15:24:00,856,5144.339,16.305,5.679985e+23,5.579171e+22,0.00539458,448.495,18603090000000,0.0142526,29.721,64824080000000,3338.745,35.38,99.388,0.07581525,1895.952393,4.669,94.341,44.149,11298,,,,,,
3,2011-09-22 15:36:00,856,5218.502,16.082,5.634971e+23,5.535431e+22,0.00566352,460.473,19895990000000,0.01465721,29.625,62786060000000,3269.426,35.153,99.852,0.07201654,1889.164917,4.682,95.04,44.275,11295,,,,,,
4,2011-09-22 15:36:00,856,5218.502,16.082,5.634971e+23,5.535431e+22,0.00566352,460.473,19895990000000,0.01465721,29.625,62786060000000,3269.426,35.153,99.852,0.07201654,1889.164917,4.682,95.04,44.275,11296,,,,,,
5,2011-09-22 15:36:00,856,5218.502,16.082,5.634971e+23,5.535431e+22,0.00566352,460.473,19895990000000,0.01465721,29.625,62786060000000,3269.426,35.153,99.852,0.07201654,1889.164917,4.682,95.04,44.275,11298,,,,,,
6,2011-09-22 15:48:00,856,5273.436,16.332,5.687916e+23,5.520494e+22,0.00566833,460.353,20779760000000,0.01468663,29.712,63736900000000,3276.43,35.353,100.372,0.05770396,1877.125122,4.683,95.337,44.425,11295,,,,,,
7,2011-09-22 15:48:00,856,5273.436,16.332,5.687916e+23,5.520494e+22,0.00566833,460.353,20779760000000,0.01468663,29.712,63736900000000,3276.43,35.353,100.372,0.05770396,1877.125122,4.683,95.337,44.425,11296,,,,,,
8,2011-09-22 15:48:00,856,5273.436,16.332,5.687916e+23,5.520494e+22,0.00566833,460.353,20779760000000,0.01468663,29.712,63736900000000,3276.43,35.353,100.372,0.05770396,1877.125122,4.683,95.337,44.425,11298,,,,,,
9,2011-09-22 16:00:00,856,5387.168,16.685,5.766875e+23,5.490284e+22,0.00533933,430.382,17495010000000,0.01373335,30.017,63505680000000,3257.02,35.637,100.636,0.04787413,1881.762573,4.68,95.299,44.581,11295,,,,,,
10,2011-09-22 16:00:00,856,5387.168,16.685,5.766875e+23,5.490284e+22,0.00533933,430.382,17495010000000,0.01373335,30.017,63505680000000,3257.02,35.637,100.636,0.04787413,1881.762573,4.68,95.299,44.581,11296,,,,,,
11,2011-09-22 16:00:00,856,5387.168,16.685,5.766875e+23,5.490284e+22,0.00533933,430.382,17495010000000,0.01373335,30.017,63505680000000,3257.02,35.637,100.636,0.04787413,1881.762573,4.68,95.299,44.581,11298,,,,,,
12,2011-09-22 16:12:00,856,5406.971,16.602,5.703053e+23,5.487273e+22,0.00567234,450.503,19032780000000,0.01429725,29.802,63061480000000,3283.595,35.396,100.978,0.02045038,1882.471558,4.69,96.093,44.814,11295,,,,,,
13,2011-09-22 16:12:00,856,5406.971,16.602,5.703053e+23,5.487273e+22,0.00567234,450.503,19032780000000,0.01429725,29.802,63061480000000,3283.595,35.396,100.978,0.02045038,1882.471558,4.69,96.093,44.814,11296,,,,,,
14,2011-09-22 16:12:00,856,5406.971,16.602,5.703053e+23,5.487273e+22,0.00567234,450.503,19032780000000,0.01429725,29.802,63061480000000,3283.595,35.396,100.978,0.02045038,1882.471558,4.69,96.093,44.814,11298,,,,,,
15,2011-09-22 16:24:00,856,5495.225,16.493,5.68543e+23,5.445041e+22,0.00552716,430.577,17718630000000,0.01368315,29.821,61795130000000,3243.108,35.293,101.162,-0.00211103,1876.022461,4.658,96.644,44.968,11295,,,,,,
16,2011-09-22 16:24:00,856,5495.225,16.493,5.68543e+23,5.445041e+22,0.00552716,430.577,17718630000000,0.01368315,29.821,61795130000000,3243.108,35.293,101.162,-0.00211103,1876.022461,4.658,96.644,44.968,11296,,,,,,
17,2011-09-22 16:24:00,856,5495.225,16.493,5.68543e+23,5.445041e+22,0.00552716,430.577,17718630000000,0.01368315,29.821,61795130000000,3243.108,35.293,101.162,-0.00211103,1876.022461,4.658,96.644,44.968,11298,,,,,,
18,2011-09-22 16:36:00,856,5560.621,16.454,5.705828e+23,5.448978e+22,0.00563691,435.53,18454650000000,0.01380318,29.849,62678550000000,3285.734,35.126,102.14,-0.01166545,1866.44458,4.67,97.17,45.56,11295,,,,,,
19,2011-09-22 16:36:00,856,5560.621,16.454,5.705828e+23,5.448978e+22,0.00563691,435.53,18454650000000,0.01380318,29.849,62678550000000,3285.734,35.126,102.14,-0.01166545,1866.44458,4.67,97.17,45.56,11296,,,,,,
20,2011-09-22 16:36:00,856,5560.621,16.454,5.705828e+23,5.448978e+22,0.00563691,435.53,18454650000000,0.01380318,29.849,62678550000000,3285.734,35.126,102.14,-0.01166545,1866.44458,4.67,97.17,45.56,11298,,,,,,
21,2011-09-22 16:48:00,856,5545.622,16.617,5.659357e+23,5.458333e+22,0.00547949,421.049,18975860000000,0.01327737,29.865,62819350000000,3301.163,34.967,101.906,-0.0297165,1856.099121,4.633,97.163,45.371,11295,,,,,,
22,2011-09-22 16:48:00,856,5545.622,16.617,5.659357e+23,5.458333e+22,0.00547949,421.049,18975860000000,0.01327737,29.865,62819350000000,3301.163,34.967,101.906,-0.0297165,1856.099121,4.633,97.163,45.371,11296,,,,,,
23,2011-09-22 16:48:00,856,5545.622,16.617,5.659357e+23,5.458333e+22,0.00547949,421.049,18975860000000,0.01327737,29.865,62819350000000,3301.163,34.967,101.906,-0.0297165,1856.099121,4.633,97.163,45.371,11298,,,,,,
24,2011-09-22 17:00:00,856,5629.683,16.735,5.716134e+23,5.462495e+22,0.0053988,412.765,17664360000000,0.01296091,29.94,62830600000000,3303.321,35.033,102.669,-0.05229211,1848.330811,4.667,97.409,45.428,11295,,,,,,
25,2011-09-22 17:00:00,856,5629.683,16.735,5.716134e+23,5.462495e+22,0.0053988,412.765,17664360000000,0.01296091,29.94,62830600000000,3303.321,35.033,102.669,-0.05229211,1848.330811,4.667,97.409,45.428,11296,,,,,,
26,2011-09-22 17:00:00,856,5629.683,16.735,5.716134e+23,5.462495e+22,0.0053988,412.765,17664360000000,0.01296091,29.94,62830600000000,3303.321,35.033,102.669,-0.05229211,1848.330811,4.667,97.409,45.428,11298,,,,,,
27,2011-09-22 15:24:00,892,15898.81,38.473,1.2176e+24,4.680664e+22,-0.00546341,315.053,17663630000000,-0.00868945,41.568,48232560000000,3482.589,46.22,85.383,-0.23374785,1810.498413,4.49,64.817,39.678,11302,2011-09-24 09:21:00,X,2011-09-24 10:24:00,CME,2011-09-24 11:50:00,SEP
28,2011-09-22 15:24:00,892,15898.81,38.473,1.2176e+24,4.680664e+22,-0.00546341,315.053,17663630000000,-0.00868945,41.568,48232560000000,3482.589,46.22,85.383,-0.23374785,1810.498413,4.49,64.817,39.678,11302,2011-09-24 09:21:00,X,2011-09-24 10:24:00,CME,2011-09-24 11:50:00,SEP
29,2011-09-22 15:24:00,892,15898.81,38.473,1.2176e+24,4.680664e+22,-0.00546341,315.053,17663630000000,-0.00868945,41.568,48232560000000,3482.589,46.22,85.383,-0.23374785,1810.498413,4.49,64.817,39.678,11302,2011-09-24 12:33:00,M,,,,
31,2011-09-22 15:36:00,892,15780.69,37.718,1.213458e+24,4.715376e+22,-0.00607546,351.775,19150450000000,-0.00958639,41.376,48377050000000,3574.13,45.776,91.145,0.028771,1819.475708,4.492,67.388,39.753,11302,2011-09-24 09:21:00,X,2011-09-24 10:24:00,CME,2011-09-24 11:50:00,SEP
32,2011-09-22 15:36:00,892,15780.69,37.718,1.213458e+24,4.715376e+22,-0.00607546,351.775,19150450000000,-0.00958639,41.376,48377050000000,3574.13,45.776,91.145,0.028771,1819.475708,4.492,67.388,39.753,11302,2011-09-24 09:21:00,X,2011-09-24 10:24:00,CME,2011-09-24 11:50:00,SEP
33,2011-09-22 15:36:00,892,15780.69,37.718,1.213458e+24,4.715376e+22,-0.00607546,351.775,19150450000000,-0.00958639,41.376,48377050000000,3574.13,45.776,91.145,0.028771,1819.475708,4.492,67.388,39.753,11302,2011-09-24 12:33:00,M,,,,
35,2011-09-22 15:48:00,892,16038.75,38.907,1.234196e+24,4.725952e+22,-0.00571179,330.952,15526380000000,-0.00893699,42.058,49482400000000,3543.614,46.225,87.724,-0.21412453,1840.786133,4.51,65.33,40.03,11302,2011-09-24 09:21:00,X,2011-09-24 10:24:00,CME,2011-09-24 11:50:00,SEP
36,2011-09-22 15:48:00,892,16038.75,38.907,1.234196e+24,4.725952e+22,-0.00571179,330.952,15526380000000,-0.00893699,42.058,49482400000000,3543.614,46.225,87.724,-0.21412453,1840.786133,4.51,65.33,40.03,11302,2011-09-24 09:21:00,X,2011-09-24 10:24:00,CME,2011-09-24 11:50:00,SEP
37,2011-09-22 15:48:00,892,16038.75,38.907,1.234196e+24,4.725952e+22,-0.00571179,330.952,15526380000000,-0.00893699,42.058,49482400000000,3543.614,46.225,87.724,-0.21412453,1840.786133,4.51,65.33,40.03,11302,2011-09-24 12:33:00,M,,,,
39,2011-09-22 16:00:00,892,16286.82,37.915,1.252138e+24,4.768342e+22,-0.00635815,368.067,20574760000000,-0.0098726,41.492,48669960000000,3534.718,45.885,85.434,-0.27179265,1836.159668,4.579,64.691,39.335,11302,2011-09-24 09:21:00,X,2011-09-24 10:24:00,CME,2011-09-24 11:50:00,SEP
40,2011-09-22 16:00:00,892,16286.82,37.915,1.252138e+24,4.768342e+22,-0.00635815,368.067,20574760000000,-0.0098726,41.492,48669960000000,3534.718,45.885,85.434,-0.27179265,1836.159668,4.579,64.691,39.335,11302,2011-09-24 09:21:00,X,2011-09-24 10:24:00,CME,2011-09-24 11:50:00,SEP
41,2011-09-22 16:00:00,892,16286.82,37.915,1.252138e+24,4.768342e+22,-0.00635815,368.067,20574760000000,-0.0098726,41.492,48669960000000,3534.718,45.885,85.434,-0.27179265,1836.159668,4.579,64.691,39.335,11302,2011-09-24 12:33:00,M,,,,
43,2011-09-22 16:12:00,892,16255.25,38.456,1.262167e+24,4.827234e+22,-0.00559197,326.94,20185380000000,-0.00865878,41.555,48938710000000,3636.729,45.934,84.8,-0.26439771,1865.255005,4.565,64.388,39.483,11302,2011-09-24 09:21:00,X,2011-09-24 10:24:00,CME,2011-09-24 11:50:00,SEP
44,2011-09-22 16:12:00,892,16255.25,38.456,1.262167e+24,4.827234e+22,-0.00559197,326.94,20185380000000,-0.00865878,41.555,48938710000000,3636.729,45.934,84.8,-0.26439771,1865.255005,4.565,64.388,39.483,11302,2011-09-24 09:21:00,X,2011-09-24 10:24:00,CME,2011-09-24 11:50:00,SEP
45,2011-09-22 16:12:00,892,16255.25,38.456,1.262167e+24,4.827234e+22,-0.00559197,326.94,20185380000000,-0.00865878,41.555,48938710000000,3636.729,45.934,84.8,-0.26439771,1865.255005,4.565,64.388,39.483,11302,2011-09-24 12:33:00,M,,,,
47,2011-09-22 16:24:00,892,16224.22,38.302,1.274001e+24,4.868867e+22,-0.00444447,262.784,15918820000000,-0.0069121,41.305,49541250000000,3649.03,45.884,85.185,-0.23523766,1869.635376,4.55,64.846,39.084,11302,2011-09-24 09:21:00,X,2011-09-24 10:24:00,CME,2011-09-24 11:50:00,SEP
48,2011-09-22 16:24:00,892,16224.22,38.302,1.274001e+24,4.868867e+22,-0.00444447,262.784,15918820000000,-0.0069121,41.305,49541250000000,3649.03,45.884,85.185,-0.23523766,1869.635376,4.55,64.846,39.084,11302,2011-09-24 09:21:00,X,2011-09-24 10:24:00,CME,2011-09-24 11:50:00,SEP
49,2011-09-22 16:24:00,892,16224.22,38.302,1.274001e+24,4.868867e+22,-0.00444447,262.784,15918820000000,-0.0069121,41.305,49541250000000,3649.03,45.884,85.185,-0.23523766,1869.635376,4.55,64.846,39.084,11302,2011-09-24 12:33:00,M,,,,
51,2011-09-22 16:36:00,892,16112.94,37.896,1.289935e+24,4.979098e+22,-0.00309721,186.703,12275720000000,-0.00478659,41.362,52258560000000,3874.003,45.521,93.386,-0.13197845,1871.994507,4.574,69.717,40.756,11302,2011-09-24 09:21:00,X,2011-09-24 10:24:00,CME,2011-09-24 11:50:00,SEP
52,2011-09-22 16:36:00,892,16112.94,37.896,1.289935e+24,4.979098e+22,-0.00309721,186.703,12275720000000,-0.00478659,41.362,52258560000000,3874.003,45.521,93.386,-0.13197845,1871.994507,4.574,69.717,40.756,11302,2011-09-24 09:21:00,X,2011-09-24 10:24:00,CME,2011-09-24 11:50:00,SEP
53,2011-09-22 16:36:00,892,16112.94,37.896,1.289935e+24,4.979098e+22,-0.00309721,186.703,12275720000000,-0.00478659,41.362,52258560000000,3874.003,45.521,93.386,-0.13197845,1871.994507,4.574,69.717,40.756,11302,2011-09-24 12:33:00,M,,,,
55,2011-09-22 16:48:00,892,16157.75,38.538,1.314336e+24,5.02389e+22,-0.00584765,358.169,23285820000000,-0.00911171,41.433,51960110000000,3796.733,45.795,88.974,-0.15519069,1879.281616,4.635,67.405,40.06,11302,2011-09-24 09:21:00,X,2011-09-24 10:24:00,CME,2011-09-24 11:50:00,SEP
56,2011-09-22 16:48:00,892,16157.75,38.538,1.314336e+24,5.02389e+22,-0.00584765,358.169,23285820000000,-0.00911171,41.433,51960110000000,3796.733,45.795,88.974,-0.15519069,1879.281616,4.635,67.405,40.06,11302,2011-09-24 09:21:00,X,2011-09-24 10:24:00,CME,2011-09-24 11:50:00,SEP
57,2011-09-22 16:48:00,892,16157.75,38.538,1.314336e+24,5.02389e+22,-0.00584765,358.169,23285820000000,-0.00911171,41.433,51960110000000,3796.733,45.795,88.974,-0.15519069,1879.281616,4.635,67.405,40.06,11302,2011-09-24 12:33:00,M,,,,
59,2011-09-22 17:00:00,892,16064.92,38.499,1.336654e+24,5.111946e+22,-0.0052863,331.187,19051010000000,-0.00830847,41.589,53910390000000,3898.515,45.765,85.722,-0.28797525,1902.869629,4.691,66.048,39.837,11302,2011-09-24 09:21:00,X,2011-09-24 10:24:00,CME,2011-09-24 11:50:00,SEP
60,2011-09-22 17:00:00,892,16064.92,38.499,1.336654e+24,5.111946e+22,-0.0052863,331.187,19051010000000,-0.00830847,41.589,53910390000000,3898.515,45.765,85.722,-0.28797525,1902.869629,4.691,66.048,39.837,11302,2011-09-24 09:21:00,X,2011-09-24 10:24:00,CME,2011-09-24 11:50:00,SEP
61,2011-09-22 17:00:00,892,16064.92,38.499,1.336654e+24,5.111946e+22,-0.0052863,331.187,19051010000000,-0.00830847,41.589,53910390000000,3898.515,45.765,85.722,-0.28797525,1902.869629,4.691,66.048,39.837,11302,2011-09-24 12:33:00,M,,,,
63,2011-10-19 22:12:00,940,6514.708,22.115,8.817503e+23,6.830633e+22,-0.0014559,148.373,6244426000000,-0.00354587,32.023,77638780000000,3584.584,37.383,95.501,0.00040144,2400.968506,4.373,92.173,41.821,11314,,,,,,
64,2011-10-19 22:12:00,940,6514.708,22.115,8.817503e+23,6.830633e+22,-0.0014559,148.373,6244426000000,-0.00354587,32.023,77638780000000,3584.584,37.383,95.501,0.00040144,2400.968506,4.373,92.173,41.821,11319,,,,,,
65,2011-10-19 22:24:00,940,6461.397,21.936,8.82927e+23,6.853929e+22,-0.00148877,153.181,5656181000000,-0.00366449,31.938,78004320000000,3591.928,37.224,95.009,0.00043193,2391.651611,4.384,91.648,41.484,11314,,,,,,
66,2011-10-19 22:24:00,940,6461.397,21.936,8.82927e+23,6.853929e+22,-0.00148877,153.181,5656181000000,-0.00366449,31.938,78004320000000,3591.928,37.224,95.009,0.00043193,2391.651611,4.384,91.648,41.484,11319,,,,,,
67,2011-10-19 22:36:00,940,6390.531,22.107,8.84582e+23,6.876323e+22,-0.00150665,157.035,7487118000000,-0.00376136,31.992,77767770000000,3561.655,37.333,94.306,0.0728506,2380.251465,4.406,90.998,41.094,11314,,,,,,
68,2011-10-19 22:36:00,940,6390.531,22.107,8.84582e+23,6.876323e+22,-0.00150665,157.035,7487118000000,-0.00376136,31.992,77767770000000,3561.655,37.333,94.306,0.0728506,2380.251465,4.406,90.998,41.094,11319,,,,,,
69,2011-10-19 22:48:00,940,6297.109,21.767,8.865025e+23,6.926175e+22,-0.00149473,158.441,8020252000000,-0.00379299,31.822,78570150000000,3567.074,37.281,93.731,0.07490621,2371.713623,4.392,90.392,40.86,11314,,,,,,
70,2011-10-19 22:48:00,940,6297.109,21.767,8.865025e+23,6.926175e+22,-0.00149473,158.441,8020252000000,-0.00379299,31.822,78570150000000,3567.074,37.281,93.731,0.07490621,2371.713623,4.392,90.392,40.86,11319,,,,,,
71,2011-10-19 23:00:00,940,6198.333,22.108,8.88402e+23,6.978108e+22,-0.00126135,136.123,6271731000000,-0.00325236,32.042,79210500000000,3558.685,37.409,93.196,0.11138926,2373.658691,4.361,89.846,40.374,11314,,,,,,
72,2011-10-19 23:00:00,940,6198.333,22.108,8.88402e+23,6.978108e+22,-0.00126135,136.123,6271731000000,-0.00325236,32.042,79210500000000,3558.685,37.409,93.196,0.11138926,2373.658691,4.361,89.846,40.374,11319,,,,,,
73,2011-10-19 23:12:00,940,6134.729,21.476,8.803451e+23,7.001527e+22,-0.00125185,135.266,5101456000000,-0.00322896,31.59,78096640000000,3532.724,36.953,92.928,0.05109101,2354.138184,4.34,89.724,39.982,11314,,,,,,
74,2011-10-19 23:12:00,940,6134.729,21.476,8.803451e+23,7.001527e+22,-0.00125185,135.266,5101456000000,-0.00322896,31.59,78096640000000,3532.724,36.953,92.928,0.05109101,2354.138184,4.34,89.724,39.982,11319,,,,,,
75,2011-10-19 23:24:00,940,6045.739,21.356,8.785181e+23,7.060939e+22,-0.00119643,130.91,5239363000000,-0.00311324,31.491,79440460000000,3576.21,36.996,92.536,0.06856829,2352.725098,4.369,89.339,39.987,11314,,,,,,
76,2011-10-19 23:24:00,940,6045.739,21.356,8.785181e+23,7.060939e+22,-0.00119643,130.91,5239363000000,-0.00311324,31.491,79440460000000,3576.21,36.996,92.536,0.06856829,2352.725098,4.369,89.339,39.987,11319,,,,,,
77,2011-10-19 23:36:00,940,6036.723,21.334,8.764065e+23,7.060505e+22,-0.00134108,146.603,6546765000000,-0.00348663,31.435,78401430000000,3543.788,36.915,92.31,0.06755337,2346.097412,4.355,89.127,39.757,11314,,,,,,
78,2011-10-19 23:36:00,940,6036.723,21.334,8.764065e+23,7.060505e+22,-0.00134108,146.603,6546765000000,-0.00348663,31.435,78401430000000,3543.788,36.915,92.31,0.06755337,2346.097412,4.355,89.127,39.757,11319,,,,,,
79,2011-10-19 23:48:00,940,6000.929,21.152,8.76669e+23,7.086496e+22,-0.00120791,132.871,5710226000000,-0.00315718,31.384,78543050000000,3555.253,36.853,91.748,0.08012743,2336.273926,4.387,88.493,39.573,11314,,,,,,
80,2011-10-19 23:48:00,940,6000.929,21.152,8.76669e+23,7.086496e+22,-0.00120791,132.871,5710226000000,-0.00315718,31.384,78543050000000,3555.253,36.853,91.748,0.08012743,2336.273926,4.387,88.493,39.573,11319,,,,,,
81,2011-10-19 22:12:00,976,7050.459,23.577,7.527361e+23,5.866803e+22,-0.00430719,346.259,16765740000000,-0.0095691,33.264,66341730000000,3755.736,39.234,92.561,-0.18632716,1946.270142,4.753,82.02,45.782,11324,,,,,,
82,2011-10-19 22:12:00,976,7050.459,23.577,7.527361e+23,5.866803e+22,-0.00430719,346.259,16765740000000,-0.0095691,33.264,66341730000000,3755.736,39.234,92.561,-0.18632716,1946.270142,4.753,82.02,45.782,11325,,,,,,
83,2011-10-19 22:24:00,976,7051.345,23.481,7.535143e+23,5.866734e+22,-0.00429971,345.972,14158150000000,-0.00958917,33.155,66471250000000,3744.713,39.264,93.057,-0.19472316,1956.845947,4.75,81.997,45.595,11324,,,,,,
84,2011-10-19 22:24:00,976,7051.345,23.481,7.535143e+23,5.866734e+22,-0.00429971,345.972,14158150000000,-0.00958917,33.155,66471250000000,3744.713,39.264,93.057,-0.19472316,1956.845947,4.75,81.997,45.595,11325,,,,,,
85,2011-10-19 22:36:00,976,7067.317,23.516,7.571828e+23,5.878577e+22,-0.00417528,336.824,14390660000000,-0.0093208,33.218,66360080000000,3736.738,39.031,92.602,-0.14687687,1952.414795,4.757,82.017,45.452,11324,,,,,,
86,2011-10-19 22:36:00,976,7067.317,23.516,7.571828e+23,5.878577e+22,-0.00417528,336.824,14390660000000,-0.0093208,33.218,66360080000000,3736.738,39.031,92.602,-0.14687687,1952.414795,4.757,82.017,45.452,11325,,,,,,
87,2011-10-19 22:48:00,976,7015.757,23.921,7.625876e+23,5.887608e+22,-0.00383567,313.931,10563910000000,-0.00870301,33.426,66608840000000,3708.382,39.53,92.205,-0.1676887,1949.654053,4.742,81.25,45.07,11324,,,,,,
88,2011-10-19 22:48:00,976,7015.757,23.921,7.625876e+23,5.887608e+22,-0.00383567,313.931,10563910000000,-0.00870301,33.426,66608840000000,3708.382,39.53,92.205,-0.1676887,1949.654053,4.742,81.25,45.07,11325,,,,,,
89,2011-10-19 23:00:00,976,6845.518,23.505,7.56111e+23,5.953654e+22,-0.00471789,392.368,15740900000000,-0.01079845,33.056,67382950000000,3759.295,39.479,91.567,-0.13899249,1949.570923,4.735,80.736,44.776,11324,,,,,,
90,2011-10-19 23:00:00,976,6845.518,23.505,7.56111e+23,5.953654e+22,-0.00471789,392.368,15740900000000,-0.01079845,33.056,67382950000000,3759.295,39.479,91.567,-0.13899249,1949.570923,4.735,80.736,44.776,11325,,,,,,
91,2011-10-19 23:12:00,976,6836.581,23.671,7.592552e+23,5.96916e+22,-0.00520094,434.928,17985920000000,-0.01193993,33.27,67945820000000,3783.919,39.307,93.668,-0.10369679,1959.20459,4.722,81.816,44.765,11324,,,,,,
92,2011-10-19 23:12:00,976,6836.581,23.671,7.592552e+23,5.96916e+22,-0.00520094,434.928,17985920000000,-0.01193993,33.27,67945820000000,3783.919,39.307,93.668,-0.10369679,1959.20459,4.722,81.816,44.765,11325,,,,,,
93,2011-10-19 23:24:00,976,6724.602,22.558,7.469617e+23,6.026215e+22,-0.00385119,322.114,11957380000000,-0.00877987,32.446,66163910000000,3733.279,38.95,90.218,-0.11630274,1968.695435,4.749,80.307,44.438,11324,,,,,,
94,2011-10-19 23:24:00,976,6724.602,22.558,7.469617e+23,6.026215e+22,-0.00385119,322.114,11957380000000,-0.00877987,32.446,66163910000000,3733.279,38.95,90.218,-0.11630274,1968.695435,4.749,80.307,44.438,11325,,,,,,
95,2011-10-19 23:36:00,976,6755.486,23.31,7.578031e+23,6.033026e+22,-0.00392594,331.604,11837150000000,-0.00904298,32.94,67430770000000,3758.089,39.128,91.586,-0.06651773,1981.304199,4.745,81.043,44.589,11324,,,,,,
96,2011-10-19 23:36:00,976,6755.486,23.31,7.578031e+23,6.033026e+22,-0.00392594,331.604,11837150000000,-0.00904298,32.94,67430770000000,3758.089,39.128,91.586,-0.06651773,1981.304199,4.745,81.043,44.589,11325,,,,,,
97,2011-10-19 23:48:00,976,6848.905,23.806,7.657446e+23,6.013826e+22,-0.00577938,486.543,21158740000000,-0.01330588,33.123,67372220000000,3745.543,39.393,92.957,-0.08809751,1986.033691,4.745,81.241,44.776,11324,,,,,,
98,2011-10-19 23:48:00,976,6848.905,23.806,7.657446e+23,6.013826e+22,-0.00577938,486.543,21158740000000,-0.01330588,33.123,67372220000000,3745.543,39.393,92.957,-0.08809751,1986.033691,4.745,81.241,44.776,11325,,,,,,
99,2011-12-13 13:00:00,1183,1868.821,3.231,1.549162e+23,4.251131e+22,0.00195666,122.123,3706474000000,0.00616847,20.817,39397190000000,1961.74,25.279,74.527,-0.05243226,848.941101,3.857,74.068,32.93,11376,,,,,,
100,2011-12-13 13:00:00,1183,1868.821,3.231,1.549162e+23,4.251131e+22,0.00195666,122.123,3706474000000,0.00616847,20.817,39397190000000,1961.74,25.279,74.527,-0.05243226,848.941101,3.857,74.068,32.93,11377,,,,,,
101,2011-12-13 13:12:00,1183,1847.628,3.242,1.547568e+23,4.279982e+22,0.00190824,120.353,3100948000000,0.00605386,20.765,39677380000000,1963.238,25.322,74.257,-0.05480742,847.821472,3.825,73.885,33.039,11376,,,,,,
102,2011-12-13 13:12:00,1183,1847.628,3.242,1.547568e+23,4.279982e+22,0.00190824,120.353,3100948000000,0.00605386,20.765,39677380000000,1963.238,25.322,74.257,-0.05480742,847.821472,3.825,73.885,33.039,11377,,,,,,
103,2011-12-13 13:24:00,1183,1860.761,3.246,1.5516e+23,4.271723e+22,0.00168033,105.504,2624906000000,0.00530742,20.863,38953250000000,1922.543,25.271,74.549,-0.05461892,841.931946,3.785,74.199,32.774,11376,,,,,,
104,2011-12-13 13:24:00,1183,1860.761,3.246,1.5516e+23,4.271723e+22,0.00168033,105.504,2624906000000,0.00530742,20.863,38953250000000,1922.543,25.271,74.549,-0.05461892,841.931946,3.785,74.199,32.774,11377,,,,,,
105,2011-12-13 13:36:00,1183,1862.092,3.405,1.560821e+23,4.284499e+22,0.00173324,109.388,2242562000000,0.00549054,20.986,39884730000000,1952.333,25.445,74.919,-0.0433653,839.307739,3.775,74.446,33.027,11376,,,,,,
106,2011-12-13 13:36:00,1183,1862.092,3.405,1.560821e+23,4.284499e+22,0.00173324,109.388,2242562000000,0.00549054,20.986,39884730000000,1952.333,25.445,74.919,-0.0433653,839.307739,3.775,74.446,33.027,11377,,,,,,
107,2011-12-13 13:48:00,1183,1865.915,3.103,1.567495e+23,4.29689e+22,0.00170846,108.068,1179577000000,0.0054144,20.95,40330470000000,1983.636,25.325,75.073,-0.03658432,829.220215,3.748,74.644,33.252,11376,,,,,,
108,2011-12-13 13:48:00,1183,1865.915,3.103,1.567495e+23,4.29689e+22,0.00170846,108.068,1179577000000,0.0054144,20.95,40330470000000,1983.636,25.325,75.073,-0.03658432,829.220215,3.748,74.644,33.252,11377,,,,,,
109,2011-12-13 14:00:00,1183,1862.625,3.366,1.585682e+23,4.324975e+22,0.0017302,110.909,2181704000000,0.00553626,21.122,40658680000000,1994.153,25.598,74.814,-0.02108143,832.017761,3.716,74.643,32.942,11376,,,,,,
110,2011-12-13 14:00:00,1183,1862.625,3.366,1.585682e+23,4.324975e+22,0.0017302,110.909,2181704000000,0.00553626,21.122,40658680000000,1994.153,25.598,74.814,-0.02108143,832.017761,3.716,74.643,32.942,11377,,,,,,
111,2011-12-13 14:12:00,1183,1840.006,3.5,1.581284e+23,4.35491e+22,0.00193397,125.149,3814666000000,0.00621162,21.081,41365210000000,2021.499,25.551,74.704,-0.06460613,833.286255,3.656,74.337,32.816,11376,,,,,,
112,2011-12-13 14:12:00,1183,1840.006,3.5,1.581284e+23,4.35491e+22,0.00193397,125.149,3814666000000,0.00621162,21.081,41365210000000,2021.499,25.551,74.704,-0.06460613,833.286255,3.656,74.337,32.816,11377,,,,,,
113,2011-12-13 14:24:00,1183,1837.58,3.353,1.594744e+23,4.383457e+22,0.00172034,112.417,2482718000000,0.00556263,21.183,41608110000000,2028.65,25.549,74.383,-0.04630346,842.449219,3.703,74.266,32.897,11376,,,,,,
114,2011-12-13 14:24:00,1183,1837.58,3.353,1.594744e+23,4.383457e+22,0.00172034,112.417,2482718000000,0.00556263,21.183,41608110000000,2028.65,25.549,74.383,-0.04630346,842.449219,3.703,74.266,32.897,11377,,,,,,
115,2011-12-13 14:36:00,1183,1842.628,3.267,1.594794e+23,4.390163e+22,0.00160373,104.517,1805172000000,0.00514738,21.054,41494330000000,2030.822,25.526,74.995,-0.0340289,841.212097,3.701,74.929,33.359,11376,,,,,,
116,2011-12-13 14:36:00,1183,1842.628,3.267,1.594794e+23,4.390163e+22,0.00160373,104.517,1805172000000,0.00514738,21.054,41494330000000,2030.822,25.526,74.995,-0.0340289,841.212097,3.701,74.929,33.359,11377,,,,,,
117,2012-09-11 05:12:00,1999,1895.479,5.572,1.779893e+23,4.792904e+22,0.00198644,140.442,11103150000000,0.00618854,19.482,32239600000000,1649.03,25.757,69.546,-0.02911826,704.40564,3.554,66.44,27.32,11563,,,,,,
118,2012-09-11 05:12:00,1999,1895.479,5.572,1.779893e+23,4.792904e+22,0.00198644,140.442,11103150000000,0.00618854,19.482,32239600000000,1649.03,25.757,69.546,-0.02911826,704.40564,3.554,66.44,27.32,11564,,,,,,
119,2012-09-11 05:24:00,1999,1889.229,5.45,1.751644e+23,4.73815e+22,0.00201705,140.816,12497010000000,0.00628999,19.224,30313540000000,1566.917,25.721,68.541,-0.0413801,692.337402,3.484,65.49,27.072,11563,,,,,,
120,2012-09-11 05:24:00,1999,1889.229,5.45,1.751644e+23,4.73815e+22,0.00201705,140.816,12497010000000,0.00628999,19.224,30313540000000,1566.917,25.721,68.541,-0.0413801,692.337402,3.484,65.49,27.072,11564,,,,,,
121,2012-09-11 05:36:00,1999,1851.26,5.526,1.729004e+23,4.722576e+22,0.00191159,134.421,11351260000000,0.00608134,19.224,29917710000000,1545.088,25.747,67.326,-0.09812143,694.396423,3.557,64.302,26.676,11563,,,,,,
122,2012-09-11 05:36:00,1999,1851.26,5.526,1.729004e+23,4.722576e+22,0.00191159,134.421,11351260000000,0.00608134,19.224,29917710000000,1545.088,25.747,67.326,-0.09812143,694.396423,3.557,64.302,26.676,11564,,,,,,
123,2012-09-11 05:48:00,1999,1842.979,5.795,1.743763e+23,4.722908e+22,0.00177777,126.654,11262630000000,0.00576214,19.435,30482490000000,1557.182,26.33,66.556,-0.02356843,697.962769,3.571,63.273,27.142,11563,,,,,,
124,2012-09-11 05:48:00,1999,1842.979,5.795,1.743763e+23,4.722908e+22,0.00177777,126.654,11262630000000,0.00576214,19.435,30482490000000,1557.182,26.33,66.556,-0.02356843,697.962769,3.571,63.273,27.142,11564,,,,,,
125,2012-09-11 06:00:00,1999,1829.826,5.673,1.733044e+23,4.710986e+22,0.00211106,150.551,13596900000000,0.00690527,19.221,29974680000000,1527.988,26.295,65.985,-0.07727724,690.770142,3.468,62.544,26.791,11563,,,,,,
126,2012-09-11 06:00:00,1999,1829.826,5.673,1.733044e+23,4.710986e+22,0.00211106,150.551,13596900000000,0.00690527,19.221,29974680000000,1527.988,26.295,65.985,-0.07727724,690.770142,3.468,62.544,26.791,11564,,,,,,
127,2012-09-11 06:12:00,1999,1808.904,5.906,1.751113e+23,4.773747e+22,0.00173526,126.481,12113030000000,0.00576389,19.53,30567060000000,1522.214,26.411,65.843,0.01241323,684.826904,3.518,62.186,26.801,11563,,,,,,
128,2012-09-11 06:12:00,1999,1808.904,5.906,1.751113e+23,4.773747e+22,0.00173526,126.481,12113030000000,0.00576389,19.53,30567060000000,1522.214,26.411,65.843,0.01241323,684.826904,3.518,62.186,26.801,11564,,,,,,
129,2013-03-21 10:12:00,2546,6433.274,19.527,4.902615e+23,4.234447e+22,-0.01212491,695.752,27243120000000,-0.027032,29.605,34591650000000,2100.93,37.329,78.022,-0.01636607,1136.243408,4.334,68.416,35.209,11692,,,,,,
130,2013-03-21 10:24:00,2546,6519.68,20.134,4.929934e+23,4.198316e+22,-0.01136816,647.246,24504630000000,-0.02536338,29.879,34225170000000,2079.132,37.475,79.058,0.08340904,1147.078125,4.361,68.31,35.124,11692,,,,,,
131,2013-03-21 10:36:00,2546,6486.283,20.774,4.880129e+23,4.153381e+22,-0.01147401,650.003,26525840000000,-0.02576902,30.265,33854320000000,2040.556,37.78,79.143,-0.00517768,1130.428467,4.345,68.208,34.847,11692,,,,,,
132,2013-03-21 10:48:00,2546,6547.145,20.775,4.888359e+23,4.13277e+22,-0.0111506,626.864,25690500000000,-0.02494664,30.142,33594410000000,2005.167,37.733,81.26,-0.00435909,1142.82312,4.318,68.877,35.348,11692,,,,,,
133,2013-03-21 11:00:00,2546,6549.554,21.054,4.911207e+23,4.123836e+22,-0.00789005,445.464,18919980000000,-0.0178999,30.23,33037650000000,1971.172,37.779,79.166,0.00525461,1135.840332,4.306,68.287,34.915,11692,,,,,,
134,2013-03-21 11:12:00,2546,6608.305,21.803,4.953331e+23,4.068582e+22,-0.00743835,419.82,18503810000000,-0.01711885,30.829,34200910000000,1976.294,38.256,80.905,0.02765924,1143.768921,4.316,68.563,35.208,11692,,,,,,
135,2013-03-21 11:24:00,2546,6510.606,20.673,4.945725e+23,4.133457e+22,-0.00788776,451.164,18511730000000,-0.01819427,30.217,33218680000000,1959.918,37.863,78.286,-0.00966868,1147.481934,4.316,66.634,34.508,11692,,,,,,
136,2013-03-21 11:36:00,2546,6326.353,20.596,4.788199e+23,4.144217e+22,-0.01040107,592.736,23614750000000,-0.02379674,30.134,33211620000000,1960.761,37.936,75.599,-0.02539531,1150.536987,4.237,65.65,34.212,11692,,,,,,
137,2013-03-21 11:48:00,2546,6435.649,20.734,4.813487e+23,4.109155e+22,-0.00979333,551.521,17747850000000,-0.02228917,29.962,34324800000000,1958.475,37.852,79.347,0.02944293,1154.39563,4.276,67.571,35.192,11692,,,,,,
138,2013-03-21 12:00:00,2546,6733.335,21.53,4.946987e+23,4.035291e+22,-0.00824513,456.112,19487350000000,-0.01876154,30.73,32672110000000,1910.32,38.36,79.092,0.01924352,1152.283813,4.272,67.353,34.975,11692,,,,,,
139,2013-05-14 22:48:00,2739,7748.058,29.386,6.685878e+23,4.051393e+22,-0.00707845,459.915,21283460000000,-0.01877623,36.933,53850200000000,2442.278,42.651,100.194,0.19205487,1815.815063,4.431,97.655,47.868,11745,,,,,,
140,2013-05-14 23:00:00,2739,7763.687,29.184,6.671322e+23,4.035857e+22,-0.00756414,489.407,21102310000000,-0.02003889,36.793,53702090000000,2435.613,42.676,100.612,0.23283292,1819.08313,4.446,98.015,48.053,11745,,,,,,
141,2013-05-14 23:12:00,2739,7773.603,29.232,6.653516e+23,4.02656e+22,-0.00721773,465.168,20758750000000,-0.01906837,36.831,53631860000000,2434.82,42.685,101.199,0.26024979,1806.029419,4.449,98.719,48.461,11745,,,,,,
142,2013-05-14 23:24:00,2739,7771.047,29.212,6.644414e+23,4.020029e+22,-0.00749438,482.496,22028360000000,-0.01982698,36.795,53858240000000,2453.824,42.64,101.384,0.23388234,1810.561035,4.401,98.758,48.194,11745,,,,,,
143,2013-05-14 23:36:00,2739,7810.687,29.1,6.629865e+23,4.00537e+22,-0.00752875,481.2,20817570000000,-0.01981691,36.769,53373240000000,2449.677,42.574,101.076,0.2537314,1818.955688,4.291,98.503,48.291,11745,,,,,,
144,2013-07-08 08:36:00,2920,9858.488,43.314,9.724989e+23,4.554428e+22,-0.00097566,72.47,6192719000000,-0.00238333,43.895,87706130000000,4408.524,53.095,111.736,0.13261522,2939.502197,4.771,108.267,67.369,11785,,,,,,
145,2013-07-08 08:36:00,2920,9858.488,43.314,9.724989e+23,4.554428e+22,-0.00097566,72.47,6192719000000,-0.00238333,43.895,87706130000000,4408.524,53.095,111.736,0.13261522,2939.502197,4.771,108.267,67.369,11787,,,,,,
146,2013-07-08 08:36:00,2920,9858.488,43.314,9.724989e+23,4.554428e+22,-0.00097566,72.47,6192719000000,-0.00238333,43.895,87706130000000,4408.524,53.095,111.736,0.13261522,2939.502197,4.771,108.267,67.369,11788,,,,,,
147,2013-07-08 08:48:00,2920,9799.633,43.163,9.731089e+23,4.550646e+22,-0.0009313,69.632,7188343000000,-0.00230224,43.965,87416110000000,4354.096,53.258,110.907,0.17674871,2946.287598,4.786,107.667,67.255,11785,,,,,,
148,2013-07-08 08:48:00,2920,9799.633,43.163,9.731089e+23,4.550646e+22,-0.0009313,69.632,7188343000000,-0.00230224,43.965,87416110000000,4354.096,53.258,110.907,0.17674871,2946.287598,4.786,107.667,67.255,11787,,,,,,
149,2013-07-08 08:48:00,2920,9799.633,43.163,9.731089e+23,4.550646e+22,-0.0009313,69.632,7188343000000,-0.00230224,43.965,87416110000000,4354.096,53.258,110.907,0.17674871,2946.287598,4.786,107.667,67.255,11788,,,,,,
150,2013-07-08 09:00:00,2920,9741.146,43.294,9.727215e+23,4.550985e+22,-0.00096192,72.326,7464579000000,-0.00240514,43.852,87509300000000,4329.191,53.207,110.35,0.18251938,2940.174316,4.832,107.369,67.503,11785,,,,,,
151,2013-07-08 09:00:00,2920,9741.146,43.294,9.727215e+23,4.550985e+22,-0.00096192,72.326,7464579000000,-0.00240514,43.852,87509300000000,4329.191,53.207,110.35,0.18251938,2940.174316,4.832,107.369,67.503,11787,,,,,,
152,2013-07-08 09:00:00,2920,9741.146,43.294,9.727215e+23,4.550985e+22,-0.00096192,72.326,7464579000000,-0.00240514,43.852,87509300000000,4329.191,53.207,110.35,0.18251938,2940.174316,4.832,107.369,67.503,11788,,,,,,
153,2013-07-08 09:12:00,2920,9751.62,43.597,9.758783e+23,4.535992e+22,-0.00016136,12.159,6524215000000,-0.0004064,44.153,87081550000000,4286.945,53.395,110.157,0.15918235,2942.490479,4.797,106.995,67.305,11785,,,,,,
154,2013-07-08 09:12:00,2920,9751.62,43.597,9.758783e+23,4.535992e+22,-0.00016136,12.159,6524215000000,-0.0004064,44.153,87081550000000,4286.945,53.395,110.157,0.15918235,2942.490479,4.797,106.995,67.305,11787,,,,,,
155,2013-07-08 09:12:00,2920,9751.62,43.597,9.758783e+23,4.535992e+22,-0.00016136,12.159,6524215000000,-0.0004064,44.153,87081550000000,4286.945,53.395,110.157,0.15918235,2942.490479,4.797,106.995,67.305,11788,,,,,,
156,2013-07-08 09:24:00,2920,9720.023,43.316,9.779833e+23,4.553935e+22,-0.0003834,29.045,4830613000000,-0.00097114,44.044,87814070000000,4305.692,53.377,110.054,0.11722699,2939.51123,4.794,107.348,67.8,11785,,,,,,
157,2013-07-08 09:24:00,2920,9720.023,43.316,9.779833e+23,4.553935e+22,-0.0003834,29.045,4830613000000,-0.00097114,44.044,87814070000000,4305.692,53.377,110.054,0.11722699,2939.51123,4.794,107.348,67.8,11787,,,,,,
158,2013-07-08 09:24:00,2920,9720.023,43.316,9.779833e+23,4.553935e+22,-0.0003834,29.045,4830613000000,-0.00097114,44.044,87814070000000,4305.692,53.377,110.054,0.11722699,2939.51123,4.794,107.348,67.8,11788,,,,,,
159,2013-07-08 09:36:00,2920,9594.915,43.299,9.74022e+23,4.5667e+22,-0.00013255,10.132,6612914000000,-0.00033973,44.036,87623840000000,4276.509,53.355,109.367,0.15905927,2937.10498,4.754,106.718,67.396,11785,,,,,,
160,2013-07-08 09:36:00,2920,9594.915,43.299,9.74022e+23,4.5667e+22,-0.00013255,10.132,6612914000000,-0.00033973,44.036,87623840000000,4276.509,53.355,109.367,0.15905927,2937.10498,4.754,106.718,67.396,11787,,,,,,
161,2013-07-08 09:36:00,2920,9594.915,43.299,9.74022e+23,4.5667e+22,-0.00013255,10.132,6612914000000,-0.00033973,44.036,87623840000000,4276.509,53.355,109.367,0.15905927,2937.10498,4.754,106.718,67.396,11788,,,,,,
162,2013-07-08 09:48:00,2920,9561.781,43.487,9.709125e+23,4.54561e+22,-0.00031246,23.89,8198030000000,-0.000806,44.13,87512960000000,4241.396,53.467,109.074,0.19713637,2929.243652,4.759,106.871,67.838,11785,,,,,,
163,2013-07-08 09:48:00,2920,9561.781,43.487,9.709125e+23,4.54561e+22,-0.00031246,23.89,8198030000000,-0.000806,44.13,87512960000000,4241.396,53.467,109.074,0.19713637,2929.243652,4.759,106.871,67.838,11787,,,,,,
164,2013-07-08 09:48:00,2920,9561.781,43.487,9.709125e+23,4.54561e+22,-0.00031246,23.89,8198030000000,-0.000806,44.13,87512960000000,4241.396,53.467,109.074,0.19713637,2929.243652,4.759,106.871,67.838,11788,,,,,,
165,2013-07-08 10:00:00,2920,9506.438,43.609,9.691814e+23,4.547626e+22,-0.00038146,29.282,8010409000000,-0.00099147,44.17,87083320000000,4216.018,53.43,108.855,0.19185404,2943.071533,4.764,106.624,67.474,11785,,,,,,
166,2013-07-08 10:00:00,2920,9506.438,43.609,9.691814e+23,4.547626e+22,-0.00038146,29.282,8010409000000,-0.00099147,44.17,87083320000000,4216.018,53.43,108.855,0.19185404,2943.071533,4.764,106.624,67.474,11787,,,,,,
167,2013-07-08 10:00:00,2920,9506.438,43.609,9.691814e+23,4.547626e+22,-0.00038146,29.282,8010409000000,-0.00099147,44.17,87083320000000,4216.018,53.43,108.855,0.19185404,2943.071533,4.764,106.624,67.474,11788,,,,,,
168,2013-07-08 10:12:00,2920,9526.439,43.548,9.663875e+23,4.521711e+22,-0.00032406,24.753,5867530000000,-0.00084514,44.199,86778160000000,4198.405,53.438,108.396,0.14123541,2938.431152,4.784,106.424,67.472,11785,,,,,,
169,2013-07-08 10:12:00,2920,9526.439,43.548,9.663875e+23,4.521711e+22,-0.00032406,24.753,5867530000000,-0.00084514,44.199,86778160000000,4198.405,53.438,108.396,0.14123541,2938.431152,4.784,106.424,67.472,11787,,,,,,
170,2013-07-08 10:12:00,2920,9526.439,43.548,9.663875e+23,4.521711e+22,-0.00032406,24.753,5867530000000,-0.00084514,44.199,86778160000000,4198.405,53.438,108.396,0.14123541,2938.431152,4.784,106.424,67.472,11788,,,,,,
171,2013-11-21 16:00:00,3366,1287.387,1.692,1.043793e+23,4.012859e+22,0.0022197,135.504,8253061000000,0.00772983,17.416,28255840000000,1380.888,21.924,73.536,-0.14180258,425.634155,3.177,72.952,25.71,11895,,,,,,
172,2013-11-21 16:00:00,3366,1287.387,1.692,1.043793e+23,4.012859e+22,0.0022197,135.504,8253061000000,0.00772983,17.416,28255840000000,1380.888,21.924,73.536,-0.14180258,425.634155,3.177,72.952,25.71,11897,,,,,,
173,2013-11-21 16:12:00,3366,1289.316,1.768,1.052463e+23,4.024532e+22,0.00274687,168.833,9359082000000,0.00963738,17.562,28812430000000,1404.375,21.759,72.027,-0.16023844,405.893036,3.336,71.537,24.269,11895,,,,,,
174,2013-11-21 16:12:00,3366,1289.316,1.768,1.052463e+23,4.024532e+22,0.00274687,168.833,9359082000000,0.00963738,17.562,28812430000000,1404.375,21.759,72.027,-0.16023844,405.893036,3.336,71.537,24.269,11897,,,,,,
175,2013-11-21 16:24:00,3366,1286.144,1.748,1.042682e+23,4.007575e+22,0.00149811,91.452,5219480000000,0.00521371,17.332,27910660000000,1382.875,21.917,75.316,-0.0484266,421.582489,3.33,74.759,25.919,11895,,,,,,
176,2013-11-21 16:24:00,3366,1286.144,1.748,1.042682e+23,4.007575e+22,0.00149811,91.452,5219480000000,0.00521371,17.332,27910660000000,1382.875,21.917,75.316,-0.0484266,421.582489,3.33,74.759,25.919,11897,,,,,,
177,2013-11-21 16:36:00,3366,1263.13,1.857,1.038083e+23,4.029408e+22,0.00129382,80.063,4193289000000,0.00456544,17.281,28364840000000,1388.086,22.097,75.23,-0.05134042,414.64978,3.362,74.481,26.255,11895,,,,,,
178,2013-11-21 16:36:00,3366,1263.13,1.857,1.038083e+23,4.029408e+22,0.00129382,80.063,4193289000000,0.00456544,17.281,28364840000000,1388.086,22.097,75.23,-0.05134042,414.64978,3.362,74.481,26.255,11897,,,,,,
179,2013-11-21 16:00:00,3376,19292.24,40.576,1.416223e+24,4.087448e+22,-0.00913871,505.106,9648657000000,-0.01284668,42.389,53708150000000,3417.424,48.529,99.539,-0.11029996,1978.549927,4.352,95.452,51.857,11899,,,,,,
180,2013-11-21 16:00:00,3376,19292.24,40.576,1.416223e+24,4.087448e+22,-0.00913871,505.106,9648657000000,-0.01284668,42.389,53708150000000,3417.424,48.529,99.539,-0.11029996,1978.549927,4.352,95.452,51.857,11904,,,,,,
181,2013-11-21 16:12:00,3376,19097.1,40.495,1.419576e+24,4.096599e+22,-0.00839047,469.632,5820760000000,-0.01201819,42.435,54419830000000,3364.238,48.509,96.346,-0.03909833,1958.483276,4.303,92.837,50.608,11899,,,,,,
182,2013-11-21 16:12:00,3376,19097.1,40.495,1.419576e+24,4.096599e+22,-0.00839047,469.632,5820760000000,-0.01201819,42.435,54419830000000,3364.238,48.509,96.346,-0.03909833,1958.483276,4.303,92.837,50.608,11904,,,,,,
183,2013-11-21 16:24:00,3376,19389.91,40.668,1.418655e+24,4.092306e+22,-0.00952316,524.631,11120820000000,-0.01336098,42.31,53116770000000,3269.064,48.442,99.638,-0.03112585,1958.193726,4.403,95.072,50.996,11899,,,,,,
184,2013-11-21 16:24:00,3376,19389.91,40.668,1.418655e+24,4.092306e+22,-0.00952316,524.631,11120820000000,-0.01336098,42.31,53116770000000,3269.064,48.442,99.638,-0.03112585,1958.193726,4.403,95.072,50.996,11904,,,,,,
185,2013-11-21 16:36:00,3376,19346.24,41.379,1.426534e+24,4.079349e+22,-0.0098777,548.44,12486520000000,-0.01406395,42.859,54003100000000,3313.731,48.865,99.601,-0.11305571,1959.483887,4.413,95.098,51.097,11899,,,,,,
186,2013-11-21 16:36:00,3376,19346.24,41.379,1.426534e+24,4.079349e+22,-0.0098777,548.44,12486520000000,-0.01406395,42.859,54003100000000,3313.731,48.865,99.601,-0.11305571,1959.483887,4.413,95.098,51.097,11904,,,,,,
187,2013-11-21 16:48:00,3376,19058.39,40.835,1.426012e+24,4.111024e+22,-0.00918907,517.694,10609720000000,-0.01329252,42.662,54494620000000,3204.957,48.504,98.268,0.0248939,1961.742798,4.396,93.983,50.48,11899,,,,,,
188,2013-11-21 16:48:00,3376,19058.39,40.835,1.426012e+24,4.111024e+22,-0.00918907,517.694,10609720000000,-0.01329252,42.662,54494620000000,3204.957,48.504,98.268,0.0248939,1961.742798,4.396,93.983,50.48,11904,,,,,,
189,2013-11-21 17:00:00,3376,18801.72,40.802,1.433599e+24,4.141852e+22,-0.00872739,501.066,8511211000000,-0.01293136,42.641,56152980000000,3388.456,48.254,99.666,0.02257099,1964.258545,4.393,94.997,49.978,11899,,,,,,
190,2013-11-21 17:00:00,3376,18801.72,40.802,1.433599e+24,4.141852e+22,-0.00872739,501.066,8511211000000,-0.01293136,42.641,56152980000000,3388.456,48.254,99.666,0.02257099,1964.258545,4.393,94.997,49.978,11904,,,,,,
191,2013-11-21 17:12:00,3376,18278.94,40.568,1.434448e+24,4.197179e+22,-0.00839205,495.869,9810621000000,-0.01272406,42.671,56971710000000,3348.84,48.262,98.309,0.00263462,1953.654053,4.399,93.471,49.182,11899,,,,,,
192,2013-11-21 17:12:00,3376,18278.94,40.568,1.434448e+24,4.197179e+22,-0.00839205,495.869,9810621000000,-0.01272406,42.671,56971710000000,3348.84,48.262,98.309,0.00263462,1953.654053,4.399,93.471,49.182,11904,,,,,,
193,2013-11-21 17:24:00,3376,18084.94,40.383,1.437573e+24,4.209021e+22,-0.00799071,478.268,8393949000000,-0.01233698,42.634,57242750000000,3288.041,48.2,98.178,0.01970378,1951.566772,4.355,93.541,48.957,11899,,,,,,
194,2013-11-21 17:24:00,3376,18084.94,40.383,1.437573e+24,4.209021e+22,-0.00799071,478.268,8393949000000,-0.01233698,42.634,57242750000000,3288.041,48.2,98.178,0.01970378,1951.566772,4.355,93.541,48.957,11904,,,,,,
195,2013-11-21 17:36:00,3376,17566.4,40.253,1.433821e+24,4.262835e+22,-0.00770408,473.485,10154450000000,-0.01209637,42.582,57035810000000,3121.198,48.175,96.749,0.07177361,1940.439697,4.426,92.532,48.624,11899,,,,,,
196,2013-11-21 17:36:00,3376,17566.4,40.253,1.433821e+24,4.262835e+22,-0.00770408,473.485,10154450000000,-0.01209637,42.582,57035810000000,3121.198,48.175,96.749,0.07177361,1940.439697,4.426,92.532,48.624,11904,,,,,,
197,2013-12-18 23:36:00,3473,4482.619,15.108,3.911674e+23,4.587195e+22,0.00283428,186.223,5162057000000,0.00721756,27.18,41211790000000,2189.242,32.911,85.598,-0.15430075,1036.34314,4.19,77.765,35.418,11917,,,,,,
198,2013-12-18 23:36:00,3473,4482.619,15.108,3.911674e+23,4.587195e+22,0.00283428,186.223,5162057000000,0.00721756,27.18,41211790000000,2189.242,32.911,85.598,-0.15430075,1036.34314,4.19,77.765,35.418,11918,,,,,,
199,2013-12-18 23:48:00,3473,4572.916,14.896,3.96484e+23,4.566411e+22,0.00307574,200.797,6599064000000,0.00781199,27.114,40677410000000,2186.585,33.106,85.527,-0.09939004,1044.360229,4.432,77.499,35.475,11917,,,,,,
200,2013-12-18 23:48:00,3473,4572.916,14.896,3.96484e+23,4.566411e+22,0.00307574,200.797,6599064000000,0.00781199,27.114,40677410000000,2186.585,33.106,85.527,-0.09939004,1044.360229,4.432,77.499,35.475,11918,,,,,,
201,2013-12-19 00:00:00,3473,4415.458,14.268,3.830078e+23,4.582921e+22,0.00299082,195.333,4572621000000,0.00757484,26.506,40433800000000,2192.546,32.62,83.465,-0.08815864,1028.420654,4.465,76.606,35.448,11917,,,,,,
202,2013-12-19 00:00:00,3473,4415.458,14.268,3.830078e+23,4.582921e+22,0.00299082,195.333,4572621000000,0.00757484,26.506,40433800000000,2192.546,32.62,83.465,-0.08815864,1028.420654,4.465,76.606,35.448,11918,,,,,,
203,2013-12-19 00:12:00,3473,4534.176,14.951,3.934624e+23,4.557573e+22,0.00268916,175.71,4694255000000,0.00686922,26.944,41165330000000,2208.062,32.801,86.05,-0.09104401,1028.688477,4.415,77.664,35.505,11917,,,,,,
204,2013-12-19 00:12:00,3473,4534.176,14.951,3.934624e+23,4.557573e+22,0.00268916,175.71,4694255000000,0.00686922,26.944,41165330000000,2208.062,32.801,86.05,-0.09104401,1028.688477,4.415,77.664,35.505,11918,,,,,,
205,2013-12-19 00:24:00,3473,4442.605,14.883,3.894751e+23,4.575093e+22,0.00286738,189.278,4723545000000,0.00739125,27.265,41463020000000,2213.434,32.816,86.347,-0.1397697,1002.988098,4.38,77.745,35.236,11917,,,,,,
206,2013-12-19 00:24:00,3473,4442.605,14.883,3.894751e+23,4.575093e+22,0.00286738,189.278,4723545000000,0.00739125,27.265,41463020000000,2213.434,32.816,86.347,-0.1397697,1002.988098,4.38,77.745,35.236,11918,,,,,,
207,2013-12-19 00:36:00,3473,4348.744,14.606,3.794676e+23,4.551596e+22,0.0030772,202.181,7391495000000,0.00792838,26.947,40433640000000,2175.245,32.587,84.302,-0.12679705,978.489929,4.546,76.299,34.696,11917,,,,,,
208,2013-12-19 00:36:00,3473,4348.744,14.606,3.794676e+23,4.551596e+22,0.0030772,202.181,7391495000000,0.00792838,26.947,40433640000000,2175.245,32.587,84.302,-0.12679705,978.489929,4.546,76.299,34.696,11918,,,,,,
209,2013-12-19 00:48:00,3473,4416.884,14.823,3.813074e+23,4.510462e+22,0.00327311,212.756,8989670000000,0.00843732,26.871,40768140000000,2186.368,32.691,84.987,-0.13519004,965.044434,4.538,76.678,34.943,11917,,,,,,
210,2013-12-19 00:48:00,3473,4416.884,14.823,3.813074e+23,4.510462e+22,0.00327311,212.756,8989670000000,0.00843732,26.871,40768140000000,2186.368,32.691,84.987,-0.13519004,965.044434,4.538,76.678,34.943,11918,,,,,,
211,2013-12-19 01:00:00,3473,4409.847,14.072,3.770162e+23,4.491636e+22,0.00357768,230.306,10048060000000,0.00918464,26.613,40122330000000,2160.819,32.341,84.01,-0.10946695,958.708984,4.4,76.398,34.768,11917,,,,,,
212,2013-12-19 01:00:00,3473,4409.847,14.072,3.770162e+23,4.491636e+22,0.00357768,230.306,10048060000000,0.00918464,26.613,40122330000000,2160.819,32.341,84.01,-0.10946695,958.708984,4.4,76.398,34.768,11918,,,,,,
213,2013-12-19 01:12:00,3473,4486.768,14.738,3.846829e+23,4.480801e+22,0.00301717,194.773,8280834000000,0.00778769,26.866,40441740000000,2162.644,32.709,85.219,-0.15641956,964.785095,4.413,76.577,34.857,11917,,,,,,
214,2013-12-19 01:12:00,3473,4486.768,14.738,3.846829e+23,4.480801e+22,0.00301717,194.773,8280834000000,0.00778769,26.866,40441740000000,2162.644,32.709,85.219,-0.15641956,964.785095,4.413,76.577,34.857,11918,,,,,,
215,2014-05-04 14:48:00,4071,8639.071,27.786,6.181348e+23,4.007906e+22,-0.01470575,792.287,31137810000000,-0.02980932,34.923,48513710000000,2887.35,41.525,100.767,-0.18491957,1297.351685,4.648,94.648,50.976,12047,,,,,,
216,2014-05-04 14:48:00,4071,8639.071,27.786,6.181348e+23,4.007906e+22,-0.01470575,792.287,31137810000000,-0.02980932,34.923,48513710000000,2887.35,41.525,100.767,-0.18491957,1297.351685,4.648,94.648,50.976,12051,2014-05-06 08:40:00,M,2014-05-06 09:12:00,CME,,
219,2014-11-11 06:00:00,4800,3484.197,12.746,2.848392e+23,4.004017e+22,0.00226035,139.136,3034179000000,0.00690002,27.415,46663760000000,2219.419,32.993,95.509,-0.00044907,1207.938232,4.227,91.768,41.136,12207,,,,,,
220,2014-11-11 06:00:00,4800,3484.197,12.746,2.848392e+23,4.004017e+22,0.00226035,139.136,3034179000000,0.00690002,27.415,46663760000000,2219.419,32.993,95.509,-0.00044907,1207.938232,4.227,91.768,41.136,12208,,,,,,
221,2014-11-11 06:12:00,4800,3472.649,13.044,2.876906e+23,4.02345e+22,0.00197751,123.359,2128562000000,0.0061163,27.639,47334640000000,2228.903,33.188,95.063,-0.00602377,1194.57959,4.199,91.456,41.01,12207,,,,,,
222,2014-11-11 06:12:00,4800,3472.649,13.044,2.876906e+23,4.02345e+22,0.00197751,123.359,2128562000000,0.0061163,27.639,47334640000000,2228.903,33.188,95.063,-0.00602377,1194.57959,4.199,91.456,41.01,12208,,,,,,
223,2014-11-11 06:24:00,4800,3457.843,13.34,2.902021e+23,4.050183e+22,0.00210521,133.037,1555517000000,0.006571,27.848,47902690000000,2241.747,33.339,94.914,0.01200663,1198.369873,4.214,91.522,41.126,12207,,,,,,
224,2014-11-11 06:24:00,4800,3457.843,13.34,2.902021e+23,4.050183e+22,0.00210521,133.037,1555517000000,0.006571,27.848,47902690000000,2241.747,33.339,94.914,0.01200663,1198.369873,4.214,91.522,41.126,12208,,,,,,
225,2014-11-11 06:36:00,4800,3437.938,13.399,2.915221e+23,4.070347e+22,0.00213103,136.06,2512150000000,0.00669628,27.949,48734570000000,2260.014,33.452,94.496,-0.01213535,1204.132935,4.225,91.209,41.157,12207,,,,,,
226,2014-11-11 06:36:00,4800,3437.938,13.399,2.915221e+23,4.070347e+22,0.00213103,136.06,2512150000000,0.00669628,27.949,48734570000000,2260.014,33.452,94.496,-0.01213535,1204.132935,4.225,91.209,41.157,12208,,,,,,
227,2014-11-11 06:48:00,4800,3496.67,13.416,2.972918e+23,4.081056e+22,0.00232871,149.081,2978418000000,0.00730256,28.072,49545080000000,2306.344,33.544,94.636,0.00373205,1208.038818,4.195,91.388,41.547,12207,,,,,,
228,2014-11-11 06:48:00,4800,3496.67,13.416,2.972918e+23,4.081056e+22,0.00232871,149.081,2978418000000,0.00730256,28.072,49545080000000,2306.344,33.544,94.636,0.00373205,1208.038818,4.195,91.388,41.547,12208,,,,,,
229,2014-11-11 07:00:00,4800,3532.647,13.531,3.005851e+23,4.094752e+22,0.00232655,149.057,3024182000000,0.00725206,28.344,50018130000000,2317.88,33.598,94.931,-0.02739592,1199.290039,4.227,91.582,41.769,12207,,,,,,
230,2014-11-11 07:00:00,4800,3532.647,13.531,3.005851e+23,4.094752e+22,0.00232655,149.057,3024182000000,0.00725206,28.344,50018130000000,2317.88,33.598,94.931,-0.02739592,1199.290039,4.227,91.582,41.769,12208,,,,,,
231,2014-11-11 07:12:00,4800,3538.991,13.733,3.023046e+23,4.113331e+22,0.00213693,137.447,1921779000000,0.00663711,28.538,50792200000000,2328.701,33.782,96.029,0.01539396,1222.337891,4.25,92.342,42.021,12207,,,,,,
232,2014-11-11 07:12:00,4800,3538.991,13.733,3.023046e+23,4.113331e+22,0.00213693,137.447,1921779000000,0.00663711,28.538,50792200000000,2328.701,33.782,96.029,0.01539396,1222.337891,4.25,92.342,42.021,12208,,,,,,
233,2015-02-01 05:00:00,5127,5956.504,23.289,5.885967e+23,4.801844e+22,-0.00043015,32.005,3657360000000,-0.00116777,33.452,70341100000000,3427.227,40.061,111.252,0.09235674,2273.071289,4.577,108.582,53.912,12277,2015-01-28 21:32:00,M,,,,
234,2015-02-01 05:00:00,5127,5956.504,23.289,5.885967e+23,4.801844e+22,-0.00043015,32.005,3657360000000,-0.00116777,33.452,70341100000000,3427.227,40.061,111.252,0.09235674,2273.071289,4.577,108.582,53.912,12277,2015-01-30 12:10:00,M,,,,
235,2015-02-01 05:00:00,5127,5956.504,23.289,5.885967e+23,4.801844e+22,-0.00043015,32.005,3657360000000,-0.00116777,33.452,70341100000000,3427.227,40.061,111.252,0.09235674,2273.071289,4.577,108.582,53.912,12277,2015-02-04 02:10:00,M,,,,
236,2015-02-01 05:12:00,5127,5931.326,23.009,5.907875e+23,4.817782e+22,6.319e-05,4.739,7221131000000,0.00017252,33.414,72006420000000,3474.26,40.103,111.556,0.01563153,2271.228516,4.542,109.087,54.226,12277,2015-01-28 21:32:00,M,,,,
237,2015-02-01 05:12:00,5127,5931.326,23.009,5.907875e+23,4.817782e+22,6.319e-05,4.739,7221131000000,0.00017252,33.414,72006420000000,3474.26,40.103,111.556,0.01563153,2271.228516,4.542,109.087,54.226,12277,2015-01-30 12:10:00,M,,,,
238,2015-02-01 05:12:00,5127,5931.326,23.009,5.907875e+23,4.817782e+22,6.319e-05,4.739,7221131000000,0.00017252,33.414,72006420000000,3474.26,40.103,111.556,0.01563153,2271.228516,4.542,109.087,54.226,12277,2015-02-04 02:10:00,M,,,,
239,2015-02-01 05:24:00,5127,6030.062,23.692,5.948323e+23,4.778004e+22,-3.529e-05,2.622,6819296000000,-9.585e-05,33.657,71814290000000,3484.13,40.357,111.842,0.05060272,2270.977295,4.528,109.145,54.572,12277,2015-01-28 21:32:00,M,,,,
240,2015-02-01 05:24:00,5127,6030.062,23.692,5.948323e+23,4.778004e+22,-3.529e-05,2.622,6819296000000,-9.585e-05,33.657,71814290000000,3484.13,40.357,111.842,0.05060272,2270.977295,4.528,109.145,54.572,12277,2015-01-30 12:10:00,M,,,,
241,2015-02-01 05:24:00,5127,6030.062,23.692,5.948323e+23,4.778004e+22,-3.529e-05,2.622,6819296000000,-9.585e-05,33.657,71814290000000,3484.13,40.357,111.842,0.05060272,2270.977295,4.528,109.145,54.572,12277,2015-02-04 02:10:00,M,,,,
242,2015-02-01 05:36:00,5127,5975.688,24.067,5.95714e+23,4.801163e+22,5.667e-05,4.254,7450315000000,0.00015476,33.871,74060620000000,3559.662,40.554,112.015,0.05925164,2278.230469,4.616,109.138,54.638,12277,2015-01-28 21:32:00,M,,,,
243,2015-02-01 05:36:00,5127,5975.688,24.067,5.95714e+23,4.801163e+22,5.667e-05,4.254,7450315000000,0.00015476,33.871,74060620000000,3559.662,40.554,112.015,0.05925164,2278.230469,4.616,109.138,54.638,12277,2015-01-30 12:10:00,M,,,,
244,2015-02-01 05:36:00,5127,5975.688,24.067,5.95714e+23,4.801163e+22,5.667e-05,4.254,7450315000000,0.00015476,33.871,74060620000000,3559.662,40.554,112.015,0.05925164,2278.230469,4.616,109.138,54.638,12277,2015-02-04 02:10:00,M,,,,
245,2015-02-01 05:48:00,5127,6032.362,23.93,5.942019e+23,4.78096e+22,0.0002178,16.155,10907100000000,0.00058741,33.802,75029380000000,3607.051,40.437,113.107,0.06441892,2281.161621,4.566,110.117,55.123,12277,2015-01-28 21:32:00,M,,,,
246,2015-02-01 05:48:00,5127,6032.362,23.93,5.942019e+23,4.78096e+22,0.0002178,16.155,10907100000000,0.00058741,33.802,75029380000000,3607.051,40.437,113.107,0.06441892,2281.161621,4.566,110.117,55.123,12277,2015-01-30 12:10:00,M,,,,
247,2015-02-01 05:48:00,5127,6032.362,23.93,5.942019e+23,4.78096e+22,0.0002178,16.155,10907100000000,0.00058741,33.802,75029380000000,3607.051,40.437,113.107,0.06441892,2281.161621,4.566,110.117,55.123,12277,2015-02-04 02:10:00,M,,,,
248,2015-02-01 06:00:00,5127,6113.423,23.893,5.915183e+23,4.724961e+22,-5.805e-05,4.229,9669867000000,-0.00015452,33.812,74943480000000,3634.233,40.559,113.711,0.11891849,2275.408203,4.579,110.605,55.363,12277,2015-01-28 21:32:00,M,,,,
249,2015-02-01 06:00:00,5127,6113.423,23.893,5.915183e+23,4.724961e+22,-5.805e-05,4.229,9669867000000,-0.00015452,33.812,74943480000000,3634.233,40.559,113.711,0.11891849,2275.408203,4.579,110.605,55.363,12277,2015-01-30 12:10:00,M,,,,
250,2015-02-01 06:00:00,5127,6113.423,23.893,5.915183e+23,4.724961e+22,-5.805e-05,4.229,9669867000000,-0.00015452,33.812,74943480000000,3634.233,40.559,113.711,0.11891849,2275.408203,4.579,110.605,55.363,12277,2015-02-04 02:10:00,M,,,,
251,2015-02-01 06:12:00,5127,6227.489,23.866,5.906623e+23,4.682469e+22,0.00021931,15.663,10563980000000,0.00057444,33.767,76145670000000,3687.587,40.523,115.379,0.09159724,2282.527344,4.598,112.008,56.234,12277,2015-01-28 21:32:00,M,,,,
252,2015-02-01 06:12:00,5127,6227.489,23.866,5.906623e+23,4.682469e+22,0.00021931,15.663,10563980000000,0.00057444,33.767,76145670000000,3687.587,40.523,115.379,0.09159724,2282.527344,4.598,112.008,56.234,12277,2015-01-30 12:10:00,M,,,,
253,2015-02-01 06:12:00,5127,6227.489,23.866,5.906623e+23,4.682469e+22,0.00021931,15.663,10563980000000,0.00057444,33.767,76145670000000,3687.587,40.523,115.379,0.09159724,2282.527344,4.598,112.008,56.234,12277,2015-02-04 02:10:00,M,,,,
254,2015-02-01 06:24:00,5127,6386.029,24.102,5.862016e+23,4.597347e+22,-0.00035096,24.258,7743624000000,-0.00089823,33.846,75870330000000,3747.626,40.468,116.448,0.12023189,2280.517334,4.595,113.039,57.035,12277,2015-01-28 21:32:00,M,,,,
255,2015-02-01 06:24:00,5127,6386.029,24.102,5.862016e+23,4.597347e+22,-0.00035096,24.258,7743624000000,-0.00089823,33.846,75870330000000,3747.626,40.468,116.448,0.12023189,2280.517334,4.595,113.039,57.035,12277,2015-01-30 12:10:00,M,,,,
256,2015-02-01 06:24:00,5127,6386.029,24.102,5.862016e+23,4.597347e+22,-0.00035096,24.258,7743624000000,-0.00089823,33.846,75870330000000,3747.626,40.468,116.448,0.12023189,2280.517334,4.595,113.039,57.035,12277,2015-02-04 02:10:00,M,,,,
257,2015-02-01 06:36:00,5127,6564.917,24.058,5.809134e+23,4.505237e+22,-0.00044454,29.619,7169141000000,-0.00111029,33.725,74333580000000,3731.12,40.369,117.57,0.17384149,2281.43457,4.586,113.819,57.613,12277,2015-01-28 21:32:00,M,,,,
258,2015-02-01 06:36:00,5127,6564.917,24.058,5.809134e+23,4.505237e+22,-0.00044454,29.619,7169141000000,-0.00111029,33.725,74333580000000,3731.12,40.369,117.57,0.17384149,2281.43457,4.586,113.819,57.613,12277,2015-01-30 12:10:00,M,,,,
259,2015-02-01 06:36:00,5127,6564.917,24.058,5.809134e+23,4.505237e+22,-0.00044454,29.619,7169141000000,-0.00111029,33.725,74333580000000,3731.12,40.369,117.57,0.17384149,2281.43457,4.586,113.819,57.613,12277,2015-02-04 02:10:00,M,,,,
260,2015-02-01 06:48:00,5127,6557.115,23.891,5.661683e+23,4.448969e+22,-0.0009606,62.454,3694259000000,-0.0023585,33.634,73725800000000,3743.531,40.11,118.403,0.11121677,2298.415039,4.639,114.687,58.068,12277,2015-01-28 21:32:00,M,,,,
261,2015-02-01 06:48:00,5127,6557.115,23.891,5.661683e+23,4.448969e+22,-0.0009606,62.454,3694259000000,-0.0023585,33.634,73725800000000,3743.531,40.11,118.403,0.11121677,2298.415039,4.639,114.687,58.068,12277,2015-01-30 12:10:00,M,,,,
262,2015-02-01 06:48:00,5127,6557.115,23.891,5.661683e+23,4.448969e+22,-0.0009606,62.454,3694259000000,-0.0023585,33.634,73725800000000,3743.531,40.11,118.403,0.11121677,2298.415039,4.639,114.687,58.068,12277,2015-02-04 02:10:00,M,,,,
263,2015-06-17 13:48:00,5692,12195.75,37.839,9.745114e+23,4.5937e+22,-0.00755743,454.708,20149890000000,-0.01324191,40.429,49216710000000,2924.306,46.467,84.994,-0.02418012,1495.361328,4.543,74.406,46.494,12371,2015-06-18 16:33:00,M,2015-06-18 17:24:00,CME,,
264,2015-06-17 13:48:00,5692,12195.75,37.839,9.745114e+23,4.5937e+22,-0.00755743,454.708,20149890000000,-0.01324191,40.429,49216710000000,2924.306,46.467,84.994,-0.02418012,1495.361328,4.543,74.406,46.494,12371,2015-06-20 06:28:00,M,,,,
265,2015-06-17 13:48:00,5692,12195.75,37.839,9.745114e+23,4.5937e+22,-0.00755743,454.708,20149890000000,-0.01324191,40.429,49216710000000,2924.306,46.467,84.994,-0.02418012,1495.361328,4.543,74.406,46.494,12371,2015-06-21 01:02:00,M,,,,
269,2015-06-17 13:48:00,5692,12195.75,37.839,9.745114e+23,4.5937e+22,-0.00755743,454.708,20149890000000,-0.01324191,40.429,49216710000000,2924.306,46.467,84.994,-0.02418012,1495.361328,4.543,74.406,46.494,12371,2015-06-24 15:14:00,C,,,,
276,2015-06-17 14:00:00,5692,12233.29,38.48,9.828561e+23,4.592959e+22,-0.00645251,390.344,16223740000000,-0.0113452,40.761,49621110000000,2959.328,46.959,83.878,-0.0861452,1503.894775,4.549,74.33,46.611,12371,2015-06-18 16:33:00,M,2015-06-18 17:24:00,CME,,
277,2015-06-17 14:00:00,5692,12233.29,38.48,9.828561e+23,4.592959e+22,-0.00645251,390.344,16223740000000,-0.0113452,40.761,49621110000000,2959.328,46.959,83.878,-0.0861452,1503.894775,4.549,74.33,46.611,12371,2015-06-20 06:28:00,M,,,,
278,2015-06-17 14:00:00,5692,12233.29,38.48,9.828561e+23,4.592959e+22,-0.00645251,390.344,16223740000000,-0.0113452,40.761,49621110000000,2959.328,46.959,83.878,-0.0861452,1503.894775,4.549,74.33,46.611,12371,2015-06-21 01:02:00,M,,,,
282,2015-06-17 14:00:00,5692,12233.29,38.48,9.828561e+23,4.592959e+22,-0.00645251,390.344,16223740000000,-0.0113452,40.761,49621110000000,2959.328,46.959,83.878,-0.0861452,1503.894775,4.549,74.33,46.611,12371,2015-06-24 15:14:00,C,,,,
289,2015-06-17 14:12:00,5692,12188.43,39.034,9.938846e+23,4.593827e+22,-0.0073866,453.537,20544220000000,-0.01323218,41.023,50196880000000,2942.961,47.247,83.617,-0.05474061,1489.501465,4.538,73.913,46.735,12371,2015-06-18 16:33:00,M,2015-06-18 17:24:00,CME,,
290,2015-06-17 14:12:00,5692,12188.43,39.034,9.938846e+23,4.593827e+22,-0.0073866,453.537,20544220000000,-0.01323218,41.023,50196880000000,2942.961,47.247,83.617,-0.05474061,1489.501465,4.538,73.913,46.735,12371,2015-06-20 06:28:00,M,,,,
291,2015-06-17 14:12:00,5692,12188.43,39.034,9.938846e+23,4.593827e+22,-0.0073866,453.537,20544220000000,-0.01323218,41.023,50196880000000,2942.961,47.247,83.617,-0.05474061,1489.501465,4.538,73.913,46.735,12371,2015-06-21 01:02:00,M,,,,
295,2015-06-17 14:12:00,5692,12188.43,39.034,9.938846e+23,4.593827e+22,-0.0073866,453.537,20544220000000,-0.01323218,41.023,50196880000000,2942.961,47.247,83.617,-0.05474061,1489.501465,4.538,73.913,46.735,12371,2015-06-24 15:14:00,C,,,,
302,2015-06-17 14:24:00,5692,12250.32,38.98,9.893814e+23,4.584389e+22,-0.00577103,350.942,15932750000000,-0.01020088,40.968,50091260000000,2958.458,47.244,83.641,-0.08083542,1494.039429,4.561,74.534,46.695,12371,2015-06-18 16:33:00,M,2015-06-18 17:24:00,CME,,
303,2015-06-17 14:24:00,5692,12250.32,38.98,9.893814e+23,4.584389e+22,-0.00577103,350.942,15932750000000,-0.01020088,40.968,50091260000000,2958.458,47.244,83.641,-0.08083542,1494.039429,4.561,74.534,46.695,12371,2015-06-20 06:28:00,M,,,,
304,2015-06-17 14:24:00,5692,12250.32,38.98,9.893814e+23,4.584389e+22,-0.00577103,350.942,15932750000000,-0.01020088,40.968,50091260000000,2958.458,47.244,83.641,-0.08083542,1494.039429,4.561,74.534,46.695,12371,2015-06-21 01:02:00,M,,,,
308,2015-06-17 14:24:00,5692,12250.32,38.98,9.893814e+23,4.584389e+22,-0.00577103,350.942,15932750000000,-0.01020088,40.968,50091260000000,2958.458,47.244,83.641,-0.08083542,1494.039429,4.561,74.534,46.695,12371,2015-06-24 15:14:00,C,,,,
315,2015-06-17 14:36:00,5692,12163.61,37.945,9.781295e+23,4.63686e+22,-0.00593104,359.124,17482270000000,-0.01033789,40.305,49423000000000,2982.2,46.453,83.588,-0.00105796,1491.178833,4.554,74.934,46.404,12371,2015-06-18 16:33:00,M,2015-06-18 17:24:00,CME,,
316,2015-06-17 14:36:00,5692,12163.61,37.945,9.781295e+23,4.63686e+22,-0.00593104,359.124,17482270000000,-0.01033789,40.305,49423000000000,2982.2,46.453,83.588,-0.00105796,1491.178833,4.554,74.934,46.404,12371,2015-06-20 06:28:00,M,,,,
317,2015-06-17 14:36:00,5692,12163.61,37.945,9.781295e+23,4.63686e+22,-0.00593104,359.124,17482270000000,-0.01033789,40.305,49423000000000,2982.2,46.453,83.588,-0.00105796,1491.178833,4.554,74.934,46.404,12371,2015-06-21 01:02:00,M,,,,
321,2015-06-17 14:36:00,5692,12163.61,37.945,9.781295e+23,4.63686e+22,-0.00593104,359.124,17482270000000,-0.01033789,40.305,49423000000000,2982.2,46.453,83.588,-0.00105796,1491.178833,4.554,74.934,46.404,12371,2015-06-24 15:14:00,C,,,,
328,2015-06-17 14:48:00,5692,12343.62,38.473,9.913265e+23,4.616645e+22,-0.0059621,360.522,15981130000000,-0.01039531,40.649,48702960000000,2939.155,46.92,83.681,-0.05917223,1495.119507,4.577,74.777,46.57,12371,2015-06-18 16:33:00,M,2015-06-18 17:24:00,CME,,
329,2015-06-17 14:48:00,5692,12343.62,38.473,9.913265e+23,4.616645e+22,-0.0059621,360.522,15981130000000,-0.01039531,40.649,48702960000000,2939.155,46.92,83.681,-0.05917223,1495.119507,4.577,74.777,46.57,12371,2015-06-20 06:28:00,M,,,,
330,2015-06-17 14:48:00,5692,12343.62,38.473,9.913265e+23,4.616645e+22,-0.0059621,360.522,15981130000000,-0.01039531,40.649,48702960000000,2939.155,46.92,83.681,-0.05917223,1495.119507,4.577,74.777,46.57,12371,2015-06-21 01:02:00,M,,,,
334,2015-06-17 14:48:00,5692,12343.62,38.473,9.913265e+23,4.616645e+22,-0.0059621,360.522,15981130000000,-0.01039531,40.649,48702960000000,2939.155,46.92,83.681,-0.05917223,1495.119507,4.577,74.777,46.57,12371,2015-06-24 15:14:00,C,,,,
341,2015-06-17 15:00:00,5692,12358.57,38.211,9.935119e+23,4.629078e+22,-0.00597966,361.949,17999320000000,-0.01038933,40.575,48699980000000,2933.893,47.017,83.538,0.04460474,1505.565796,4.545,74.977,46.57,12371,2015-06-18 16:33:00,M,2015-06-18 17:24:00,CME,,
342,2015-06-17 15:00:00,5692,12358.57,38.211,9.935119e+23,4.629078e+22,-0.00597966,361.949,17999320000000,-0.01038933,40.575,48699980000000,2933.893,47.017,83.538,0.04460474,1505.565796,4.545,74.977,46.57,12371,2015-06-20 06:28:00,M,,,,
343,2015-06-17 15:00:00,5692,12358.57,38.211,9.935119e+23,4.629078e+22,-0.00597966,361.949,17999320000000,-0.01038933,40.575,48699980000000,2933.893,47.017,83.538,0.04460474,1505.565796,4.545,74.977,46.57,12371,2015-06-21 01:02:00,M,,,,
347,2015-06-17 15:00:00,5692,12358.57,38.211,9.935119e+23,4.629078e+22,-0.00597966,361.949,17999320000000,-0.01038933,40.575,48699980000000,2933.893,47.017,83.538,0.04460474,1505.565796,4.545,74.977,46.57,12371,2015-06-24 15:14:00,C,,,,
354,2015-06-17 15:12:00,5692,12309.62,38.243,9.959525e+23,4.652655e+22,-0.00575683,350.723,17616010000000,-0.01001504,40.534,49113720000000,2936.369,46.912,83.5,0.01005263,1496.576538,4.524,75.166,46.502,12371,2015-06-18 16:33:00,M,2015-06-18 17:24:00,CME,,
355,2015-06-17 15:12:00,5692,12309.62,38.243,9.959525e+23,4.652655e+22,-0.00575683,350.723,17616010000000,-0.01001504,40.534,49113720000000,2936.369,46.912,83.5,0.01005263,1496.576538,4.524,75.166,46.502,12371,2015-06-20 06:28:00,M,,,,
356,2015-06-17 15:12:00,5692,12309.62,38.243,9.959525e+23,4.652655e+22,-0.00575683,350.723,17616010000000,-0.01001504,40.534,49113720000000,2936.369,46.912,83.5,0.01005263,1496.576538,4.524,75.166,46.502,12371,2015-06-21 01:02:00,M,,,,
360,2015-06-17 15:12:00,5692,12309.62,38.243,9.959525e+23,4.652655e+22,-0.00575683,350.723,17616010000000,-0.01001504,40.534,49113720000000,2936.369,46.912,83.5,0.01005263,1496.576538,4.524,75.166,46.502,12371,2015-06-24 15:14:00,C,,,,
367,2015-06-17 15:24:00,5692,12228.34,38.025,9.993314e+23,4.681429e+22,-0.00601752,370.282,17344800000000,-0.01050913,40.482,49848190000000,2956.737,46.89,83.823,0.03002798,1479.642456,4.528,75.173,46.384,12371,2015-06-18 16:33:00,M,2015-06-18 17:24:00,CME,,
368,2015-06-17 15:24:00,5692,12228.34,38.025,9.993314e+23,4.681429e+22,-0.00601752,370.282,17344800000000,-0.01050913,40.482,49848190000000,2956.737,46.89,83.823,0.03002798,1479.642456,4.528,75.173,46.384,12371,2015-06-20 06:28:00,M,,,,
369,2015-06-17 15:24:00,5692,12228.34,38.025,9.993314e+23,4.681429e+22,-0.00601752,370.282,17344800000000,-0.01050913,40.482,49848190000000,2956.737,46.89,83.823,0.03002798,1479.642456,4.528,75.173,46.384,12371,2015-06-21 01:02:00,M,,,,
373,2015-06-17 15:24:00,5692,12228.34,38.025,9.993314e+23,4.681429e+22,-0.00601752,370.282,17344800000000,-0.01050913,40.482,49848190000000,2956.737,46.89,83.823,0.03002798,1479.642456,4.528,75.173,46.384,12371,2015-06-24 15:14:00,C,,,,
380,2015-10-31 19:12:00,6063,11193.69,36.74,1.085702e+24,5.331063e+22,-0.00012273,8.963,4754524000000,-0.00022844,41.249,75236760000000,4153.034,47.334,103.312,-0.12563314,1804.466309,4.995,93.281,56.652,12443,2015-10-31 17:48:00,M,,,,
381,2015-10-31 19:12:00,6063,11193.69,36.74,1.085702e+24,5.331063e+22,-0.00012273,8.963,4754524000000,-0.00022844,41.249,75236760000000,4153.034,47.334,103.312,-0.12563314,1804.466309,4.995,93.281,56.652,12443,2015-11-03 18:43:00,C,,,,
383,2015-10-31 19:12:00,6063,11193.69,36.74,1.085702e+24,5.331063e+22,-0.00012273,8.963,4754524000000,-0.00022844,41.249,75236760000000,4153.034,47.334,103.312,-0.12563314,1804.466309,4.995,93.281,56.652,12447,,,,,,
384,2015-10-31 19:24:00,6063,11265.57,36.982,1.084894e+24,5.31422e+22,-2.426e-05,1.759,6434689000000,-4.482e-05,41.318,74900660000000,4158.489,47.29,103.936,-0.17124842,1805.412476,5.003,94.104,56.839,12443,2015-10-31 17:48:00,M,,,,
385,2015-10-31 19:24:00,6063,11265.57,36.982,1.084894e+24,5.31422e+22,-2.426e-05,1.759,6434689000000,-4.482e-05,41.318,74900660000000,4158.489,47.29,103.936,-0.17124842,1805.412476,5.003,94.104,56.839,12443,2015-11-03 18:43:00,C,,,,
387,2015-10-31 19:24:00,6063,11265.57,36.982,1.084894e+24,5.31422e+22,-2.426e-05,1.759,6434689000000,-4.482e-05,41.318,74900660000000,4158.489,47.29,103.936,-0.17124842,1805.412476,5.003,94.104,56.839,12447,,,,,,
388,2015-10-31 19:36:00,6063,11529.96,37.406,1.099224e+24,5.258935e+22,0.00085651,61.484,5935497000000,0.00157921,41.616,75837400000000,4169.26,47.651,105.017,-0.15956233,1811.79541,4.993,94.806,57.976,12443,2015-10-31 17:48:00,M,,,,
389,2015-10-31 19:36:00,6063,11529.96,37.406,1.099224e+24,5.258935e+22,0.00085651,61.484,5935497000000,0.00157921,41.616,75837400000000,4169.26,47.651,105.017,-0.15956233,1811.79541,4.993,94.806,57.976,12443,2015-11-03 18:43:00,C,,,,
391,2015-10-31 19:36:00,6063,11529.96,37.406,1.099224e+24,5.258935e+22,0.00085651,61.484,5935497000000,0.00157921,41.616,75837400000000,4169.26,47.651,105.017,-0.15956233,1811.79541,4.993,94.806,57.976,12447,,,,,,
392,2015-10-31 19:48:00,6063,11760.61,37.993,1.105329e+24,5.197402e+22,0.00058458,41.37,4581143000000,0.00107118,41.935,75412270000000,4134.546,47.998,104.393,-0.1249227,1807.541748,4.918,94.402,57.777,12443,2015-10-31 17:48:00,M,,,,
393,2015-10-31 19:48:00,6063,11760.61,37.993,1.105329e+24,5.197402e+22,0.00058458,41.37,4581143000000,0.00107118,41.935,75412270000000,4134.546,47.998,104.393,-0.1249227,1807.541748,4.918,94.402,57.777,12443,2015-11-03 18:43:00,C,,,,
395,2015-10-31 19:48:00,6063,11760.61,37.993,1.105329e+24,5.197402e+22,0.00058458,41.37,4581143000000,0.00107118,41.935,75412270000000,4134.546,47.998,104.393,-0.1249227,1807.541748,4.918,94.402,57.777,12447,,,,,,
396,2015-10-31 20:00:00,6063,11721.51,37.364,1.100051e+24,5.23115e+22,0.00160532,113.44,5965345000000,0.00292554,41.485,75131330000000,4208.733,47.535,104.984,-0.1629044,1802.004395,4.909,94.452,57.76,12443,2015-10-31 17:48:00,M,,,,
397,2015-10-31 20:00:00,6063,11721.51,37.364,1.100051e+24,5.23115e+22,0.00160532,113.44,5965345000000,0.00292554,41.485,75131330000000,4208.733,47.535,104.984,-0.1629044,1802.004395,4.909,94.452,57.76,12443,2015-11-03 18:43:00,C,,,,
399,2015-10-31 20:00:00,6063,11721.51,37.364,1.100051e+24,5.23115e+22,0.00160532,113.44,5965345000000,0.00292554,41.485,75131330000000,4208.733,47.535,104.984,-0.1629044,1802.004395,4.909,94.452,57.76,12447,,,,,,
400,2015-10-31 20:12:00,6063,11747.53,37.133,1.100621e+24,5.238996e+22,0.00110195,77.74,6774713000000,0.0020055,41.448,75025940000000,4213.707,47.418,104.969,-0.18532032,1813.600952,4.954,94.316,57.925,12443,2015-10-31 17:48:00,M,,,,
401,2015-10-31 20:12:00,6063,11747.53,37.133,1.100621e+24,5.238996e+22,0.00110195,77.74,6774713000000,0.0020055,41.448,75025940000000,4213.707,47.418,104.969,-0.18532032,1813.600952,4.954,94.316,57.925,12443,2015-11-03 18:43:00,C,,,,
403,2015-10-31 20:12:00,6063,11747.53,37.133,1.100621e+24,5.238996e+22,0.00110195,77.74,6774713000000,0.0020055,41.448,75025940000000,4213.707,47.418,104.969,-0.18532032,1813.600952,4.954,94.316,57.925,12447,,,,,,
404,2015-10-31 20:24:00,6063,11904.4,37.812,1.110179e+24,5.218206e+22,0.00156149,109.648,9270699000000,0.0028318,41.82,74902290000000,4227.238,47.704,105.043,-0.2547687,1822.455444,4.944,94.529,57.795,12443,2015-10-31 17:48:00,M,,,,
405,2015-10-31 20:24:00,6063,11904.4,37.812,1.110179e+24,5.218206e+22,0.00156149,109.648,9270699000000,0.0028318,41.82,74902290000000,4227.238,47.704,105.043,-0.2547687,1822.455444,4.944,94.529,57.795,12443,2015-11-03 18:43:00,C,,,,
407,2015-10-31 20:24:00,6063,11904.4,37.812,1.110179e+24,5.218206e+22,0.00156149,109.648,9270699000000,0.0028318,41.82,74902290000000,4227.238,47.704,105.043,-0.2547687,1822.455444,4.944,94.529,57.795,12447,,,,,,
408,2015-10-31 20:36:00,6063,11868.84,37.805,1.112553e+24,5.241477e+22,0.00113645,80.213,6901727000000,0.00206399,41.755,75574270000000,4257.112,47.674,105.216,-0.18869497,1833.126953,4.936,94.733,57.584,12443,2015-10-31 17:48:00,M,,,,
409,2015-10-31 20:36:00,6063,11868.84,37.805,1.112553e+24,5.241477e+22,0.00113645,80.213,6901727000000,0.00206399,41.755,75574270000000,4257.112,47.674,105.216,-0.18869497,1833.126953,4.936,94.733,57.584,12443,2015-11-03 18:43:00,C,,,,
411,2015-10-31 20:36:00,6063,11868.84,37.805,1.112553e+24,5.241477e+22,0.00113645,80.213,6901727000000,0.00206399,41.755,75574270000000,4257.112,47.674,105.216,-0.18869497,1833.126953,4.936,94.733,57.584,12447,,,,,,
412,2015-10-31 20:48:00,6063,11653.83,36.772,1.093204e+24,5.301954e+22,0.00120756,85.293,7464506000000,0.00218033,41.096,76798880000000,4360.738,46.997,105.518,-0.20392913,1834.7229,4.943,94.83,57.975,12443,2015-10-31 17:48:00,M,,,,
413,2015-10-31 20:48:00,6063,11653.83,36.772,1.093204e+24,5.301954e+22,0.00120756,85.293,7464506000000,0.00218033,41.096,76798880000000,4360.738,46.997,105.518,-0.20392913,1834.7229,4.943,94.83,57.975,12443,2015-11-03 18:43:00,C,,,,
415,2015-10-31 20:48:00,6063,11653.83,36.772,1.093204e+24,5.301954e+22,0.00120756,85.293,7464506000000,0.00218033,41.096,76798880000000,4360.738,46.997,105.518,-0.20392913,1834.7229,4.943,94.83,57.975,12447,,,,,,
434,2020-11-28 13:12:00,7477,14422.37,41.491,1.362794e+24,4.943773e+22,-0.00024082,17.134,11904790000000,-0.00044826,42.476,69481690000000,3263.148,49.207,107.855,0.08533999,2342.323975,4.683,102.158,56.365,12785,,,,,,
435,2020-11-28 13:12:00,7477,14422.37,41.491,1.362794e+24,4.943773e+22,-0.00024082,17.134,11904790000000,-0.00044826,42.476,69481690000000,3263.148,49.207,107.855,0.08533999,2342.323975,4.683,102.158,56.365,12786,,,,,,
436,2020-11-28 13:12:00,7477,14422.37,41.491,1.362794e+24,4.943773e+22,-0.00024082,17.134,11904790000000,-0.00044826,42.476,69481690000000,3263.148,49.207,107.855,0.08533999,2342.323975,4.683,102.158,56.365,12788,,,,,,
437,2020-11-28 13:24:00,7477,14419.51,41.829,1.366257e+24,4.948579e+22,-0.00048006,34.249,9896306000000,-0.00089557,42.645,70633090000000,3341.014,49.406,107.889,-0.0389574,2350.475342,4.643,102.074,56.578,12785,,,,,,
438,2020-11-28 13:24:00,7477,14419.51,41.829,1.366257e+24,4.948579e+22,-0.00048006,34.249,9896306000000,-0.00089557,42.645,70633090000000,3341.014,49.406,107.889,-0.0389574,2350.475342,4.643,102.074,56.578,12786,,,,,,
439,2020-11-28 13:24:00,7477,14419.51,41.829,1.366257e+24,4.948579e+22,-0.00048006,34.249,9896306000000,-0.00089557,42.645,70633090000000,3341.014,49.406,107.889,-0.0389574,2350.475342,4.643,102.074,56.578,12788,,,,,,
440,2020-11-28 13:36:00,7477,14439.54,41.974,1.36409e+24,4.939907e+22,-0.00025056,17.823,10651790000000,-0.00046645,42.74,71232800000000,3334.961,49.403,108.013,-0.01838676,2351.610596,4.644,102.306,56.855,12785,,,,,,
441,2020-11-28 13:36:00,7477,14439.54,41.974,1.36409e+24,4.939907e+22,-0.00025056,17.823,10651790000000,-0.00046645,42.74,71232800000000,3334.961,49.403,108.013,-0.01838676,2351.610596,4.644,102.306,56.855,12786,,,,,,
442,2020-11-28 13:36:00,7477,14439.54,41.974,1.36409e+24,4.939907e+22,-0.00025056,17.823,10651790000000,-0.00046645,42.74,71232800000000,3334.961,49.403,108.013,-0.01838676,2351.610596,4.644,102.306,56.855,12788,,,,,,
443,2020-11-28 13:48:00,7477,14509.63,41.898,1.365123e+24,4.933279e+22,-0.00014224,10.076,13326060000000,-0.00026374,42.776,71200060000000,3357.385,49.424,108.378,0.0126646,2357.881104,4.607,102.775,57.04,12785,,,,,,
444,2020-11-28 13:48:00,7477,14509.63,41.898,1.365123e+24,4.933279e+22,-0.00014224,10.076,13326060000000,-0.00026374,42.776,71200060000000,3357.385,49.424,108.378,0.0126646,2357.881104,4.607,102.775,57.04,12786,,,,,,
445,2020-11-28 13:48:00,7477,14509.63,41.898,1.365123e+24,4.933279e+22,-0.00014224,10.076,13326060000000,-0.00026374,42.776,71200060000000,3357.385,49.424,108.378,0.0126646,2357.881104,4.607,102.775,57.04,12788,,,,,,
446,2020-11-28 14:00:00,7477,14524.66,42.182,1.36455e+24,4.926304e+22,2.596e-05,1.837,13095450000000,4.813e-05,42.919,70501820000000,3321.054,49.454,108.147,0.04317032,2354.888916,4.603,102.393,56.675,12785,,,,,,
447,2020-11-28 14:00:00,7477,14524.66,42.182,1.36455e+24,4.926304e+22,2.596e-05,1.837,13095450000000,4.813e-05,42.919,70501820000000,3321.054,49.454,108.147,0.04317032,2354.888916,4.603,102.393,56.675,12786,,,,,,
448,2020-11-28 14:00:00,7477,14524.66,42.182,1.36455e+24,4.926304e+22,2.596e-05,1.837,13095450000000,4.813e-05,42.919,70501820000000,3321.054,49.454,108.147,0.04317032,2354.888916,4.603,102.393,56.675,12788,,,,,,
449,2020-11-28 14:12:00,7477,14410.99,42.159,1.363421e+24,4.92933e+22,0.00025442,18.124,14392640000000,0.00047513,42.965,70837640000000,3333.975,49.657,107.428,0.03161361,2370.324219,4.614,101.876,56.471,12785,,,,,,
450,2020-11-28 14:12:00,7477,14410.99,42.159,1.363421e+24,4.92933e+22,0.00025442,18.124,14392640000000,0.00047513,42.965,70837640000000,3333.975,49.657,107.428,0.03161361,2370.324219,4.614,101.876,56.471,12786,,,,,,
451,2020-11-28 14:12:00,7477,14410.99,42.159,1.363421e+24,4.92933e+22,0.00025442,18.124,14392640000000,0.00047513,42.965,70837640000000,3333.975,49.657,107.428,0.03161361,2370.324219,4.614,101.876,56.471,12788,,,,,,
452,2020-11-28 14:24:00,7477,14301.98,42.185,1.362909e+24,4.936791e+22,0.00037972,27.246,13903740000000,0.00071438,43.055,71505700000000,3320.96,49.708,107.347,0.00106821,2364.546631,4.578,101.524,56.295,12785,,,,,,
453,2020-11-28 14:24:00,7477,14301.98,42.185,1.362909e+24,4.936791e+22,0.00037972,27.246,13903740000000,0.00071438,43.055,71505700000000,3320.96,49.708,107.347,0.00106821,2364.546631,4.578,101.524,56.295,12786,,,,,,
454,2020-11-28 14:24:00,7477,14301.98,42.185,1.362909e+24,4.936791e+22,0.00037972,27.246,13903740000000,0.00071438,43.055,71505700000000,3320.96,49.708,107.347,0.00106821,2364.546631,4.578,101.524,56.295,12788,,,,,,
455,2020-11-28 14:36:00,7477,14248.14,42.771,1.369037e+24,4.933358e+22,0.00026556,19.213,13386280000000,0.00050467,43.334,71677200000000,3312.229,50.012,106.608,-0.02893368,2361.919922,4.607,100.922,56.146,12785,,,,,,
456,2020-11-28 14:36:00,7477,14248.14,42.771,1.369037e+24,4.933358e+22,0.00026556,19.213,13386280000000,0.00050467,43.334,71677200000000,3312.229,50.012,106.608,-0.02893368,2361.919922,4.607,100.922,56.146,12786,,,,,,
457,2020-11-28 14:36:00,7477,14248.14,42.771,1.369037e+24,4.933358e+22,0.00026556,19.213,13386280000000,0.00050467,43.334,71677200000000,3312.229,50.012,106.608,-0.02893368,2361.919922,4.607,100.922,56.146,12788,,,,,,
458,2020-11-28 14:48:00,7477,14247.89,42.292,1.373592e+24,4.941145e+22,0.00029134,21.149,15532190000000,0.00055535,43.14,71413050000000,3319.445,49.938,106.376,-0.00400029,2368.83374,4.61,100.589,56.058,12785,,,,,,
459,2020-11-28 14:48:00,7477,14247.89,42.292,1.373592e+24,4.941145e+22,0.00029134,21.149,15532190000000,0.00055535,43.14,71413050000000,3319.445,49.938,106.376,-0.00400029,2368.83374,4.61,100.589,56.058,12786,,,,,,
460,2020-11-28 14:48:00,7477,14247.89,42.292,1.373592e+24,4.941145e+22,0.00029134,21.149,15532190000000,0.00055535,43.14,71413050000000,3319.445,49.938,106.376,-0.00400029,2368.83374,4.61,100.589,56.058,12788,,,,,,
465,2021-12-15 10:12:00,7871,6625.823,25.887,5.533493e+23,4.418852e+22,-0.00113277,71.23,5162766000000,-0.00248645,34.658,58627180000000,3276.324,41.236,102.863,-0.13001063,1333.671631,4.78,91.908,49.774,12909,2021-12-16 03:44:00,C,2021-12-16 04:24:00,CME,,
472,2021-12-15 10:24:00,7871,6714.007,25.782,5.528229e+23,4.399057e+22,-0.00082592,51.207,5207436000000,-0.00180532,34.457,57665590000000,3255.784,41.489,102.142,-0.16477008,1359.010376,4.748,91.962,49.765,12909,2021-12-16 03:44:00,C,2021-12-16 04:24:00,CME,,
479,2021-12-15 10:36:00,7871,6708.956,25.0,5.457066e+23,4.399539e+22,-0.00042162,25.824,6245094000000,-0.00092656,33.995,57216990000000,3244.377,40.906,102.78,-0.20003265,1357.643921,4.761,92.054,50.243,12909,2021-12-16 03:44:00,C,2021-12-16 04:24:00,CME,,
486,2021-12-15 10:48:00,7871,6824.289,26.236,5.53049e+23,4.369687e+22,-9.838e-05,6.003,6493553000000,-0.0002176,34.472,57380590000000,3249.194,41.391,102.973,-0.20876154,1364.608276,4.717,92.268,50.733,12909,2021-12-16 03:44:00,C,2021-12-16 04:24:00,CME,,
493,2021-12-15 11:00:00,7871,6889.11,25.808,5.493815e+23,4.343502e+22,-0.00099112,59.515,7836433000000,-0.00207695,34.42,56776240000000,3237.531,41.164,104.316,-0.25602958,1373.246094,4.769,92.391,51.384,12909,2021-12-16 03:44:00,C,2021-12-16 04:24:00,CME,,
500,2021-12-15 11:12:00,7871,7010.165,26.103,5.515409e+23,4.346848e+22,-0.00085782,50.819,6734002000000,-0.00177246,34.159,56447600000000,3248.733,40.974,103.618,-0.22300528,1385.927612,4.795,92.776,51.25,12909,2021-12-16 03:44:00,C,2021-12-16 04:24:00,CME,,
507,2021-12-15 11:24:00,7871,7072.307,26.257,5.547676e+23,4.317932e+22,-0.00087272,51.548,8142695000000,-0.00182917,34.331,56685560000000,3216.956,41.223,104.121,-0.27046984,1379.82605,4.779,92.836,51.664,12909,2021-12-16 03:44:00,C,2021-12-16 04:24:00,CME,,
514,2021-12-15 11:36:00,7871,7305.385,25.947,5.697327e+23,4.326897e+22,-0.00354641,208.256,10318490000000,-0.0072786,33.984,57731330000000,3354.149,40.773,105.025,-0.23548537,1379.001343,4.789,93.581,52.019,12909,2021-12-16 03:44:00,C,2021-12-16 04:24:00,CME,,
521,2021-12-15 11:48:00,7871,7110.584,25.44,5.49857e+23,4.312072e+22,-0.00065288,38.015,7813903000000,-0.00134962,33.971,55861250000000,3248.462,40.89,103.681,-0.26329562,1371.760132,4.76,93.107,51.898,12909,2021-12-16 03:44:00,C,2021-12-16 04:24:00,CME,,
524,2022-06-24 10:00:00,8334,9626.036,32.134,7.141417e+23,4.086958e+22,-0.00397954,222.305,9357882000000,-0.00771105,37.76,43491510000000,2233.402,43.506,89.782,-0.0671519,1277.631836,4.497,84.294,43.958,13038,,,,,,
525,2022-06-24 10:12:00,8334,9530.879,31.638,7.088541e+23,4.100382e+22,-0.00353692,198.068,8309274000000,-0.00685734,37.547,43217010000000,2245.037,43.283,89.183,-0.12148564,1282.824951,4.464,84.025,43.677,13038,,,,,,
526,2022-06-24 10:24:00,8334,9552.108,31.426,7.053589e+23,4.083609e+22,-0.00349078,194.091,8277052000000,-0.00673915,37.457,42424260000000,2193.242,43.324,88.759,-0.12753472,1277.02063,4.467,84.018,43.577,13038,,,,,,
527,2022-06-24 10:36:00,8334,9550.728,31.522,7.063351e+23,4.083939e+22,-0.00369476,205.75,9216713000000,-0.00714611,37.456,42829540000000,2204.358,43.526,88.637,-0.15465696,1288.979614,4.461,83.778,43.949,13038,,,,,,
528,2022-06-24 10:48:00,8334,9661.377,31.942,7.114772e+23,4.052673e+22,-0.00374122,207.455,9847407000000,-0.00725241,37.835,42759120000000,2186.693,43.72,89.106,-0.12450201,1293.675293,4.477,84.026,44.131,13038,,,,,,
529,2022-06-24 11:00:00,8334,9567.378,31.631,7.072108e+23,4.0775e+22,-0.00372238,207.184,8241102000000,-0.00722001,37.606,42584320000000,2180.563,43.528,89.217,-0.10285309,1285.553833,4.482,84.263,44.187,13038,,,,,,
530,2022-06-24 11:12:00,8334,9609.47,32.078,7.128362e+23,4.069037e+22,-0.00371707,207.624,7852956000000,-0.00724617,37.882,42722870000000,2176.889,43.848,88.904,-0.11635289,1287.624268,4.492,84.059,43.944,13038,,,,,,
531,2022-06-24 11:24:00,8334,9567.388,31.6,7.099685e+23,4.073222e+22,-0.00400076,223.551,10166920000000,-0.00779545,37.685,42038350000000,2151.734,43.722,88.448,-0.11094533,1277.460205,4.537,83.93,43.689,13038,,,,,,
532,2022-06-24 11:36:00,8334,9536.001,31.606,7.122746e+23,4.092749e+22,-0.00411159,231.24,9979799000000,-0.00805443,37.595,42733500000000,2173.572,43.726,88.654,-0.15448554,1282.55896,4.523,83.955,43.933,13038,,,,,,
533,2022-09-14 02:24:00,8567,7567.798,27.816,8.209043e+23,5.503869e+22,-0.00249914,204.122,11903270000000,-0.00574128,35.979,70650980000000,3780.017,41.0,90.888,-0.1147912,1718.156616,4.701,84.737,44.49,13094,,,,,,
534,2022-09-14 02:24:00,8567,7567.798,27.816,8.209043e+23,5.503869e+22,-0.00249914,204.122,11903270000000,-0.00574128,35.979,70650980000000,3780.017,41.0,90.888,-0.1147912,1718.156616,4.701,84.737,44.49,13098,2022-09-12 23:37:00,M,,,,
535,2022-09-14 02:24:00,8567,7567.798,27.816,8.209043e+23,5.503869e+22,-0.00249914,204.122,11903270000000,-0.00574128,35.979,70650980000000,3780.017,41.0,90.888,-0.1147912,1718.156616,4.701,84.737,44.49,13098,2022-09-14 09:41:00,M,,,,
536,2022-09-14 02:24:00,8567,7567.798,27.816,8.209043e+23,5.503869e+22,-0.00249914,204.122,11903270000000,-0.00574128,35.979,70650980000000,3780.017,41.0,90.888,-0.1147912,1718.156616,4.701,84.737,44.49,13098,2022-09-16 09:44:00,M,,,,
537,2022-09-14 02:24:00,8567,7567.798,27.816,8.209043e+23,5.503869e+22,-0.00249914,204.122,11903270000000,-0.00574128,35.979,70650980000000,3780.017,41.0,90.888,-0.1147912,1718.156616,4.701,84.737,44.49,13098,2022-09-16 15:49:00,M,,,,
540,2022-09-14 02:24:00,8567,7567.798,27.816,8.209043e+23,5.503869e+22,-0.00249914,204.122,11903270000000,-0.00574128,35.979,70650980000000,3780.017,41.0,90.888,-0.1147912,1718.156616,4.701,84.737,44.49,13098,2022-09-17 20:32:00,M,,,,
541,2022-09-14 02:36:00,8567,7433.172,27.763,8.046228e+23,5.475068e+22,-0.00379821,309.577,12497250000000,-0.00877551,35.99,72203740000000,3696.645,41.025,92.085,-0.12006663,1726.167236,4.717,85.224,44.788,13094,,,,,,
542,2022-09-14 02:36:00,8567,7433.172,27.763,8.046228e+23,5.475068e+22,-0.00379821,309.577,12497250000000,-0.00877551,35.99,72203740000000,3696.645,41.025,92.085,-0.12006663,1726.167236,4.717,85.224,44.788,13098,2022-09-12 23:37:00,M,,,,
543,2022-09-14 02:36:00,8567,7433.172,27.763,8.046228e+23,5.475068e+22,-0.00379821,309.577,12497250000000,-0.00877551,35.99,72203740000000,3696.645,41.025,92.085,-0.12006663,1726.167236,4.717,85.224,44.788,13098,2022-09-14 09:41:00,M,,,,
544,2022-09-14 02:36:00,8567,7433.172,27.763,8.046228e+23,5.475068e+22,-0.00379821,309.577,12497250000000,-0.00877551,35.99,72203740000000,3696.645,41.025,92.085,-0.12006663,1726.167236,4.717,85.224,44.788,13098,2022-09-16 09:44:00,M,,,,
545,2022-09-14 02:36:00,8567,7433.172,27.763,8.046228e+23,5.475068e+22,-0.00379821,309.577,12497250000000,-0.00877551,35.99,72203740000000,3696.645,41.025,92.085,-0.12006663,1726.167236,4.717,85.224,44.788,13098,2022-09-16 15:49:00,M,,,,
548,2022-09-14 02:36:00,8567,7433.172,27.763,8.046228e+23,5.475068e+22,-0.00379821,309.577,12497250000000,-0.00877551,35.99,72203740000000,3696.645,41.025,92.085,-0.12006663,1726.167236,4.717,85.224,44.788,13098,2022-09-17 20:32:00,M,,,,
549,2022-09-14 02:48:00,8567,7494.609,27.939,8.050226e+23,5.46511e+22,-0.00427127,345.46,12471490000000,-0.00976937,36.135,72622180000000,3752.874,41.075,92.208,-0.12117004,1717.78479,4.702,85.8,45.218,13094,,,,,,
550,2022-09-14 02:48:00,8567,7494.609,27.939,8.050226e+23,5.46511e+22,-0.00427127,345.46,12471490000000,-0.00976937,36.135,72622180000000,3752.874,41.075,92.208,-0.12117004,1717.78479,4.702,85.8,45.218,13098,2022-09-12 23:37:00,M,,,,
551,2022-09-14 02:48:00,8567,7494.609,27.939,8.050226e+23,5.46511e+22,-0.00427127,345.46,12471490000000,-0.00976937,36.135,72622180000000,3752.874,41.075,92.208,-0.12117004,1717.78479,4.702,85.8,45.218,13098,2022-09-14 09:41:00,M,,,,
552,2022-09-14 02:48:00,8567,7494.609,27.939,8.050226e+23,5.46511e+22,-0.00427127,345.46,12471490000000,-0.00976937,36.135,72622180000000,3752.874,41.075,92.208,-0.12117004,1717.78479,4.702,85.8,45.218,13098,2022-09-16 09:44:00,M,,,,
553,2022-09-14 02:48:00,8567,7494.609,27.939,8.050226e+23,5.46511e+22,-0.00427127,345.46,12471490000000,-0.00976937,36.135,72622180000000,3752.874,41.075,92.208,-0.12117004,1717.78479,4.702,85.8,45.218,13098,2022-09-16 15:49:00,M,,,,
556,2022-09-14 02:48:00,8567,7494.609,27.939,8.050226e+23,5.46511e+22,-0.00427127,345.46,12471490000000,-0.00976937,36.135,72622180000000,3752.874,41.075,92.208,-0.12117004,1717.78479,4.702,85.8,45.218,13098,2022-09-17 20:32:00,M,,,,
557,2022-09-14 03:00:00,8567,7675.588,27.144,8.149006e+23,5.500147e+22,-0.00213345,170.555,9046852000000,-0.00476039,35.489,70915820000000,3916.183,40.682,92.271,-0.09061933,1722.370972,4.694,86.416,45.496,13094,,,,,,
558,2022-09-14 03:00:00,8567,7675.588,27.144,8.149006e+23,5.500147e+22,-0.00213345,170.555,9046852000000,-0.00476039,35.489,70915820000000,3916.183,40.682,92.271,-0.09061933,1722.370972,4.694,86.416,45.496,13098,2022-09-12 23:37:00,M,,,,
559,2022-09-14 03:00:00,8567,7675.588,27.144,8.149006e+23,5.500147e+22,-0.00213345,170.555,9046852000000,-0.00476039,35.489,70915820000000,3916.183,40.682,92.271,-0.09061933,1722.370972,4.694,86.416,45.496,13098,2022-09-14 09:41:00,M,,,,
560,2022-09-14 03:00:00,8567,7675.588,27.144,8.149006e+23,5.500147e+22,-0.00213345,170.555,9046852000000,-0.00476039,35.489,70915820000000,3916.183,40.682,92.271,-0.09061933,1722.370972,4.694,86.416,45.496,13098,2022-09-16 09:44:00,M,,,,
561,2022-09-14 03:00:00,8567,7675.588,27.144,8.149006e+23,5.500147e+22,-0.00213345,170.555,9046852000000,-0.00476039,35.489,70915820000000,3916.183,40.682,92.271,-0.09061933,1722.370972,4.694,86.416,45.496,13098,2022-09-16 15:49:00,M,,,,
564,2022-09-14 03:00:00,8567,7675.588,27.144,8.149006e+23,5.500147e+22,-0.00213345,170.555,9046852000000,-0.00476039,35.489,70915820000000,3916.183,40.682,92.271,-0.09061933,1722.370972,4.694,86.416,45.496,13098,2022-09-17 20:32:00,M,,,,
565,2022-09-14 03:12:00,8567,7607.617,27.593,8.029966e+23,5.418586e+22,-0.0039866,316.843,14500580000000,-0.00899562,35.91,72033330000000,3738.76,41.158,93.833,-0.12693632,1717.203247,4.694,87.073,45.945,13094,,,,,,
566,2022-09-14 03:12:00,8567,7607.617,27.593,8.029966e+23,5.418586e+22,-0.0039866,316.843,14500580000000,-0.00899562,35.91,72033330000000,3738.76,41.158,93.833,-0.12693632,1717.203247,4.694,87.073,45.945,13098,2022-09-12 23:37:00,M,,,,
567,2022-09-14 03:12:00,8567,7607.617,27.593,8.029966e+23,5.418586e+22,-0.0039866,316.843,14500580000000,-0.00899562,35.91,72033330000000,3738.76,41.158,93.833,-0.12693632,1717.203247,4.694,87.073,45.945,13098,2022-09-14 09:41:00,M,,,,
568,2022-09-14 03:12:00,8567,7607.617,27.593,8.029966e+23,5.418586e+22,-0.0039866,316.843,14500580000000,-0.00899562,35.91,72033330000000,3738.76,41.158,93.833,-0.12693632,1717.203247,4.694,87.073,45.945,13098,2022-09-16 09:44:00,M,,,,
569,2022-09-14 03:12:00,8567,7607.617,27.593,8.029966e+23,5.418586e+22,-0.0039866,316.843,14500580000000,-0.00899562,35.91,72033330000000,3738.76,41.158,93.833,-0.12693632,1717.203247,4.694,87.073,45.945,13098,2022-09-16 15:49:00,M,,,,
572,2022-09-14 03:12:00,8567,7607.617,27.593,8.029966e+23,5.418586e+22,-0.0039866,316.843,14500580000000,-0.00899562,35.91,72033330000000,3738.76,41.158,93.833,-0.12693632,1717.203247,4.694,87.073,45.945,13098,2022-09-17 20:32:00,M,,,,
573,2022-09-14 03:24:00,8567,7612.344,27.128,8.03091e+23,5.443851e+22,-0.00391795,311.23,16137800000000,-0.00879963,35.67,72505620000000,3784.314,40.966,93.957,-0.11467353,1709.922852,4.694,87.306,46.065,13094,,,,,,
574,2022-09-14 03:24:00,8567,7612.344,27.128,8.03091e+23,5.443851e+22,-0.00391795,311.23,16137800000000,-0.00879963,35.67,72505620000000,3784.314,40.966,93.957,-0.11467353,1709.922852,4.694,87.306,46.065,13098,2022-09-12 23:37:00,M,,,,
575,2022-09-14 03:24:00,8567,7612.344,27.128,8.03091e+23,5.443851e+22,-0.00391795,311.23,16137800000000,-0.00879963,35.67,72505620000000,3784.314,40.966,93.957,-0.11467353,1709.922852,4.694,87.306,46.065,13098,2022-09-14 09:41:00,M,,,,
576,2022-09-14 03:24:00,8567,7612.344,27.128,8.03091e+23,5.443851e+22,-0.00391795,311.23,16137800000000,-0.00879963,35.67,72505620000000,3784.314,40.966,93.957,-0.11467353,1709.922852,4.694,87.306,46.065,13098,2022-09-16 09:44:00,M,,,,
577,2022-09-14 03:24:00,8567,7612.344,27.128,8.03091e+23,5.443851e+22,-0.00391795,311.23,16137800000000,-0.00879963,35.67,72505620000000,3784.314,40.966,93.957,-0.11467353,1709.922852,4.694,87.306,46.065,13098,2022-09-16 15:49:00,M,,,,
580,2022-09-14 03:24:00,8567,7612.344,27.128,8.03091e+23,5.443851e+22,-0.00391795,311.23,16137800000000,-0.00879963,35.67,72505620000000,3784.314,40.966,93.957,-0.11467353,1709.922852,4.694,87.306,46.065,13098,2022-09-17 20:32:00,M,,,,
581,2022-09-14 03:36:00,8567,7764.662,27.108,8.224809e+23,5.508954e+22,-0.00238486,190.212,9517020000000,-0.00529679,,72961130000000,3977.458,40.917,93.457,-0.13175365,1709.053101,4.725,87.599,46.248,13094,,,,,,
582,2022-09-14 03:36:00,8567,7764.662,27.108,8.224809e+23,5.508954e+22,-0.00238486,190.212,9517020000000,-0.00529679,,72961130000000,3977.458,40.917,93.457,-0.13175365,1709.053101,4.725,87.599,46.248,13098,2022-09-12 23:37:00,M,,,,
583,2022-09-14 03:36:00,8567,7764.662,27.108,8.224809e+23,5.508954e+22,-0.00238486,190.212,9517020000000,-0.00529679,,72961130000000,3977.458,40.917,93.457,-0.13175365,1709.053101,4.725,87.599,46.248,13098,2022-09-14 09:41:00,M,,,,
584,2022-09-14 03:36:00,8567,7764.662,27.108,8.224809e+23,5.508954e+22,-0.00238486,190.212,9517020000000,-0.00529679,,72961130000000,3977.458,40.917,93.457,-0.13175365,1709.053101,4.725,87.599,46.248,13098,2022-09-16 09:44:00,M,,,,
585,2022-09-14 03:36:00,8567,7764.662,27.108,8.224809e+23,5.508954e+22,-0.00238486,190.212,9517020000000,-0.00529679,,72961130000000,3977.458,40.917,93.457,-0.13175365,1709.053101,4.725,87.599,46.248,13098,2022-09-16 15:49:00,M,,,,
588,2022-09-14 03:36:00,8567,7764.662,27.108,8.224809e+23,5.508954e+22,-0.00238486,190.212,9517020000000,-0.00529679,,72961130000000,3977.458,40.917,93.457,-0.13175365,1709.053101,4.725,87.599,46.248,13098,2022-09-17 20:32:00,M,,,,
589,2022-09-14 03:48:00,8567,7799.044,27.302,8.256878e+23,5.510164e+22,-0.00222541,177.407,10860030000000,-0.00494191,35.617,71620980000000,3945.723,40.994,94.543,-0.11223721,1712.276245,4.756,88.245,46.246,13094,,,,,,
590,2022-09-14 03:48:00,8567,7799.044,27.302,8.256878e+23,5.510164e+22,-0.00222541,177.407,10860030000000,-0.00494191,35.617,71620980000000,3945.723,40.994,94.543,-0.11223721,1712.276245,4.756,88.245,46.246,13098,2022-09-12 23:37:00,M,,,,
591,2022-09-14 03:48:00,8567,7799.044,27.302,8.256878e+23,5.510164e+22,-0.00222541,177.407,10860030000000,-0.00494191,35.617,71620980000000,3945.723,40.994,94.543,-0.11223721,1712.276245,4.756,88.245,46.246,13098,2022-09-14 09:41:00,M,,,,
592,2022-09-14 03:48:00,8567,7799.044,27.302,8.256878e+23,5.510164e+22,-0.00222541,177.407,10860030000000,-0.00494191,35.617,71620980000000,3945.723,40.994,94.543,-0.11223721,1712.276245,4.756,88.245,46.246,13098,2022-09-16 09:44:00,M,,,,
593,2022-09-14 03:48:00,8567,7799.044,27.302,8.256878e+23,5.510164e+22,-0.00222541,177.407,10860030000000,-0.00494191,35.617,71620980000000,3945.723,40.994,94.543,-0.11223721,1712.276245,4.756,88.245,46.246,13098,2022-09-16 15:49:00,M,,,,
596,2022-09-14 03:48:00,8567,7799.044,27.302,8.256878e+23,5.510164e+22,-0.00222541,177.407,10860030000000,-0.00494191,35.617,71620980000000,3945.723,40.994,94.543,-0.11223721,1712.276245,4.756,88.245,46.246,13098,2022-09-17 20:32:00,M,,,,
598,2022-09-14 02:24:00,8602,4775.183,17.092,4.547854e+23,4.907634e+22,0.00668872,479.668,19265850000000,0.01739322,26.08,37043690000000,2104.513,33.736,67.74,-0.09041759,982.635681,4.392,63.027,32.455,13102,2022-09-20 11:13:00,M,,,,
600,2022-09-14 02:36:00,8602,4790.133,17.165,4.553696e+23,4.922077e+22,0.0080508,576.252,23537490000000,0.02082269,26.017,37533120000000,2169.566,33.515,68.526,-0.12312852,974.032166,4.385,63.663,32.702,13102,2022-09-20 11:13:00,M,,,,
602,2022-09-14 02:48:00,8602,4784.458,16.86,4.547984e+23,4.927924e+22,0.00728688,521.559,20260060000000,0.01881378,25.953,38900150000000,2209.642,33.341,69.224,-0.1151469,956.507507,4.437,64.233,33.013,13102,2022-09-20 11:13:00,M,,,,
604,2022-09-14 03:00:00,8602,4822.3,16.772,4.580432e+23,4.951233e+22,0.00737471,527.432,21234790000000,0.01892182,25.927,38967260000000,2244.055,33.166,69.251,-0.11534219,951.606018,4.454,64.677,32.956,13102,2022-09-20 11:13:00,M,,,,
606,2022-09-14 03:12:00,8602,4846.965,16.794,4.570839e+23,4.929535e+22,0.00787583,559.239,21895230000000,0.02008066,25.939,38917130000000,2179.363,33.191,70.498,-0.15459658,955.153625,4.385,65.35,33.038,13102,2022-09-20 11:13:00,M,,,,
608,2022-09-14 03:24:00,8602,4827.684,16.021,4.505981e+23,4.935448e+22,0.0077108,541.907,19530710000000,0.01939257,25.486,39501570000000,2248.672,32.586,71.701,-0.12438372,957.058899,4.405,66.523,33.502,13102,2022-09-20 11:13:00,M,,,,
610,2022-09-14 03:36:00,8602,4945.103,16.162,4.562381e+23,4.889304e+22,0.00700773,486.82,18562010000000,0.01754995,25.671,39033110000000,2174.203,32.669,72.015,-0.17569198,951.694519,4.385,66.871,33.617,13102,2022-09-20 11:13:00,M,,,,
612,2022-09-14 03:48:00,8602,4952.62,16.444,4.519131e+23,4.848512e+22,0.0072363,497.141,19997150000000,0.018038,25.721,38230630000000,2179.404,32.68,71.588,-0.15536134,941.910034,4.374,66.866,33.574,13102,2022-09-20 11:13:00,M,,,,
613,2022-10-11 09:00:00,8640,5904.169,21.536,9.225326e+23,7.714301e+22,0.00131792,155.056,15657330000000,0.00345902,31.972,99911060000000,5004.717,37.647,102.85,-0.25373811,2777.034912,4.614,100.444,44.93,13112,2022-09-30 03:46:00,M,,,,
614,2022-10-11 09:00:00,8640,5904.169,21.536,9.225326e+23,7.714301e+22,0.00131792,155.056,15657330000000,0.00345902,31.972,99911060000000,5004.717,37.647,102.85,-0.25373811,2777.034912,4.614,100.444,44.93,13112,2022-09-30 16:11:00,M,,,,
615,2022-10-11 09:00:00,8640,5904.169,21.536,9.225326e+23,7.714301e+22,0.00131792,155.056,15657330000000,0.00345902,31.972,99911060000000,5004.717,37.647,102.85,-0.25373811,2777.034912,4.614,100.444,44.93,13112,2022-09-30 17:30:00,M,,,,
616,2022-10-11 09:00:00,8640,5904.169,21.536,9.225326e+23,7.714301e+22,0.00131792,155.056,15657330000000,0.00345902,31.972,99911060000000,5004.717,37.647,102.85,-0.25373811,2777.034912,4.614,100.444,44.93,13112,2022-10-02 13:52:00,M,,,,
617,2022-10-11 09:00:00,8640,5904.169,21.536,9.225326e+23,7.714301e+22,0.00131792,155.056,15657330000000,0.00345902,31.972,99911060000000,5004.717,37.647,102.85,-0.25373811,2777.034912,4.614,100.444,44.93,13112,2022-10-02 15:34:00,M,,,,
618,2022-10-11 09:00:00,8640,5904.169,21.536,9.225326e+23,7.714301e+22,0.00131792,155.056,15657330000000,0.00345902,31.972,99911060000000,5004.717,37.647,102.85,-0.25373811,2777.034912,4.614,100.444,44.93,13112,2022-10-03 02:19:00,M,,,,
619,2022-10-11 09:00:00,8640,5904.169,21.536,9.225326e+23,7.714301e+22,0.00131792,155.056,15657330000000,0.00345902,31.972,99911060000000,5004.717,37.647,102.85,-0.25373811,2777.034912,4.614,100.444,44.93,13112,2022-10-03 15:20:00,M,,,,
620,2022-10-11 09:00:00,8640,5904.169,21.536,9.225326e+23,7.714301e+22,0.00131792,155.056,15657330000000,0.00345902,31.972,99911060000000,5004.717,37.647,102.85,-0.25373811,2777.034912,4.614,100.444,44.93,13112,2022-10-10 16:07:00,M,,,,
621,2022-10-11 09:00:00,8640,5904.169,21.536,9.225326e+23,7.714301e+22,0.00131792,155.056,15657330000000,0.00345902,31.972,99911060000000,5004.717,37.647,102.85,-0.25373811,2777.034912,4.614,100.444,44.93,13112,2022-10-11 08:36:00,M,2022-10-11 09:23:00,CME,,
622,2022-10-11 09:00:00,8640,5904.169,21.536,9.225326e+23,7.714301e+22,0.00131792,155.056,15657330000000,0.00345902,31.972,99911060000000,5004.717,37.647,102.85,-0.25373811,2777.034912,4.614,100.444,44.93,13112,2022-10-11 10:47:00,M,2022-10-11 11:36:00,CME,,
623,2022-10-11 09:00:00,8640,5904.169,21.536,9.225326e+23,7.714301e+22,0.00131792,155.056,15657330000000,0.00345902,31.972,99911060000000,5004.717,37.647,102.85,-0.25373811,2777.034912,4.614,100.444,44.93,13112,2022-10-12 16:26:00,C,2022-10-12 17:12:00,CME,,
624,2022-10-11 09:00:00,8640,5904.169,21.536,9.225326e+23,7.714301e+22,0.00131792,155.056,15657330000000,0.00345902,31.972,99911060000000,5004.717,37.647,102.85,-0.25373811,2777.034912,4.614,100.444,44.93,13112,2022-10-12 23:54:00,M,,,,
625,2022-10-11 09:00:00,8640,5904.169,21.536,9.225326e+23,7.714301e+22,0.00131792,155.056,15657330000000,0.00345902,31.972,99911060000000,5004.717,37.647,102.85,-0.25373811,2777.034912,4.614,100.444,44.93,13112,2022-10-14 09:51:00,M,,,,
626,2022-10-11 09:00:00,8640,5904.169,21.536,9.225326e+23,7.714301e+22,0.00131792,155.056,15657330000000,0.00345902,31.972,99911060000000,5004.717,37.647,102.85,-0.25373811,2777.034912,4.614,100.444,44.93,13116,2022-10-07 14:21:00,M,,,,
627,2022-10-11 09:00:00,8640,5904.169,21.536,9.225326e+23,7.714301e+22,0.00131792,155.056,15657330000000,0.00345902,31.972,99911060000000,5004.717,37.647,102.85,-0.25373811,2777.034912,4.614,100.444,44.93,13116,2022-10-10 00:35:00,M,,,,
628,2022-10-11 09:00:00,8640,5904.169,21.536,9.225326e+23,7.714301e+22,0.00131792,155.056,15657330000000,0.00345902,31.972,99911060000000,5004.717,37.647,102.85,-0.25373811,2777.034912,4.614,100.444,44.93,13120,,,,,,
629,2022-10-11 09:12:00,8640,5898.638,21.472,9.293612e+23,7.734057e+22,0.00079359,94.147,17880740000000,0.00208982,31.969,99570700000000,4940.197,37.578,102.833,-0.28737694,2786.458008,4.672,100.573,44.9,13112,2022-09-30 03:46:00,M,,,,
630,2022-10-11 09:12:00,8640,5898.638,21.472,9.293612e+23,7.734057e+22,0.00079359,94.147,17880740000000,0.00208982,31.969,99570700000000,4940.197,37.578,102.833,-0.28737694,2786.458008,4.672,100.573,44.9,13112,2022-09-30 16:11:00,M,,,,
631,2022-10-11 09:12:00,8640,5898.638,21.472,9.293612e+23,7.734057e+22,0.00079359,94.147,17880740000000,0.00208982,31.969,99570700000000,4940.197,37.578,102.833,-0.28737694,2786.458008,4.672,100.573,44.9,13112,2022-09-30 17:30:00,M,,,,
632,2022-10-11 09:12:00,8640,5898.638,21.472,9.293612e+23,7.734057e+22,0.00079359,94.147,17880740000000,0.00208982,31.969,99570700000000,4940.197,37.578,102.833,-0.28737694,2786.458008,4.672,100.573,44.9,13112,2022-10-02 13:52:00,M,,,,
633,2022-10-11 09:12:00,8640,5898.638,21.472,9.293612e+23,7.734057e+22,0.00079359,94.147,17880740000000,0.00208982,31.969,99570700000000,4940.197,37.578,102.833,-0.28737694,2786.458008,4.672,100.573,44.9,13112,2022-10-02 15:34:00,M,,,,
634,2022-10-11 09:12:00,8640,5898.638,21.472,9.293612e+23,7.734057e+22,0.00079359,94.147,17880740000000,0.00208982,31.969,99570700000000,4940.197,37.578,102.833,-0.28737694,2786.458008,4.672,100.573,44.9,13112,2022-10-03 02:19:00,M,,,,
635,2022-10-11 09:12:00,8640,5898.638,21.472,9.293612e+23,7.734057e+22,0.00079359,94.147,17880740000000,0.00208982,31.969,99570700000000,4940.197,37.578,102.833,-0.28737694,2786.458008,4.672,100.573,44.9,13112,2022-10-03 15:20:00,M,,,,
636,2022-10-11 09:12:00,8640,5898.638,21.472,9.293612e+23,7.734057e+22,0.00079359,94.147,17880740000000,0.00208982,31.969,99570700000000,4940.197,37.578,102.833,-0.28737694,2786.458008,4.672,100.573,44.9,13112,2022-10-10 16:07:00,M,,,,
637,2022-10-11 09:12:00,8640,5898.638,21.472,9.293612e+23,7.734057e+22,0.00079359,94.147,17880740000000,0.00208982,31.969,99570700000000,4940.197,37.578,102.833,-0.28737694,2786.458008,4.672,100.573,44.9,13112,2022-10-11 08:36:00,M,2022-10-11 09:23:00,CME,,
638,2022-10-11 09:12:00,8640,5898.638,21.472,9.293612e+23,7.734057e+22,0.00079359,94.147,17880740000000,0.00208982,31.969,99570700000000,4940.197,37.578,102.833,-0.28737694,2786.458008,4.672,100.573,44.9,13112,2022-10-11 10:47:00,M,2022-10-11 11:36:00,CME,,
639,2022-10-11 09:12:00,8640,5898.638,21.472,9.293612e+23,7.734057e+22,0.00079359,94.147,17880740000000,0.00208982,31.969,99570700000000,4940.197,37.578,102.833,-0.28737694,2786.458008,4.672,100.573,44.9,13112,2022-10-12 16:26:00,C,2022-10-12 17:12:00,CME,,
640,2022-10-11 09:12:00,8640,5898.638,21.472,9.293612e+23,7.734057e+22,0.00079359,94.147,17880740000000,0.00208982,31.969,99570700000000,4940.197,37.578,102.833,-0.28737694,2786.458008,4.672,100.573,44.9,13112,2022-10-12 23:54:00,M,,,,
641,2022-10-11 09:12:00,8640,5898.638,21.472,9.293612e+23,7.734057e+22,0.00079359,94.147,17880740000000,0.00208982,31.969,99570700000000,4940.197,37.578,102.833,-0.28737694,2786.458008,4.672,100.573,44.9,13112,2022-10-14 09:51:00,M,,,,
642,2022-10-11 09:12:00,8640,5898.638,21.472,9.293612e+23,7.734057e+22,0.00079359,94.147,17880740000000,0.00208982,31.969,99570700000000,4940.197,37.578,102.833,-0.28737694,2786.458008,4.672,100.573,44.9,13116,2022-10-07 14:21:00,M,,,,
643,2022-10-11 09:12:00,8640,5898.638,21.472,9.293612e+23,7.734057e+22,0.00079359,94.147,17880740000000,0.00208982,31.969,99570700000000,4940.197,37.578,102.833,-0.28737694,2786.458008,4.672,100.573,44.9,13116,2022-10-10 00:35:00,M,,,,
644,2022-10-11 09:12:00,8640,5898.638,21.472,9.293612e+23,7.734057e+22,0.00079359,94.147,17880740000000,0.00208982,31.969,99570700000000,4940.197,37.578,102.833,-0.28737694,2786.458008,4.672,100.573,44.9,13120,,,,,,
645,2022-10-11 09:24:00,8640,5775.329,21.32,9.210391e+23,7.801659e+22,0.00094453,113.423,15687960000000,0.00250008,31.841,99775590000000,4943.806,37.428,102.474,-0.24909958,2790.404297,4.684,100.118,44.648,13112,2022-09-30 03:46:00,M,,,,
646,2022-10-11 09:24:00,8640,5775.329,21.32,9.210391e+23,7.801659e+22,0.00094453,113.423,15687960000000,0.00250008,31.841,99775590000000,4943.806,37.428,102.474,-0.24909958,2790.404297,4.684,100.118,44.648,13112,2022-09-30 16:11:00,M,,,,
647,2022-10-11 09:24:00,8640,5775.329,21.32,9.210391e+23,7.801659e+22,0.00094453,113.423,15687960000000,0.00250008,31.841,99775590000000,4943.806,37.428,102.474,-0.24909958,2790.404297,4.684,100.118,44.648,13112,2022-09-30 17:30:00,M,,,,
648,2022-10-11 09:24:00,8640,5775.329,21.32,9.210391e+23,7.801659e+22,0.00094453,113.423,15687960000000,0.00250008,31.841,99775590000000,4943.806,37.428,102.474,-0.24909958,2790.404297,4.684,100.118,44.648,13112,2022-10-02 13:52:00,M,,,,
649,2022-10-11 09:24:00,8640,5775.329,21.32,9.210391e+23,7.801659e+22,0.00094453,113.423,15687960000000,0.00250008,31.841,99775590000000,4943.806,37.428,102.474,-0.24909958,2790.404297,4.684,100.118,44.648,13112,2022-10-02 15:34:00,M,,,,
650,2022-10-11 09:24:00,8640,5775.329,21.32,9.210391e+23,7.801659e+22,0.00094453,113.423,15687960000000,0.00250008,31.841,99775590000000,4943.806,37.428,102.474,-0.24909958,2790.404297,4.684,100.118,44.648,13112,2022-10-03 02:19:00,M,,,,
651,2022-10-11 09:24:00,8640,5775.329,21.32,9.210391e+23,7.801659e+22,0.00094453,113.423,15687960000000,0.00250008,31.841,99775590000000,4943.806,37.428,102.474,-0.24909958,2790.404297,4.684,100.118,44.648,13112,2022-10-03 15:20:00,M,,,,
652,2022-10-11 09:24:00,8640,5775.329,21.32,9.210391e+23,7.801659e+22,0.00094453,113.423,15687960000000,0.00250008,31.841,99775590000000,4943.806,37.428,102.474,-0.24909958,2790.404297,4.684,100.118,44.648,13112,2022-10-10 16:07:00,M,,,,
654,2022-10-11 09:24:00,8640,5775.329,21.32,9.210391e+23,7.801659e+22,0.00094453,113.423,15687960000000,0.00250008,31.841,99775590000000,4943.806,37.428,102.474,-0.24909958,2790.404297,4.684,100.118,44.648,13112,2022-10-11 10:47:00,M,2022-10-11 11:36:00,CME,,
655,2022-10-11 09:24:00,8640,5775.329,21.32,9.210391e+23,7.801659e+22,0.00094453,113.423,15687960000000,0.00250008,31.841,99775590000000,4943.806,37.428,102.474,-0.24909958,2790.404297,4.684,100.118,44.648,13112,2022-10-12 16:26:00,C,2022-10-12 17:12:00,CME,,
656,2022-10-11 09:24:00,8640,5775.329,21.32,9.210391e+23,7.801659e+22,0.00094453,113.423,15687960000000,0.00250008,31.841,99775590000000,4943.806,37.428,102.474,-0.24909958,2790.404297,4.684,100.118,44.648,13112,2022-10-12 23:54:00,M,,,,
657,2022-10-11 09:24:00,8640,5775.329,21.32,9.210391e+23,7.801659e+22,0.00094453,113.423,15687960000000,0.00250008,31.841,99775590000000,4943.806,37.428,102.474,-0.24909958,2790.404297,4.684,100.118,44.648,13112,2022-10-14 09:51:00,M,,,,
658,2022-10-11 09:24:00,8640,5775.329,21.32,9.210391e+23,7.801659e+22,0.00094453,113.423,15687960000000,0.00250008,31.841,99775590000000,4943.806,37.428,102.474,-0.24909958,2790.404297,4.684,100.118,44.648,13116,2022-10-07 14:21:00,M,,,,
659,2022-10-11 09:24:00,8640,5775.329,21.32,9.210391e+23,7.801659e+22,0.00094453,113.423,15687960000000,0.00250008,31.841,99775590000000,4943.806,37.428,102.474,-0.24909958,2790.404297,4.684,100.118,44.648,13116,2022-10-10 00:35:00,M,,,,
660,2022-10-11 09:24:00,8640,5775.329,21.32,9.210391e+23,7.801659e+22,0.00094453,113.423,15687960000000,0.00250008,31.841,99775590000000,4943.806,37.428,102.474,-0.24909958,2790.404297,4.684,100.118,44.648,13120,,,,,,
661,2022-10-11 09:36:00,8640,5692.093,21.401,9.194668e+23,7.834143e+22,0.00051409,62.529,14778910000000,0.00137516,31.902,99301450000000,4889.783,37.476,101.288,-0.2316836,2781.237549,4.669,99.05,44.086,13112,2022-09-30 03:46:00,M,,,,
662,2022-10-11 09:36:00,8640,5692.093,21.401,9.194668e+23,7.834143e+22,0.00051409,62.529,14778910000000,0.00137516,31.902,99301450000000,4889.783,37.476,101.288,-0.2316836,2781.237549,4.669,99.05,44.086,13112,2022-09-30 16:11:00,M,,,,
663,2022-10-11 09:36:00,8640,5692.093,21.401,9.194668e+23,7.834143e+22,0.00051409,62.529,14778910000000,0.00137516,31.902,99301450000000,4889.783,37.476,101.288,-0.2316836,2781.237549,4.669,99.05,44.086,13112,2022-09-30 17:30:00,M,,,,
664,2022-10-11 09:36:00,8640,5692.093,21.401,9.194668e+23,7.834143e+22,0.00051409,62.529,14778910000000,0.00137516,31.902,99301450000000,4889.783,37.476,101.288,-0.2316836,2781.237549,4.669,99.05,44.086,13112,2022-10-02 13:52:00,M,,,,
665,2022-10-11 09:36:00,8640,5692.093,21.401,9.194668e+23,7.834143e+22,0.00051409,62.529,14778910000000,0.00137516,31.902,99301450000000,4889.783,37.476,101.288,-0.2316836,2781.237549,4.669,99.05,44.086,13112,2022-10-02 15:34:00,M,,,,
666,2022-10-11 09:36:00,8640,5692.093,21.401,9.194668e+23,7.834143e+22,0.00051409,62.529,14778910000000,0.00137516,31.902,99301450000000,4889.783,37.476,101.288,-0.2316836,2781.237549,4.669,99.05,44.086,13112,2022-10-03 02:19:00,M,,,,
667,2022-10-11 09:36:00,8640,5692.093,21.401,9.194668e+23,7.834143e+22,0.00051409,62.529,14778910000000,0.00137516,31.902,99301450000000,4889.783,37.476,101.288,-0.2316836,2781.237549,4.669,99.05,44.086,13112,2022-10-03 15:20:00,M,,,,
668,2022-10-11 09:36:00,8640,5692.093,21.401,9.194668e+23,7.834143e+22,0.00051409,62.529,14778910000000,0.00137516,31.902,99301450000000,4889.783,37.476,101.288,-0.2316836,2781.237549,4.669,99.05,44.086,13112,2022-10-10 16:07:00,M,,,,
670,2022-10-11 09:36:00,8640,5692.093,21.401,9.194668e+23,7.834143e+22,0.00051409,62.529,14778910000000,0.00137516,31.902,99301450000000,4889.783,37.476,101.288,-0.2316836,2781.237549,4.669,99.05,44.086,13112,2022-10-11 10:47:00,M,2022-10-11 11:36:00,CME,,
671,2022-10-11 09:36:00,8640,5692.093,21.401,9.194668e+23,7.834143e+22,0.00051409,62.529,14778910000000,0.00137516,31.902,99301450000000,4889.783,37.476,101.288,-0.2316836,2781.237549,4.669,99.05,44.086,13112,2022-10-12 16:26:00,C,2022-10-12 17:12:00,CME,,
672,2022-10-11 09:36:00,8640,5692.093,21.401,9.194668e+23,7.834143e+22,0.00051409,62.529,14778910000000,0.00137516,31.902,99301450000000,4889.783,37.476,101.288,-0.2316836,2781.237549,4.669,99.05,44.086,13112,2022-10-12 23:54:00,M,,,,
673,2022-10-11 09:36:00,8640,5692.093,21.401,9.194668e+23,7.834143e+22,0.00051409,62.529,14778910000000,0.00137516,31.902,99301450000000,4889.783,37.476,101.288,-0.2316836,2781.237549,4.669,99.05,44.086,13112,2022-10-14 09:51:00,M,,,,
674,2022-10-11 09:36:00,8640,5692.093,21.401,9.194668e+23,7.834143e+22,0.00051409,62.529,14778910000000,0.00137516,31.902,99301450000000,4889.783,37.476,101.288,-0.2316836,2781.237549,4.669,99.05,44.086,13116,2022-10-07 14:21:00,M,,,,
675,2022-10-11 09:36:00,8640,5692.093,21.401,9.194668e+23,7.834143e+22,0.00051409,62.529,14778910000000,0.00137516,31.902,99301450000000,4889.783,37.476,101.288,-0.2316836,2781.237549,4.669,99.05,44.086,13116,2022-10-10 00:35:00,M,,,,
676,2022-10-11 09:36:00,8640,5692.093,21.401,9.194668e+23,7.834143e+22,0.00051409,62.529,14778910000000,0.00137516,31.902,99301450000000,4889.783,37.476,101.288,-0.2316836,2781.237549,4.669,99.05,44.086,13120,,,,,,
677,2022-10-11 09:48:00,8640,5601.411,21.117,9.123912e+23,7.858508e+22,0.0005372,65.885,12491760000000,0.00145507,31.701,99263820000000,4872.18,37.333,100.698,-0.19420758,2770.745361,4.676,98.423,43.66,13112,2022-09-30 03:46:00,M,,,,
678,2022-10-11 09:48:00,8640,5601.411,21.117,9.123912e+23,7.858508e+22,0.0005372,65.885,12491760000000,0.00145507,31.701,99263820000000,4872.18,37.333,100.698,-0.19420758,2770.745361,4.676,98.423,43.66,13112,2022-09-30 16:11:00,M,,,,
679,2022-10-11 09:48:00,8640,5601.411,21.117,9.123912e+23,7.858508e+22,0.0005372,65.885,12491760000000,0.00145507,31.701,99263820000000,4872.18,37.333,100.698,-0.19420758,2770.745361,4.676,98.423,43.66,13112,2022-09-30 17:30:00,M,,,,
680,2022-10-11 09:48:00,8640,5601.411,21.117,9.123912e+23,7.858508e+22,0.0005372,65.885,12491760000000,0.00145507,31.701,99263820000000,4872.18,37.333,100.698,-0.19420758,2770.745361,4.676,98.423,43.66,13112,2022-10-02 13:52:00,M,,,,
681,2022-10-11 09:48:00,8640,5601.411,21.117,9.123912e+23,7.858508e+22,0.0005372,65.885,12491760000000,0.00145507,31.701,99263820000000,4872.18,37.333,100.698,-0.19420758,2770.745361,4.676,98.423,43.66,13112,2022-10-02 15:34:00,M,,,,
682,2022-10-11 09:48:00,8640,5601.411,21.117,9.123912e+23,7.858508e+22,0.0005372,65.885,12491760000000,0.00145507,31.701,99263820000000,4872.18,37.333,100.698,-0.19420758,2770.745361,4.676,98.423,43.66,13112,2022-10-03 02:19:00,M,,,,
683,2022-10-11 09:48:00,8640,5601.411,21.117,9.123912e+23,7.858508e+22,0.0005372,65.885,12491760000000,0.00145507,31.701,99263820000000,4872.18,37.333,100.698,-0.19420758,2770.745361,4.676,98.423,43.66,13112,2022-10-03 15:20:00,M,,,,
684,2022-10-11 09:48:00,8640,5601.411,21.117,9.123912e+23,7.858508e+22,0.0005372,65.885,12491760000000,0.00145507,31.701,99263820000000,4872.18,37.333,100.698,-0.19420758,2770.745361,4.676,98.423,43.66,13112,2022-10-10 16:07:00,M,,,,
686,2022-10-11 09:48:00,8640,5601.411,21.117,9.123912e+23,7.858508e+22,0.0005372,65.885,12491760000000,0.00145507,31.701,99263820000000,4872.18,37.333,100.698,-0.19420758,2770.745361,4.676,98.423,43.66,13112,2022-10-11 10:47:00,M,2022-10-11 11:36:00,CME,,
687,2022-10-11 09:48:00,8640,5601.411,21.117,9.123912e+23,7.858508e+22,0.0005372,65.885,12491760000000,0.00145507,31.701,99263820000000,4872.18,37.333,100.698,-0.19420758,2770.745361,4.676,98.423,43.66,13112,2022-10-12 16:26:00,C,2022-10-12 17:12:00,CME,,
688,2022-10-11 09:48:00,8640,5601.411,21.117,9.123912e+23,7.858508e+22,0.0005372,65.885,12491760000000,0.00145507,31.701,99263820000000,4872.18,37.333,100.698,-0.19420758,2770.745361,4.676,98.423,43.66,13112,2022-10-12 23:54:00,M,,,,
689,2022-10-11 09:48:00,8640,5601.411,21.117,9.123912e+23,7.858508e+22,0.0005372,65.885,12491760000000,0.00145507,31.701,99263820000000,4872.18,37.333,100.698,-0.19420758,2770.745361,4.676,98.423,43.66,13112,2022-10-14 09:51:00,M,,,,
690,2022-10-11 09:48:00,8640,5601.411,21.117,9.123912e+23,7.858508e+22,0.0005372,65.885,12491760000000,0.00145507,31.701,99263820000000,4872.18,37.333,100.698,-0.19420758,2770.745361,4.676,98.423,43.66,13116,2022-10-07 14:21:00,M,,,,
691,2022-10-11 09:48:00,8640,5601.411,21.117,9.123912e+23,7.858508e+22,0.0005372,65.885,12491760000000,0.00145507,31.701,99263820000000,4872.18,37.333,100.698,-0.19420758,2770.745361,4.676,98.423,43.66,13116,2022-10-10 00:35:00,M,,,,
692,2022-10-11 09:48:00,8640,5601.411,21.117,9.123912e+23,7.858508e+22,0.0005372,65.885,12491760000000,0.00145507,31.701,99263820000000,4872.18,37.333,100.698,-0.19420758,2770.745361,4.676,98.423,43.66,13120,,,,,,
693,2022-10-11 10:00:00,8640,5535.9,21.226,9.108956e+23,7.871418e+22,0.00048275,59.809,13480730000000,0.00134162,31.689,98147590000000,4816.138,37.414,99.371,-0.20747653,2763.324463,4.697,97.253,42.792,13112,2022-09-30 03:46:00,M,,,,
694,2022-10-11 10:00:00,8640,5535.9,21.226,9.108956e+23,7.871418e+22,0.00048275,59.809,13480730000000,0.00134162,31.689,98147590000000,4816.138,37.414,99.371,-0.20747653,2763.324463,4.697,97.253,42.792,13112,2022-09-30 16:11:00,M,,,,
695,2022-10-11 10:00:00,8640,5535.9,21.226,9.108956e+23,7.871418e+22,0.00048275,59.809,13480730000000,0.00134162,31.689,98147590000000,4816.138,37.414,99.371,-0.20747653,2763.324463,4.697,97.253,42.792,13112,2022-09-30 17:30:00,M,,,,
696,2022-10-11 10:00:00,8640,5535.9,21.226,9.108956e+23,7.871418e+22,0.00048275,59.809,13480730000000,0.00134162,31.689,98147590000000,4816.138,37.414,99.371,-0.20747653,2763.324463,4.697,97.253,42.792,13112,2022-10-02 13:52:00,M,,,,
697,2022-10-11 10:00:00,8640,5535.9,21.226,9.108956e+23,7.871418e+22,0.00048275,59.809,13480730000000,0.00134162,31.689,98147590000000,4816.138,37.414,99.371,-0.20747653,2763.324463,4.697,97.253,42.792,13112,2022-10-02 15:34:00,M,,,,
698,2022-10-11 10:00:00,8640,5535.9,21.226,9.108956e+23,7.871418e+22,0.00048275,59.809,13480730000000,0.00134162,31.689,98147590000000,4816.138,37.414,99.371,-0.20747653,2763.324463,4.697,97.253,42.792,13112,2022-10-03 02:19:00,M,,,,
699,2022-10-11 10:00:00,8640,5535.9,21.226,9.108956e+23,7.871418e+22,0.00048275,59.809,13480730000000,0.00134162,31.689,98147590000000,4816.138,37.414,99.371,-0.20747653,2763.324463,4.697,97.253,42.792,13112,2022-10-03 15:20:00,M,,,,
700,2022-10-11 10:00:00,8640,5535.9,21.226,9.108956e+23,7.871418e+22,0.00048275,59.809,13480730000000,0.00134162,31.689,98147590000000,4816.138,37.414,99.371,-0.20747653,2763.324463,4.697,97.253,42.792,13112,2022-10-10 16:07:00,M,,,,
702,2022-10-11 10:00:00,8640,5535.9,21.226,9.108956e+23,7.871418e+22,0.00048275,59.809,13480730000000,0.00134162,31.689,98147590000000,4816.138,37.414,99.371,-0.20747653,2763.324463,4.697,97.253,42.792,13112,2022-10-11 10:47:00,M,2022-10-11 11:36:00,CME,,
703,2022-10-11 10:00:00,8640,5535.9,21.226,9.108956e+23,7.871418e+22,0.00048275,59.809,13480730000000,0.00134162,31.689,98147590000000,4816.138,37.414,99.371,-0.20747653,2763.324463,4.697,97.253,42.792,13112,2022-10-12 16:26:00,C,2022-10-12 17:12:00,CME,,
704,2022-10-11 10:00:00,8640,5535.9,21.226,9.108956e+23,7.871418e+22,0.00048275,59.809,13480730000000,0.00134162,31.689,98147590000000,4816.138,37.414,99.371,-0.20747653,2763.324463,4.697,97.253,42.792,13112,2022-10-12 23:54:00,M,,,,
705,2022-10-11 10:00:00,8640,5535.9,21.226,9.108956e+23,7.871418e+22,0.00048275,59.809,13480730000000,0.00134162,31.689,98147590000000,4816.138,37.414,99.371,-0.20747653,2763.324463,4.697,97.253,42.792,13112,2022-10-14 09:51:00,M,,,,
706,2022-10-11 10:00:00,8640,5535.9,21.226,9.108956e+23,7.871418e+22,0.00048275,59.809,13480730000000,0.00134162,31.689,98147590000000,4816.138,37.414,99.371,-0.20747653,2763.324463,4.697,97.253,42.792,13116,2022-10-07 14:21:00,M,,,,
707,2022-10-11 10:00:00,8640,5535.9,21.226,9.108956e+23,7.871418e+22,0.00048275,59.809,13480730000000,0.00134162,31.689,98147590000000,4816.138,37.414,99.371,-0.20747653,2763.324463,4.697,97.253,42.792,13116,2022-10-10 00:35:00,M,,,,
708,2022-10-11 10:00:00,8640,5535.9,21.226,9.108956e+23,7.871418e+22,0.00048275,59.809,13480730000000,0.00134162,31.689,98147590000000,4816.138,37.414,99.371,-0.20747653,2763.324463,4.697,97.253,42.792,13120,,,,,,
709,2022-10-11 10:12:00,8640,5472.863,21.118,9.090268e+23,7.899683e+22,0.00039874,49.869,12439320000000,0.00112881,31.693,98022470000000,4795.399,37.42,98.582,-0.18966208,2759.19458,4.687,96.258,42.376,13112,2022-09-30 03:46:00,M,,,,
710,2022-10-11 10:12:00,8640,5472.863,21.118,9.090268e+23,7.899683e+22,0.00039874,49.869,12439320000000,0.00112881,31.693,98022470000000,4795.399,37.42,98.582,-0.18966208,2759.19458,4.687,96.258,42.376,13112,2022-09-30 16:11:00,M,,,,
711,2022-10-11 10:12:00,8640,5472.863,21.118,9.090268e+23,7.899683e+22,0.00039874,49.869,12439320000000,0.00112881,31.693,98022470000000,4795.399,37.42,98.582,-0.18966208,2759.19458,4.687,96.258,42.376,13112,2022-09-30 17:30:00,M,,,,
712,2022-10-11 10:12:00,8640,5472.863,21.118,9.090268e+23,7.899683e+22,0.00039874,49.869,12439320000000,0.00112881,31.693,98022470000000,4795.399,37.42,98.582,-0.18966208,2759.19458,4.687,96.258,42.376,13112,2022-10-02 13:52:00,M,,,,
713,2022-10-11 10:12:00,8640,5472.863,21.118,9.090268e+23,7.899683e+22,0.00039874,49.869,12439320000000,0.00112881,31.693,98022470000000,4795.399,37.42,98.582,-0.18966208,2759.19458,4.687,96.258,42.376,13112,2022-10-02 15:34:00,M,,,,
714,2022-10-11 10:12:00,8640,5472.863,21.118,9.090268e+23,7.899683e+22,0.00039874,49.869,12439320000000,0.00112881,31.693,98022470000000,4795.399,37.42,98.582,-0.18966208,2759.19458,4.687,96.258,42.376,13112,2022-10-03 02:19:00,M,,,,
715,2022-10-11 10:12:00,8640,5472.863,21.118,9.090268e+23,7.899683e+22,0.00039874,49.869,12439320000000,0.00112881,31.693,98022470000000,4795.399,37.42,98.582,-0.18966208,2759.19458,4.687,96.258,42.376,13112,2022-10-03 15:20:00,M,,,,
716,2022-10-11 10:12:00,8640,5472.863,21.118,9.090268e+23,7.899683e+22,0.00039874,49.869,12439320000000,0.00112881,31.693,98022470000000,4795.399,37.42,98.582,-0.18966208,2759.19458,4.687,96.258,42.376,13112,2022-10-10 16:07:00,M,,,,
718,2022-10-11 10:12:00,8640,5472.863,21.118,9.090268e+23,7.899683e+22,0.00039874,49.869,12439320000000,0.00112881,31.693,98022470000000,4795.399,37.42,98.582,-0.18966208,2759.19458,4.687,96.258,42.376,13112,2022-10-11 10:47:00,M,2022-10-11 11:36:00,CME,,
719,2022-10-11 10:12:00,8640,5472.863,21.118,9.090268e+23,7.899683e+22,0.00039874,49.869,12439320000000,0.00112881,31.693,98022470000000,4795.399,37.42,98.582,-0.18966208,2759.19458,4.687,96.258,42.376,13112,2022-10-12 16:26:00,C,2022-10-12 17:12:00,CME,,
720,2022-10-11 10:12:00,8640,5472.863,21.118,9.090268e+23,7.899683e+22,0.00039874,49.869,12439320000000,0.00112881,31.693,98022470000000,4795.399,37.42,98.582,-0.18966208,2759.19458,4.687,96.258,42.376,13112,2022-10-12 23:54:00,M,,,,
721,2022-10-11 10:12:00,8640,5472.863,21.118,9.090268e+23,7.899683e+22,0.00039874,49.869,12439320000000,0.00112881,31.693,98022470000000,4795.399,37.42,98.582,-0.18966208,2759.19458,4.687,96.258,42.376,13112,2022-10-14 09:51:00,M,,,,
722,2022-10-11 10:12:00,8640,5472.863,21.118,9.090268e+23,7.899683e+22,0.00039874,49.869,12439320000000,0.00112881,31.693,98022470000000,4795.399,37.42,98.582,-0.18966208,2759.19458,4.687,96.258,42.376,13116,2022-10-07 14:21:00,M,,,,
723,2022-10-11 10:12:00,8640,5472.863,21.118,9.090268e+23,7.899683e+22,0.00039874,49.869,12439320000000,0.00112881,31.693,98022470000000,4795.399,37.42,98.582,-0.18966208,2759.19458,4.687,96.258,42.376,13116,2022-10-10 00:35:00,M,,,,
724,2022-10-11 10:12:00,8640,5472.863,21.118,9.090268e+23,7.899683e+22,0.00039874,49.869,12439320000000,0.00112881,31.693,98022470000000,4795.399,37.42,98.582,-0.18966208,2759.19458,4.687,96.258,42.376,13120,,,,,,
725,2022-10-11 10:24:00,8640,5399.997,20.943,9.03572e+23,7.926836e+22,0.00024542,30.921,12775560000000,0.00070657,31.578,98111440000000,4807.912,37.253,98.041,-0.19336012,2766.888672,4.633,95.694,41.881,13112,2022-09-30 03:46:00,M,,,,
726,2022-10-11 10:24:00,8640,5399.997,20.943,9.03572e+23,7.926836e+22,0.00024542,30.921,12775560000000,0.00070657,31.578,98111440000000,4807.912,37.253,98.041,-0.19336012,2766.888672,4.633,95.694,41.881,13112,2022-09-30 16:11:00,M,,,,
727,2022-10-11 10:24:00,8640,5399.997,20.943,9.03572e+23,7.926836e+22,0.00024542,30.921,12775560000000,0.00070657,31.578,98111440000000,4807.912,37.253,98.041,-0.19336012,2766.888672,4.633,95.694,41.881,13112,2022-09-30 17:30:00,M,,,,
728,2022-10-11 10:24:00,8640,5399.997,20.943,9.03572e+23,7.926836e+22,0.00024542,30.921,12775560000000,0.00070657,31.578,98111440000000,4807.912,37.253,98.041,-0.19336012,2766.888672,4.633,95.694,41.881,13112,2022-10-02 13:52:00,M,,,,
729,2022-10-11 10:24:00,8640,5399.997,20.943,9.03572e+23,7.926836e+22,0.00024542,30.921,12775560000000,0.00070657,31.578,98111440000000,4807.912,37.253,98.041,-0.19336012,2766.888672,4.633,95.694,41.881,13112,2022-10-02 15:34:00,M,,,,
730,2022-10-11 10:24:00,8640,5399.997,20.943,9.03572e+23,7.926836e+22,0.00024542,30.921,12775560000000,0.00070657,31.578,98111440000000,4807.912,37.253,98.041,-0.19336012,2766.888672,4.633,95.694,41.881,13112,2022-10-03 02:19:00,M,,,,
731,2022-10-11 10:24:00,8640,5399.997,20.943,9.03572e+23,7.926836e+22,0.00024542,30.921,12775560000000,0.00070657,31.578,98111440000000,4807.912,37.253,98.041,-0.19336012,2766.888672,4.633,95.694,41.881,13112,2022-10-03 15:20:00,M,,,,
732,2022-10-11 10:24:00,8640,5399.997,20.943,9.03572e+23,7.926836e+22,0.00024542,30.921,12775560000000,0.00070657,31.578,98111440000000,4807.912,37.253,98.041,-0.19336012,2766.888672,4.633,95.694,41.881,13112,2022-10-10 16:07:00,M,,,,
734,2022-10-11 10:24:00,8640,5399.997,20.943,9.03572e+23,7.926836e+22,0.00024542,30.921,12775560000000,0.00070657,31.578,98111440000000,4807.912,37.253,98.041,-0.19336012,2766.888672,4.633,95.694,41.881,13112,2022-10-11 10:47:00,M,2022-10-11 11:36:00,CME,,
735,2022-10-11 10:24:00,8640,5399.997,20.943,9.03572e+23,7.926836e+22,0.00024542,30.921,12775560000000,0.00070657,31.578,98111440000000,4807.912,37.253,98.041,-0.19336012,2766.888672,4.633,95.694,41.881,13112,2022-10-12 16:26:00,C,2022-10-12 17:12:00,CME,,
736,2022-10-11 10:24:00,8640,5399.997,20.943,9.03572e+23,7.926836e+22,0.00024542,30.921,12775560000000,0.00070657,31.578,98111440000000,4807.912,37.253,98.041,-0.19336012,2766.888672,4.633,95.694,41.881,13112,2022-10-12 23:54:00,M,,,,
737,2022-10-11 10:24:00,8640,5399.997,20.943,9.03572e+23,7.926836e+22,0.00024542,30.921,12775560000000,0.00070657,31.578,98111440000000,4807.912,37.253,98.041,-0.19336012,2766.888672,4.633,95.694,41.881,13112,2022-10-14 09:51:00,M,,,,
738,2022-10-11 10:24:00,8640,5399.997,20.943,9.03572e+23,7.926836e+22,0.00024542,30.921,12775560000000,0.00070657,31.578,98111440000000,4807.912,37.253,98.041,-0.19336012,2766.888672,4.633,95.694,41.881,13116,2022-10-07 14:21:00,M,,,,
739,2022-10-11 10:24:00,8640,5399.997,20.943,9.03572e+23,7.926836e+22,0.00024542,30.921,12775560000000,0.00070657,31.578,98111440000000,4807.912,37.253,98.041,-0.19336012,2766.888672,4.633,95.694,41.881,13116,2022-10-10 00:35:00,M,,,,
740,2022-10-11 10:24:00,8640,5399.997,20.943,9.03572e+23,7.926836e+22,0.00024542,30.921,12775560000000,0.00070657,31.578,98111440000000,4807.912,37.253,98.041,-0.19336012,2766.888672,4.633,95.694,41.881,13120,,,,,,
741,2022-10-11 10:36:00,8640,5321.321,20.967,8.98513e+23,7.940937e+22,0.00026352,33.504,11402010000000,0.00077649,31.524,97078670000000,4742.546,37.334,96.666,-0.17101856,2743.764404,4.653,94.483,41.131,13112,2022-09-30 03:46:00,M,,,,
742,2022-10-11 10:36:00,8640,5321.321,20.967,8.98513e+23,7.940937e+22,0.00026352,33.504,11402010000000,0.00077649,31.524,97078670000000,4742.546,37.334,96.666,-0.17101856,2743.764404,4.653,94.483,41.131,13112,2022-09-30 16:11:00,M,,,,
743,2022-10-11 10:36:00,8640,5321.321,20.967,8.98513e+23,7.940937e+22,0.00026352,33.504,11402010000000,0.00077649,31.524,97078670000000,4742.546,37.334,96.666,-0.17101856,2743.764404,4.653,94.483,41.131,13112,2022-09-30 17:30:00,M,,,,
744,2022-10-11 10:36:00,8640,5321.321,20.967,8.98513e+23,7.940937e+22,0.00026352,33.504,11402010000000,0.00077649,31.524,97078670000000,4742.546,37.334,96.666,-0.17101856,2743.764404,4.653,94.483,41.131,13112,2022-10-02 13:52:00,M,,,,
745,2022-10-11 10:36:00,8640,5321.321,20.967,8.98513e+23,7.940937e+22,0.00026352,33.504,11402010000000,0.00077649,31.524,97078670000000,4742.546,37.334,96.666,-0.17101856,2743.764404,4.653,94.483,41.131,13112,2022-10-02 15:34:00,M,,,,
746,2022-10-11 10:36:00,8640,5321.321,20.967,8.98513e+23,7.940937e+22,0.00026352,33.504,11402010000000,0.00077649,31.524,97078670000000,4742.546,37.334,96.666,-0.17101856,2743.764404,4.653,94.483,41.131,13112,2022-10-03 02:19:00,M,,,,
747,2022-10-11 10:36:00,8640,5321.321,20.967,8.98513e+23,7.940937e+22,0.00026352,33.504,11402010000000,0.00077649,31.524,97078670000000,4742.546,37.334,96.666,-0.17101856,2743.764404,4.653,94.483,41.131,13112,2022-10-03 15:20:00,M,,,,
748,2022-10-11 10:36:00,8640,5321.321,20.967,8.98513e+23,7.940937e+22,0.00026352,33.504,11402010000000,0.00077649,31.524,97078670000000,4742.546,37.334,96.666,-0.17101856,2743.764404,4.653,94.483,41.131,13112,2022-10-10 16:07:00,M,,,,
750,2022-10-11 10:36:00,8640,5321.321,20.967,8.98513e+23,7.940937e+22,0.00026352,33.504,11402010000000,0.00077649,31.524,97078670000000,4742.546,37.334,96.666,-0.17101856,2743.764404,4.653,94.483,41.131,13112,2022-10-11 10:47:00,M,2022-10-11 11:36:00,CME,,
751,2022-10-11 10:36:00,8640,5321.321,20.967,8.98513e+23,7.940937e+22,0.00026352,33.504,11402010000000,0.00077649,31.524,97078670000000,4742.546,37.334,96.666,-0.17101856,2743.764404,4.653,94.483,41.131,13112,2022-10-12 16:26:00,C,2022-10-12 17:12:00,CME,,
752,2022-10-11 10:36:00,8640,5321.321,20.967,8.98513e+23,7.940937e+22,0.00026352,33.504,11402010000000,0.00077649,31.524,97078670000000,4742.546,37.334,96.666,-0.17101856,2743.764404,4.653,94.483,41.131,13112,2022-10-12 23:54:00,M,,,,
753,2022-10-11 10:36:00,8640,5321.321,20.967,8.98513e+23,7.940937e+22,0.00026352,33.504,11402010000000,0.00077649,31.524,97078670000000,4742.546,37.334,96.666,-0.17101856,2743.764404,4.653,94.483,41.131,13112,2022-10-14 09:51:00,M,,,,
754,2022-10-11 10:36:00,8640,5321.321,20.967,8.98513e+23,7.940937e+22,0.00026352,33.504,11402010000000,0.00077649,31.524,97078670000000,4742.546,37.334,96.666,-0.17101856,2743.764404,4.653,94.483,41.131,13116,2022-10-07 14:21:00,M,,,,
755,2022-10-11 10:36:00,8640,5321.321,20.967,8.98513e+23,7.940937e+22,0.00026352,33.504,11402010000000,0.00077649,31.524,97078670000000,4742.546,37.334,96.666,-0.17101856,2743.764404,4.653,94.483,41.131,13116,2022-10-10 00:35:00,M,,,,
756,2022-10-11 10:36:00,8640,5321.321,20.967,8.98513e+23,7.940937e+22,0.00026352,33.504,11402010000000,0.00077649,31.524,97078670000000,4742.546,37.334,96.666,-0.17101856,2743.764404,4.653,94.483,41.131,13120,,,,,,
758,2022-11-07 16:00:00,8766,10342.84,36.36,1.109822e+24,5.334093e+22,-2.546e-05,2.057,9241699000000,-5.569e-05,39.974,65667890000000,3076.423,45.181,91.325,-0.22148211,1840.625488,4.645,85.95,42.303,13140,2022-11-15 02:48:00,M,,,,
760,2022-11-07 16:00:00,8766,10342.84,36.36,1.109822e+24,5.334093e+22,-2.546e-05,2.057,9241699000000,-5.569e-05,39.974,65667890000000,3076.423,45.181,91.325,-0.22148211,1840.625488,4.645,85.95,42.303,13141,2022-11-11 07:00:00,M,,,,
761,2022-11-07 16:00:00,8766,10342.84,36.36,1.109822e+24,5.334093e+22,-2.546e-05,2.057,9241699000000,-5.569e-05,39.974,65667890000000,3076.423,45.181,91.325,-0.22148211,1840.625488,4.645,85.95,42.303,13141,2022-11-11 11:27:00,M,,,,
762,2022-11-07 16:00:00,8766,10342.84,36.36,1.109822e+24,5.334093e+22,-2.546e-05,2.057,9241699000000,-5.569e-05,39.974,65667890000000,3076.423,45.181,91.325,-0.22148211,1840.625488,4.645,85.95,42.303,13141,2022-11-12 00:09:00,M,,,,
767,2022-11-07 16:12:00,8766,10264.55,36.329,1.111617e+24,5.376392e+22,0.00019119,15.591,8057850000000,0.00041878,39.868,65364440000000,3062.82,45.065,91.056,-0.19134293,1847.727295,4.652,85.671,41.9,13140,2022-11-15 02:48:00,M,,,,
769,2022-11-07 16:12:00,8766,10264.55,36.329,1.111617e+24,5.376392e+22,0.00019119,15.591,8057850000000,0.00041878,39.868,65364440000000,3062.82,45.065,91.056,-0.19134293,1847.727295,4.652,85.671,41.9,13141,2022-11-11 07:00:00,M,,,,
770,2022-11-07 16:12:00,8766,10264.55,36.329,1.111617e+24,5.376392e+22,0.00019119,15.591,8057850000000,0.00041878,39.868,65364440000000,3062.82,45.065,91.056,-0.19134293,1847.727295,4.652,85.671,41.9,13141,2022-11-11 11:27:00,M,,,,
771,2022-11-07 16:12:00,8766,10264.55,36.329,1.111617e+24,5.376392e+22,0.00019119,15.591,8057850000000,0.00041878,39.868,65364440000000,3062.82,45.065,91.056,-0.19134293,1847.727295,4.652,85.671,41.9,13141,2022-11-12 00:09:00,M,,,,
776,2022-11-07 16:24:00,8766,10172.53,36.234,1.116025e+24,5.412331e+22,-8e-07,0.066,7664768000000,-1.76e-06,39.94,64960520000000,3047.907,45.125,90.776,-0.17966788,1844.525391,4.672,85.467,41.521,13140,2022-11-15 02:48:00,M,,,,
778,2022-11-07 16:24:00,8766,10172.53,36.234,1.116025e+24,5.412331e+22,-8e-07,0.066,7664768000000,-1.76e-06,39.94,64960520000000,3047.907,45.125,90.776,-0.17966788,1844.525391,4.672,85.467,41.521,13141,2022-11-11 07:00:00,M,,,,
779,2022-11-07 16:24:00,8766,10172.53,36.234,1.116025e+24,5.412331e+22,-8e-07,0.066,7664768000000,-1.76e-06,39.94,64960520000000,3047.907,45.125,90.776,-0.17966788,1844.525391,4.672,85.467,41.521,13141,2022-11-11 11:27:00,M,,,,
780,2022-11-07 16:24:00,8766,10172.53,36.234,1.116025e+24,5.412331e+22,-8e-07,0.066,7664768000000,-1.76e-06,39.94,64960520000000,3047.907,45.125,90.776,-0.17966788,1844.525391,4.672,85.467,41.521,13141,2022-11-12 00:09:00,M,,,,
785,2022-11-07 16:36:00,8766,10018.61,35.823,1.119295e+24,5.470745e+22,-1.58e-05,1.329,6680553000000,-3.53e-05,39.787,65987370000000,3069.992,44.959,90.577,-0.15335129,1846.664185,4.626,85.53,41.487,13140,2022-11-15 02:48:00,M,,,,
787,2022-11-07 16:36:00,8766,10018.61,35.823,1.119295e+24,5.470745e+22,-1.58e-05,1.329,6680553000000,-3.53e-05,39.787,65987370000000,3069.992,44.959,90.577,-0.15335129,1846.664185,4.626,85.53,41.487,13141,2022-11-11 07:00:00,M,,,,
788,2022-11-07 16:36:00,8766,10018.61,35.823,1.119295e+24,5.470745e+22,-1.58e-05,1.329,6680553000000,-3.53e-05,39.787,65987370000000,3069.992,44.959,90.577,-0.15335129,1846.664185,4.626,85.53,41.487,13141,2022-11-11 11:27:00,M,,,,
789,2022-11-07 16:36:00,8766,10018.61,35.823,1.119295e+24,5.470745e+22,-1.58e-05,1.329,6680553000000,-3.53e-05,39.787,65987370000000,3069.992,44.959,90.577,-0.15335129,1846.664185,4.626,85.53,41.487,13141,2022-11-12 00:09:00,M,,,,
794,2022-11-07 16:48:00,8766,9924.089,35.719,1.121744e+24,5.50585e+22,-0.00026786,22.797,7171104000000,-0.00060328,39.657,65816190000000,3070.047,44.959,89.998,-0.16316028,1841.541504,4.626,84.94,41.054,13140,2022-11-15 02:48:00,M,,,,
796,2022-11-07 16:48:00,8766,9924.089,35.719,1.121744e+24,5.50585e+22,-0.00026786,22.797,7171104000000,-0.00060328,39.657,65816190000000,3070.047,44.959,89.998,-0.16316028,1841.541504,4.626,84.94,41.054,13141,2022-11-11 07:00:00,M,,,,
797,2022-11-07 16:48:00,8766,9924.089,35.719,1.121744e+24,5.50585e+22,-0.00026786,22.797,7171104000000,-0.00060328,39.657,65816190000000,3070.047,44.959,89.998,-0.16316028,1841.541504,4.626,84.94,41.054,13141,2022-11-11 11:27:00,M,,,,
798,2022-11-07 16:48:00,8766,9924.089,35.719,1.121744e+24,5.50585e+22,-0.00026786,22.797,7171104000000,-0.00060328,39.657,65816190000000,3070.047,44.959,89.998,-0.16316028,1841.541504,4.626,84.94,41.054,13141,2022-11-12 00:09:00,M,,,,
803,2022-11-07 17:00:00,8766,9878.836,36.014,1.130943e+24,5.514379e+22,-0.00033192,28.612,8424630000000,-0.00075855,39.861,66207230000000,3063.07,45.1,89.212,-0.18925817,1855.854736,4.616,84.222,40.844,13140,2022-11-15 02:48:00,M,,,,
805,2022-11-07 17:00:00,8766,9878.836,36.014,1.130943e+24,5.514379e+22,-0.00033192,28.612,8424630000000,-0.00075855,39.861,66207230000000,3063.07,45.1,89.212,-0.18925817,1855.854736,4.616,84.222,40.844,13141,2022-11-11 07:00:00,M,,,,
806,2022-11-07 17:00:00,8766,9878.836,36.014,1.130943e+24,5.514379e+22,-0.00033192,28.612,8424630000000,-0.00075855,39.861,66207230000000,3063.07,45.1,89.212,-0.18925817,1855.854736,4.616,84.222,40.844,13141,2022-11-11 11:27:00,M,,,,
807,2022-11-07 17:00:00,8766,9878.836,36.014,1.130943e+24,5.514379e+22,-0.00033192,28.612,8424630000000,-0.00075855,39.861,66207230000000,3063.07,45.1,89.212,-0.18925817,1855.854736,4.616,84.222,40.844,13141,2022-11-12 00:09:00,M,,,,
812,2022-11-07 17:12:00,8766,9835.019,36.113,1.132666e+24,5.528873e+22,-0.0006426,55.723,5548631000000,-0.00147643,39.777,67240770000000,3085.023,45.101,89.276,-0.12390945,1858.595581,4.648,84.484,40.952,13140,2022-11-15 02:48:00,M,,,,
814,2022-11-07 17:12:00,8766,9835.019,36.113,1.132666e+24,5.528873e+22,-0.0006426,55.723,5548631000000,-0.00147643,39.777,67240770000000,3085.023,45.101,89.276,-0.12390945,1858.595581,4.648,84.484,40.952,13141,2022-11-11 07:00:00,M,,,,
815,2022-11-07 17:12:00,8766,9835.019,36.113,1.132666e+24,5.528873e+22,-0.0006426,55.723,5548631000000,-0.00147643,39.777,67240770000000,3085.023,45.101,89.276,-0.12390945,1858.595581,4.648,84.484,40.952,13141,2022-11-11 11:27:00,M,,,,
816,2022-11-07 17:12:00,8766,9835.019,36.113,1.132666e+24,5.528873e+22,-0.0006426,55.723,5548631000000,-0.00147643,39.777,67240770000000,3085.023,45.101,89.276,-0.12390945,1858.595581,4.648,84.484,40.952,13141,2022-11-12 00:09:00,M,,,,
821,2022-11-07 17:24:00,8766,9810.909,36.133,1.129043e+24,5.525417e+22,-0.00049472,42.869,5369320000000,-0.00113659,39.789,66539030000000,3053.024,45.081,89.061,-0.11999681,1857.356812,4.623,84.087,40.65,13140,2022-11-15 02:48:00,M,,,,
823,2022-11-07 17:24:00,8766,9810.909,36.133,1.129043e+24,5.525417e+22,-0.00049472,42.869,5369320000000,-0.00113659,39.789,66539030000000,3053.024,45.081,89.061,-0.11999681,1857.356812,4.623,84.087,40.65,13141,2022-11-11 07:00:00,M,,,,
824,2022-11-07 17:24:00,8766,9810.909,36.133,1.129043e+24,5.525417e+22,-0.00049472,42.869,5369320000000,-0.00113659,39.789,66539030000000,3053.024,45.081,89.061,-0.11999681,1857.356812,4.623,84.087,40.65,13141,2022-11-11 11:27:00,M,,,,
825,2022-11-07 17:24:00,8766,9810.909,36.133,1.129043e+24,5.525417e+22,-0.00049472,42.869,5369320000000,-0.00113659,39.789,66539030000000,3053.024,45.081,89.061,-0.11999681,1857.356812,4.623,84.087,40.65,13141,2022-11-12 00:09:00,M,,,,
830,2022-11-07 17:36:00,8766,9745.759,35.967,1.134837e+24,5.518515e+22,-0.00049145,43.088,6709545000000,-0.00115032,,65849240000000,3009.982,45.229,88.293,-0.14819455,1872.05481,4.653,83.326,40.303,13140,2022-11-15 02:48:00,M,,,,
832,2022-11-07 17:36:00,8766,9745.759,35.967,1.134837e+24,5.518515e+22,-0.00049145,43.088,6709545000000,-0.00115032,,65849240000000,3009.982,45.229,88.293,-0.14819455,1872.05481,4.653,83.326,40.303,13141,2022-11-11 07:00:00,M,,,,
833,2022-11-07 17:36:00,8766,9745.759,35.967,1.134837e+24,5.518515e+22,-0.00049145,43.088,6709545000000,-0.00115032,,65849240000000,3009.982,45.229,88.293,-0.14819455,1872.05481,4.653,83.326,40.303,13141,2022-11-11 11:27:00,M,,,,
834,2022-11-07 17:36:00,8766,9745.759,35.967,1.134837e+24,5.518515e+22,-0.00049145,43.088,6709545000000,-0.00115032,,65849240000000,3009.982,45.229,88.293,-0.14819455,1872.05481,4.653,83.326,40.303,13141,2022-11-12 00:09:00,M,,,,
883,2022-12-04 23:36:00,8846,4135.787,14.079,4.340344e+23,4.996337e+22,-0.00164919,130.32,5958562000000,-0.00492988,27.761,54796960000000,2648.943,32.627,91.714,-0.14761557,1289.271118,4.282,90.118,35.436,13156,,,,,,
885,2022-12-04 23:36:00,8846,4135.787,14.079,4.340344e+23,4.996337e+22,-0.00164919,130.32,5958562000000,-0.00492988,27.761,54796960000000,2648.943,32.627,91.714,-0.14761557,1289.271118,4.282,90.118,35.436,13161,,,,,,
886,2022-12-04 23:48:00,8846,4074.478,13.726,4.290557e+23,5.012935e+22,-0.00200173,158.719,5425602000000,-0.00599064,27.513,54077050000000,2645.335,32.356,91.367,-0.13329831,1284.575684,4.275,90.053,35.229,13156,,,,,,
888,2022-12-04 23:48:00,8846,4074.478,13.726,4.290557e+23,5.012935e+22,-0.00200173,158.719,5425602000000,-0.00599064,27.513,54077050000000,2645.335,32.356,91.367,-0.13329831,1284.575684,4.275,90.053,35.229,13161,,,,,,
889,2022-12-05 00:00:00,8846,4054.07,13.624,4.268798e+23,5.001707e+22,-0.00181454,143.866,5326472000000,-0.00544377,27.432,53355410000000,2612.335,32.4,91.206,-0.13000481,1283.996948,4.273,89.784,35.011,13156,,,,,,
891,2022-12-05 00:00:00,8846,4054.07,13.624,4.268798e+23,5.001707e+22,-0.00181454,143.866,5326472000000,-0.00544377,27.432,53355410000000,2612.335,32.4,91.206,-0.13000481,1283.996948,4.273,89.784,35.011,13161,,,,,,
892,2022-12-05 00:12:00,8846,4058.539,13.95,4.304605e+23,5.00705e+22,-0.00136013,108.622,6243014000000,-0.00411862,27.575,53217330000000,2579.998,32.555,90.827,-0.15302534,1287.548828,4.252,89.514,35.009,13156,,,,,,
894,2022-12-05 00:12:00,8846,4058.539,13.95,4.304605e+23,5.00705e+22,-0.00136013,108.622,6243014000000,-0.00411862,27.575,53217330000000,2579.998,32.555,90.827,-0.15302534,1287.548828,4.252,89.514,35.009,13161,,,,,,
895,2022-12-05 00:24:00,8846,4017.016,13.886,4.288679e+23,5.016806e+22,-0.00138348,111.214,7448238000000,-0.00422491,27.573,53553150000000,2588.838,32.627,90.923,-0.18136673,1273.517456,4.252,89.622,34.957,13156,,,,,,
897,2022-12-05 00:24:00,8846,4017.016,13.886,4.288679e+23,5.016806e+22,-0.00138348,111.214,7448238000000,-0.00422491,27.573,53553150000000,2588.838,32.627,90.923,-0.18136673,1273.517456,4.252,89.622,34.957,13161,,,,,,
898,2022-12-05 00:36:00,8846,4030.883,13.559,4.291812e+23,5.013638e+22,-0.0017981,144.159,5359319000000,-0.00548738,27.432,53895810000000,2609.934,32.33,91.052,-0.12521331,1276.338257,4.202,90.015,34.943,13156,,,,,,
900,2022-12-05 00:36:00,8846,4030.883,13.559,4.291812e+23,5.013638e+22,-0.0017981,144.159,5359319000000,-0.00548738,27.432,53895810000000,2609.934,32.33,91.052,-0.12521331,1276.338257,4.202,90.015,34.943,13161,,,,,,
901,2022-12-05 00:48:00,8846,4087.85,13.497,4.277171e+23,4.96987e+22,-0.00166347,131.051,5540433000000,-0.00500831,27.357,52978380000000,2590.081,32.256,91.987,-0.13765392,1278.430176,4.248,90.74,35.012,13156,,,,,,
903,2022-12-05 00:48:00,8846,4087.85,13.497,4.277171e+23,4.96987e+22,-0.00166347,131.051,5540433000000,-0.00500831,27.357,52978380000000,2590.081,32.256,91.987,-0.13765392,1278.430176,4.248,90.74,35.012,13161,,,,,,
904,2022-12-05 01:00:00,8846,4062.263,13.558,4.257249e+23,4.962676e+22,-0.00175199,138.25,5512864000000,-0.0052998,27.336,53039420000000,2575.965,32.342,91.047,-0.12675621,1278.258301,4.225,90.123,34.922,13156,,,,,,
906,2022-12-05 01:00:00,8846,4062.263,13.558,4.257249e+23,4.962676e+22,-0.00175199,138.25,5512864000000,-0.0052998,27.336,53039420000000,2575.965,32.342,91.047,-0.12675621,1278.258301,4.225,90.123,34.922,13161,,,,,,
907,2022-12-05 01:12:00,8846,4077.144,13.787,4.289576e+23,4.940728e+22,-0.00183774,145.585,7293895000000,-0.00562294,27.511,52775870000000,2544.554,32.642,90.572,-0.18021438,1284.43457,4.252,89.683,34.833,13156,,,,,,
909,2022-12-05 01:12:00,8846,4077.144,13.787,4.289576e+23,4.940728e+22,-0.00183774,145.585,7293895000000,-0.00562294,27.511,52775870000000,2544.554,32.642,90.572,-0.18021438,1284.43457,4.252,89.683,34.833,13161,,,,,,
911,2023-03-24 07:24:00,9250,10809.11,38.205,8.962528e+23,4.076758e+22,0.00318633,198.935,3336922000000,0.00682486,40.661,68670990000000,3424.297,48.962,111.549,0.10220534,2611.814941,4.436,108.976,62.305,13256,2023-03-20 01:19:00,M,,,,
912,2023-03-24 07:24:00,9250,10809.11,38.205,8.962528e+23,4.076758e+22,0.00318633,198.935,3336922000000,0.00682486,40.661,68670990000000,3424.297,48.962,111.549,0.10220534,2611.814941,4.436,108.976,62.305,13256,2023-03-29 02:18:00,X,,,,
913,2023-03-24 07:24:00,9250,10809.11,38.205,8.962528e+23,4.076758e+22,0.00318633,198.935,3336922000000,0.00682486,40.661,68670990000000,3424.297,48.962,111.549,0.10220534,2611.814941,4.436,108.976,62.305,13256,2023-03-29 13:47:00,M,,,,
914,2023-03-24 07:24:00,9250,10809.11,38.205,8.962528e+23,4.076758e+22,0.00318633,198.935,3336922000000,0.00682486,40.661,68670990000000,3424.297,48.962,111.549,0.10220534,2611.814941,4.436,108.976,62.305,13256,2023-03-29 23:35:00,M,,,,
917,2023-03-24 07:24:00,9250,10809.11,38.205,8.962528e+23,4.076758e+22,0.00318633,198.935,3336922000000,0.00682486,40.661,68670990000000,3424.297,48.962,111.549,0.10220534,2611.814941,4.436,108.976,62.305,13259,,,,,,
919,2023-03-24 07:36:00,9250,11160.54,38.575,9.004916e+23,4.047328e+22,0.00370571,225.137,3675816000000,0.00771633,40.732,67628040000000,3425.249,49.028,112.853,0.06619363,2620.413818,4.459,110.105,63.558,13256,2023-03-20 01:19:00,M,,,,
920,2023-03-24 07:36:00,9250,11160.54,38.575,9.004916e+23,4.047328e+22,0.00370571,225.137,3675816000000,0.00771633,40.732,67628040000000,3425.249,49.028,112.853,0.06619363,2620.413818,4.459,110.105,63.558,13256,2023-03-29 02:18:00,X,,,,
921,2023-03-24 07:36:00,9250,11160.54,38.575,9.004916e+23,4.047328e+22,0.00370571,225.137,3675816000000,0.00771633,40.732,67628040000000,3425.249,49.028,112.853,0.06619363,2620.413818,4.459,110.105,63.558,13256,2023-03-29 13:47:00,M,,,,
922,2023-03-24 07:36:00,9250,11160.54,38.575,9.004916e+23,4.047328e+22,0.00370571,225.137,3675816000000,0.00771633,40.732,67628040000000,3425.249,49.028,112.853,0.06619363,2620.413818,4.459,110.105,63.558,13256,2023-03-29 23:35:00,M,,,,
925,2023-03-24 07:36:00,9250,11160.54,38.575,9.004916e+23,4.047328e+22,0.00370571,225.137,3675816000000,0.00771633,40.732,67628040000000,3425.249,49.028,112.853,0.06619363,2620.413818,4.459,110.105,63.558,13259,,,,,,
926,2023-06-14 00:36:00,9680,3576.454,15.94,3.168851e+23,4.402123e+22,0.00095348,63.612,1912847000000,0.00283324,27.29,35469870000000,1870.287,33.899,73.401,-0.05285291,1237.294067,4.521,60.042,30.936,13335,,,,,,
927,2023-06-14 00:36:00,9680,3576.454,15.94,3.168851e+23,4.402123e+22,0.00095348,63.612,1912847000000,0.00283324,27.29,35469870000000,1870.287,33.899,73.401,-0.05285291,1237.294067,4.521,60.042,30.936,13336,2023-06-15 12:33:00,C,,,,
928,2023-06-14 00:36:00,9680,3576.454,15.94,3.168851e+23,4.402123e+22,0.00095348,63.612,1912847000000,0.00283324,27.29,35469870000000,1870.287,33.899,73.401,-0.05285291,1237.294067,4.521,60.042,30.936,13336,2023-06-18 00:25:00,M,,,,
930,2023-06-14 00:36:00,9680,3576.454,15.94,3.168851e+23,4.402123e+22,0.00095348,63.612,1912847000000,0.00283324,27.29,35469870000000,1870.287,33.899,73.401,-0.05285291,1237.294067,4.521,60.042,30.936,13347,,,,,,
931,2023-06-14 00:48:00,9680,3892.274,17.148,3.436375e+23,4.377406e+22,0.00122256,81.272,2537500000000,0.00363224,28.303,36060760000000,1881.04,34.639,76.269,-0.07036162,1224.90918,4.503,60.947,31.002,13335,,,,,,
932,2023-06-14 00:48:00,9680,3892.274,17.148,3.436375e+23,4.377406e+22,0.00122256,81.272,2537500000000,0.00363224,28.303,36060760000000,1881.04,34.639,76.269,-0.07036162,1224.90918,4.503,60.947,31.002,13336,2023-06-15 12:33:00,C,,,,
933,2023-06-14 00:48:00,9680,3892.274,17.148,3.436375e+23,4.377406e+22,0.00122256,81.272,2537500000000,0.00363224,28.303,36060760000000,1881.04,34.639,76.269,-0.07036162,1224.90918,4.503,60.947,31.002,13336,2023-06-18 00:25:00,M,,,,
935,2023-06-14 00:48:00,9680,3892.274,17.148,3.436375e+23,4.377406e+22,0.00122256,81.272,2537500000000,0.00363224,28.303,36060760000000,1881.04,34.639,76.269,-0.07036162,1224.90918,4.503,60.947,31.002,13347,,,,,,
936,2023-06-14 01:00:00,9680,3528.925,15.878,3.171824e+23,4.509307e+22,0.00265189,179.477,4625696000000,0.00767962,26.944,35711020000000,1960.173,33.938,71.502,-0.02565604,1219.589844,4.527,58.761,31.11,13335,,,,,,
937,2023-06-14 01:00:00,9680,3528.925,15.878,3.171824e+23,4.509307e+22,0.00265189,179.477,4625696000000,0.00767962,26.944,35711020000000,1960.173,33.938,71.502,-0.02565604,1219.589844,4.527,58.761,31.11,13336,2023-06-15 12:33:00,C,,,,
938,2023-06-14 01:00:00,9680,3528.925,15.878,3.171824e+23,4.509307e+22,0.00265189,179.477,4625696000000,0.00767962,26.944,35711020000000,1960.173,33.938,71.502,-0.02565604,1219.589844,4.527,58.761,31.11,13336,2023-06-18 00:25:00,M,,,,
940,2023-06-14 01:00:00,9680,3528.925,15.878,3.171824e+23,4.509307e+22,0.00265189,179.477,4625696000000,0.00767962,26.944,35711020000000,1960.173,33.938,71.502,-0.02565604,1219.589844,4.527,58.761,31.11,13347,,,,,,
941,2023-06-14 01:12:00,9680,3773.891,16.096,3.406785e+23,4.540832e+22,0.00112758,76.644,1823068000000,0.00324963,27.318,36137510000000,1970.185,34.005,74.066,-0.04943695,1223.718018,4.508,60.769,31.143,13335,,,,,,
942,2023-06-14 01:12:00,9680,3773.891,16.096,3.406785e+23,4.540832e+22,0.00112758,76.644,1823068000000,0.00324963,27.318,36137510000000,1970.185,34.005,74.066,-0.04943695,1223.718018,4.508,60.769,31.143,13336,2023-06-15 12:33:00,C,,,,
943,2023-06-14 01:12:00,9680,3773.891,16.096,3.406785e+23,4.540832e+22,0.00112758,76.644,1823068000000,0.00324963,27.318,36137510000000,1970.185,34.005,74.066,-0.04943695,1223.718018,4.508,60.769,31.143,13336,2023-06-18 00:25:00,M,,,,
945,2023-06-14 01:12:00,9680,3773.891,16.096,3.406785e+23,4.540832e+22,0.00112758,76.644,1823068000000,0.00324963,27.318,36137510000000,1970.185,34.005,74.066,-0.04943695,1223.718018,4.508,60.769,31.143,13347,,,,,,
946,2023-06-14 01:24:00,9680,3788.364,15.472,3.462464e+23,4.602763e+22,0.00380427,261.795,11614410000000,0.01092492,26.943,36749770000000,2054.955,34.213,73.007,-0.01064557,1250.025635,4.547,60.746,31.143,13335,,,,,,
947,2023-06-14 01:24:00,9680,3788.364,15.472,3.462464e+23,4.602763e+22,0.00380427,261.795,11614410000000,0.01092492,26.943,36749770000000,2054.955,34.213,73.007,-0.01064557,1250.025635,4.547,60.746,31.143,13336,2023-06-15 12:33:00,C,,,,
948,2023-06-14 01:24:00,9680,3788.364,15.472,3.462464e+23,4.602763e+22,0.00380427,261.795,11614410000000,0.01092492,26.943,36749770000000,2054.955,34.213,73.007,-0.01064557,1250.025635,4.547,60.746,31.143,13336,2023-06-18 00:25:00,M,,,,
950,2023-06-14 01:24:00,9680,3788.364,15.472,3.462464e+23,4.602763e+22,0.00380427,261.795,11614410000000,0.01092492,26.943,36749770000000,2054.955,34.213,73.007,-0.01064557,1250.025635,4.547,60.746,31.143,13347,,,,,,
951,2023-06-14 01:36:00,9680,3719.125,16.668,3.471145e+23,4.673889e+22,0.00331208,232.756,3704077000000,0.00954731,27.531,36901800000000,2034.996,34.589,72.585,-0.03660981,1254.582031,4.546,59.896,31.159,13335,,,,,,
952,2023-06-14 01:36:00,9680,3719.125,16.668,3.471145e+23,4.673889e+22,0.00331208,232.756,3704077000000,0.00954731,27.531,36901800000000,2034.996,34.589,72.585,-0.03660981,1254.582031,4.546,59.896,31.159,13336,2023-06-15 12:33:00,C,,,,
953,2023-06-14 01:36:00,9680,3719.125,16.668,3.471145e+23,4.673889e+22,0.00331208,232.756,3704077000000,0.00954731,27.531,36901800000000,2034.996,34.589,72.585,-0.03660981,1254.582031,4.546,59.896,31.159,13336,2023-06-18 00:25:00,M,,,,
955,2023-06-14 01:36:00,9680,3719.125,16.668,3.471145e+23,4.673889e+22,0.00331208,232.756,3704077000000,0.00954731,27.531,36901800000000,2034.996,34.589,72.585,-0.03660981,1254.582031,4.546,59.896,31.159,13347,,,,,,
956,2023-06-14 01:48:00,9680,3820.513,15.889,3.55867e+23,4.682861e+22,0.00315436,221.218,7260351000000,0.00905077,27.376,38081170000000,2092.927,34.345,75.752,-0.08077116,1229.943481,4.323,61.823,31.83,13335,,,,,,
957,2023-06-14 01:48:00,9680,3820.513,15.889,3.55867e+23,4.682861e+22,0.00315436,221.218,7260351000000,0.00905077,27.376,38081170000000,2092.927,34.345,75.752,-0.08077116,1229.943481,4.323,61.823,31.83,13336,2023-06-15 12:33:00,C,,,,
958,2023-06-14 01:48:00,9680,3820.513,15.889,3.55867e+23,4.682861e+22,0.00315436,221.218,7260351000000,0.00905077,27.376,38081170000000,2092.927,34.345,75.752,-0.08077116,1229.943481,4.323,61.823,31.83,13336,2023-06-18 00:25:00,M,,,,
960,2023-06-14 01:48:00,9680,3820.513,15.889,3.55867e+23,4.682861e+22,0.00315436,221.218,7260351000000,0.00905077,27.376,38081170000000,2092.927,34.345,75.752,-0.08077116,1229.943481,4.323,61.823,31.83,13347,,,,,,
961,2023-06-14 02:00:00,9680,3837.574,16.356,3.609574e+23,4.728873e+22,0.00207562,147.0,5223831000000,0.00595278,27.489,38479590000000,2099.975,34.267,74.781,-0.0961756,1231.488037,4.541,61.72,31.921,13335,,,,,,
962,2023-06-14 02:00:00,9680,3837.574,16.356,3.609574e+23,4.728873e+22,0.00207562,147.0,5223831000000,0.00595278,27.489,38479590000000,2099.975,34.267,74.781,-0.0961756,1231.488037,4.541,61.72,31.921,13336,2023-06-15 12:33:00,C,,,,
963,2023-06-14 02:00:00,9680,3837.574,16.356,3.609574e+23,4.728873e+22,0.00207562,147.0,5223831000000,0.00595278,27.489,38479590000000,2099.975,34.267,74.781,-0.0961756,1231.488037,4.541,61.72,31.921,13336,2023-06-18 00:25:00,M,,,,
965,2023-06-14 02:00:00,9680,3837.574,16.356,3.609574e+23,4.728873e+22,0.00207562,147.0,5223831000000,0.00595278,27.489,38479590000000,2099.975,34.267,74.781,-0.0961756,1231.488037,4.541,61.72,31.921,13347,,,,,,
966,2023-06-14 02:12:00,9680,3762.826,16.329,3.631766e+23,4.826444e+22,0.0019507,141.769,2356076000000,0.00561706,27.559,38287810000000,2118.549,34.786,71.545,-0.05075346,1226.42749,4.504,60.031,30.686,13335,,,,,,
967,2023-06-14 02:12:00,9680,3762.826,16.329,3.631766e+23,4.826444e+22,0.0019507,141.769,2356076000000,0.00561706,27.559,38287810000000,2118.549,34.786,71.545,-0.05075346,1226.42749,4.504,60.031,30.686,13336,2023-06-15 12:33:00,C,,,,
968,2023-06-14 02:12:00,9680,3762.826,16.329,3.631766e+23,4.826444e+22,0.0019507,141.769,2356076000000,0.00561706,27.559,38287810000000,2118.549,34.786,71.545,-0.05075346,1226.42749,4.504,60.031,30.686,13336,2023-06-18 00:25:00,M,,,,
970,2023-06-14 02:12:00,9680,3762.826,16.329,3.631766e+23,4.826444e+22,0.0019507,141.769,2356076000000,0.00561706,27.559,38287810000000,2118.549,34.786,71.545,-0.05075346,1226.42749,4.504,60.031,30.686,13347,,,,,,
971,2023-07-11 05:24:00,9751,4357.943,14.677,5.979053e+23,7.024951e+22,0.00283661,293.036,21311450000000,0.00749854,27.192,76025530000000,4026.058,33.515,89.031,0.01919325,1719.978149,4.636,85.721,39.943,13358,2023-07-03 06:43:00,M,,,,
972,2023-07-11 05:24:00,9751,4357.943,14.677,5.979053e+23,7.024951e+22,0.00283661,293.036,21311450000000,0.00749854,27.192,76025530000000,4026.058,33.515,89.031,0.01919325,1719.978149,4.636,85.721,39.943,13358,2023-07-10 22:06:00,M,,,,
976,2023-07-11 05:24:00,9751,4357.943,14.677,5.979053e+23,7.024951e+22,0.00283661,293.036,21311450000000,0.00749854,27.192,76025530000000,4026.058,33.515,89.031,0.01919325,1719.978149,4.636,85.721,39.943,13359,2023-07-07 06:17:00,M,,,,
978,2023-07-11 05:24:00,9751,4357.943,14.677,5.979053e+23,7.024951e+22,0.00283661,293.036,21311450000000,0.00749854,27.192,76025530000000,4026.058,33.515,89.031,0.01919325,1719.978149,4.636,85.721,39.943,13366,2023-07-12 00:21:00,M,,,,
979,2023-07-11 05:24:00,9751,4357.943,14.677,5.979053e+23,7.024951e+22,0.00283661,293.036,21311450000000,0.00749854,27.192,76025530000000,4026.058,33.515,89.031,0.01919325,1719.978149,4.636,85.721,39.943,13368,2023-07-11 23:34:00,M,,,,
980,2023-07-11 05:24:00,9751,4357.943,14.677,5.979053e+23,7.024951e+22,0.00283661,293.036,21311450000000,0.00749854,27.192,76025530000000,4026.058,33.515,89.031,0.01919325,1719.978149,4.636,85.721,39.943,13369,,,,,,
981,2023-07-11 05:36:00,9751,4416.985,14.47,5.956642e+23,6.972803e+22,0.00292148,296.656,22822470000000,0.00760839,27.108,75321250000000,4011.666,33.452,89.861,-0.00274628,1712.056641,4.61,86.703,40.349,13358,2023-07-03 06:43:00,M,,,,
982,2023-07-11 05:36:00,9751,4416.985,14.47,5.956642e+23,6.972803e+22,0.00292148,296.656,22822470000000,0.00760839,27.108,75321250000000,4011.666,33.452,89.861,-0.00274628,1712.056641,4.61,86.703,40.349,13358,2023-07-10 22:06:00,M,,,,
986,2023-07-11 05:36:00,9751,4416.985,14.47,5.956642e+23,6.972803e+22,0.00292148,296.656,22822470000000,0.00760839,27.108,75321250000000,4011.666,33.452,89.861,-0.00274628,1712.056641,4.61,86.703,40.349,13359,2023-07-07 06:17:00,M,,,,
988,2023-07-11 05:36:00,9751,4416.985,14.47,5.956642e+23,6.972803e+22,0.00292148,296.656,22822470000000,0.00760839,27.108,75321250000000,4011.666,33.452,89.861,-0.00274628,1712.056641,4.61,86.703,40.349,13366,2023-07-12 00:21:00,M,,,,
989,2023-07-11 05:36:00,9751,4416.985,14.47,5.956642e+23,6.972803e+22,0.00292148,296.656,22822470000000,0.00760839,27.108,75321250000000,4011.666,33.452,89.861,-0.00274628,1712.056641,4.61,86.703,40.349,13368,2023-07-11 23:34:00,M,,,,
990,2023-07-11 05:36:00,9751,4416.985,14.47,5.956642e+23,6.972803e+22,0.00292148,296.656,22822470000000,0.00760839,27.108,75321250000000,4011.666,33.452,89.861,-0.00274628,1712.056641,4.61,86.703,40.349,13369,,,,,,
991,2023-07-11 05:48:00,9751,4460.644,14.683,5.975946e+23,6.944547e+22,0.00271884,274.263,22225550000000,0.00703359,27.177,74525690000000,3974.732,33.552,90.176,-0.01349204,1711.787476,4.626,87.259,40.389,13358,2023-07-03 06:43:00,M,,,,
992,2023-07-11 05:48:00,9751,4460.644,14.683,5.975946e+23,6.944547e+22,0.00271884,274.263,22225550000000,0.00703359,27.177,74525690000000,3974.732,33.552,90.176,-0.01349204,1711.787476,4.626,87.259,40.389,13358,2023-07-10 22:06:00,M,,,,
996,2023-07-11 05:48:00,9751,4460.644,14.683,5.975946e+23,6.944547e+22,0.00271884,274.263,22225550000000,0.00703359,27.177,74525690000000,3974.732,33.552,90.176,-0.01349204,1711.787476,4.626,87.259,40.389,13359,2023-07-07 06:17:00,M,,,,
998,2023-07-11 05:48:00,9751,4460.644,14.683,5.975946e+23,6.944547e+22,0.00271884,274.263,22225550000000,0.00703359,27.177,74525690000000,3974.732,33.552,90.176,-0.01349204,1711.787476,4.626,87.259,40.389,13366,2023-07-12 00:21:00,M,,,,
999,2023-07-11 05:48:00,9751,4460.644,14.683,5.975946e+23,6.944547e+22,0.00271884,274.263,22225550000000,0.00703359,27.177,74525690000000,3974.732,33.552,90.176,-0.01349204,1711.787476,4.626,87.259,40.389,13368,2023-07-11 23:34:00,M,,,,
1000,2023-07-11 05:48:00,9751,4460.644,14.683,5.975946e+23,6.944547e+22,0.00271884,274.263,22225550000000,0.00703359,27.177,74525690000000,3974.732,33.552,90.176,-0.01349204,1711.787476,4.626,87.259,40.389,13369,,,,,,
1001,2023-07-11 06:00:00,9751,4434.967,14.55,5.971761e+23,6.969551e+22,0.00286533,290.516,21340810000000,0.00743422,27.109,75092550000000,3970.59,33.549,90.109,-0.00084744,1712.255249,4.635,87.41,40.548,13358,2023-07-03 06:43:00,M,,,,
1002,2023-07-11 06:00:00,9751,4434.967,14.55,5.971761e+23,6.969551e+22,0.00286533,290.516,21340810000000,0.00743422,27.109,75092550000000,3970.59,33.549,90.109,-0.00084744,1712.255249,4.635,87.41,40.548,13358,2023-07-10 22:06:00,M,,,,
1006,2023-07-11 06:00:00,9751,4434.967,14.55,5.971761e+23,6.969551e+22,0.00286533,290.516,21340810000000,0.00743422,27.109,75092550000000,3970.59,33.549,90.109,-0.00084744,1712.255249,4.635,87.41,40.548,13359,2023-07-07 06:17:00,M,,,,
1008,2023-07-11 06:00:00,9751,4434.967,14.55,5.971761e+23,6.969551e+22,0.00286533,290.516,21340810000000,0.00743422,27.109,75092550000000,3970.59,33.549,90.109,-0.00084744,1712.255249,4.635,87.41,40.548,13366,2023-07-12 00:21:00,M,,,,
1009,2023-07-11 06:00:00,9751,4434.967,14.55,5.971761e+23,6.969551e+22,0.00286533,290.516,21340810000000,0.00743422,27.109,75092550000000,3970.59,33.549,90.109,-0.00084744,1712.255249,4.635,87.41,40.548,13368,2023-07-11 23:34:00,M,,,,
1010,2023-07-11 06:00:00,9751,4434.967,14.55,5.971761e+23,6.969551e+22,0.00286533,290.516,21340810000000,0.00743422,27.109,75092550000000,3970.59,33.549,90.109,-0.00084744,1712.255249,4.635,87.41,40.548,13369,,,,,,
1011,2023-07-11 06:12:00,9751,4529.564,15.228,6.032186e+23,6.890443e+22,0.00312441,313.303,24194630000000,0.0080765,27.442,73881730000000,3909.169,34.05,90.502,-0.01717306,1717.029663,4.611,87.522,40.721,13358,2023-07-03 06:43:00,M,,,,
1012,2023-07-11 06:12:00,9751,4529.564,15.228,6.032186e+23,6.890443e+22,0.00312441,313.303,24194630000000,0.0080765,27.442,73881730000000,3909.169,34.05,90.502,-0.01717306,1717.029663,4.611,87.522,40.721,13358,2023-07-10 22:06:00,M,,,,
1016,2023-07-11 06:12:00,9751,4529.564,15.228,6.032186e+23,6.890443e+22,0.00312441,313.303,24194630000000,0.0080765,27.442,73881730000000,3909.169,34.05,90.502,-0.01717306,1717.029663,4.611,87.522,40.721,13359,2023-07-07 06:17:00,M,,,,
1018,2023-07-11 06:12:00,9751,4529.564,15.228,6.032186e+23,6.890443e+22,0.00312441,313.303,24194630000000,0.0080765,27.442,73881730000000,3909.169,34.05,90.502,-0.01717306,1717.029663,4.611,87.522,40.721,13366,2023-07-12 00:21:00,M,,,,
1019,2023-07-11 06:12:00,9751,4529.564,15.228,6.032186e+23,6.890443e+22,0.00312441,313.303,24194630000000,0.0080765,27.442,73881730000000,3909.169,34.05,90.502,-0.01717306,1717.029663,4.611,87.522,40.721,13368,2023-07-11 23:34:00,M,,,,
1020,2023-07-11 06:12:00,9751,4529.564,15.228,6.032186e+23,6.890443e+22,0.00312441,313.303,24194630000000,0.0080765,27.442,73881730000000,3909.169,34.05,90.502,-0.01717306,1717.029663,4.611,87.522,40.721,13369,,,,,,
1021,2023-07-11 06:24:00,9751,4520.43,15.085,5.99793e+23,6.857537e+22,0.00314842,314.549,23392290000000,0.00815619,27.362,73453310000000,3897.21,34.03,90.143,0.01476241,1708.004517,4.63,87.26,40.706,13358,2023-07-03 06:43:00,M,,,,
1022,2023-07-11 06:24:00,9751,4520.43,15.085,5.99793e+23,6.857537e+22,0.00314842,314.549,23392290000000,0.00815619,27.362,73453310000000,3897.21,34.03,90.143,0.01476241,1708.004517,4.63,87.26,40.706,13358,2023-07-10 22:06:00,M,,,,
1026,2023-07-11 06:24:00,9751,4520.43,15.085,5.99793e+23,6.857537e+22,0.00314842,314.549,23392290000000,0.00815619,27.362,73453310000000,3897.21,34.03,90.143,0.01476241,1708.004517,4.63,87.26,40.706,13359,2023-07-07 06:17:00,M,,,,
1028,2023-07-11 06:24:00,9751,4520.43,15.085,5.99793e+23,6.857537e+22,0.00314842,314.549,23392290000000,0.00815619,27.362,73453310000000,3897.21,34.03,90.143,0.01476241,1708.004517,4.63,87.26,40.706,13366,2023-07-12 00:21:00,M,,,,
1029,2023-07-11 06:24:00,9751,4520.43,15.085,5.99793e+23,6.857537e+22,0.00314842,314.549,23392290000000,0.00815619,27.362,73453310000000,3897.21,34.03,90.143,0.01476241,1708.004517,4.63,87.26,40.706,13368,2023-07-11 23:34:00,M,,,,
1030,2023-07-11 06:24:00,9751,4520.43,15.085,5.99793e+23,6.857537e+22,0.00314842,314.549,23392290000000,0.00815619,27.362,73453310000000,3897.21,34.03,90.143,0.01476241,1708.004517,4.63,87.26,40.706,13369,,,,,,
1031,2023-07-11 06:36:00,9751,4556.289,15.388,6.041938e+23,6.823817e+22,0.0032555,325.055,24201000000000,0.00847826,27.467,73233380000000,3873.861,34.236,90.685,-0.01347026,1696.167847,4.628,87.55,40.672,13358,2023-07-03 06:43:00,M,,,,
1032,2023-07-11 06:36:00,9751,4556.289,15.388,6.041938e+23,6.823817e+22,0.0032555,325.055,24201000000000,0.00847826,27.467,73233380000000,3873.861,34.236,90.685,-0.01347026,1696.167847,4.628,87.55,40.672,13358,2023-07-10 22:06:00,M,,,,
1036,2023-07-11 06:36:00,9751,4556.289,15.388,6.041938e+23,6.823817e+22,0.0032555,325.055,24201000000000,0.00847826,27.467,73233380000000,3873.861,34.236,90.685,-0.01347026,1696.167847,4.628,87.55,40.672,13359,2023-07-07 06:17:00,M,,,,
1038,2023-07-11 06:36:00,9751,4556.289,15.388,6.041938e+23,6.823817e+22,0.0032555,325.055,24201000000000,0.00847826,27.467,73233380000000,3873.861,34.236,90.685,-0.01347026,1696.167847,4.628,87.55,40.672,13366,2023-07-12 00:21:00,M,,,,
1039,2023-07-11 06:36:00,9751,4556.289,15.388,6.041938e+23,6.823817e+22,0.0032555,325.055,24201000000000,0.00847826,27.467,73233380000000,3873.861,34.236,90.685,-0.01347026,1696.167847,4.628,87.55,40.672,13368,2023-07-11 23:34:00,M,,,,
1040,2023-07-11 06:36:00,9751,4556.289,15.388,6.041938e+23,6.823817e+22,0.0032555,325.055,24201000000000,0.00847826,27.467,73233380000000,3873.861,34.236,90.685,-0.01347026,1696.167847,4.628,87.55,40.672,13369,,,,,,
1041,2023-07-11 06:48:00,9751,4555.153,15.597,6.026762e+23,6.776189e+22,0.00308399,307.242,21921160000000,0.00807799,27.566,72292880000000,3810.385,34.474,90.778,0.00191252,1703.076294,4.636,87.369,40.483,13358,2023-07-03 06:43:00,M,,,,
1042,2023-07-11 06:48:00,9751,4555.153,15.597,6.026762e+23,6.776189e+22,0.00308399,307.242,21921160000000,0.00807799,27.566,72292880000000,3810.385,34.474,90.778,0.00191252,1703.076294,4.636,87.369,40.483,13358,2023-07-10 22:06:00,M,,,,
1046,2023-07-11 06:48:00,9751,4555.153,15.597,6.026762e+23,6.776189e+22,0.00308399,307.242,21921160000000,0.00807799,27.566,72292880000000,3810.385,34.474,90.778,0.00191252,1703.076294,4.636,87.369,40.483,13359,2023-07-07 06:17:00,M,,,,
1048,2023-07-11 06:48:00,9751,4555.153,15.597,6.026762e+23,6.776189e+22,0.00308399,307.242,21921160000000,0.00807799,27.566,72292880000000,3810.385,34.474,90.778,0.00191252,1703.076294,4.636,87.369,40.483,13366,2023-07-12 00:21:00,M,,,,
1049,2023-07-11 06:48:00,9751,4555.153,15.597,6.026762e+23,6.776189e+22,0.00308399,307.242,21921160000000,0.00807799,27.566,72292880000000,3810.385,34.474,90.778,0.00191252,1703.076294,4.636,87.369,40.483,13368,2023-07-11 23:34:00,M,,,,
1050,2023-07-11 06:48:00,9751,4555.153,15.597,6.026762e+23,6.776189e+22,0.00308399,307.242,21921160000000,0.00807799,27.566,72292880000000,3810.385,34.474,90.778,0.00191252,1703.076294,4.636,87.369,40.483,13369,,,,,,
1051,2023-07-11 07:00:00,9751,4515.863,15.933,6.048965e+23,6.792068e+22,0.0032539,328.195,23062770000000,0.00863808,27.71,72804110000000,3812.957,34.729,90.391,0.03434855,1687.119263,4.61,86.863,40.457,13358,2023-07-03 06:43:00,M,,,,
1052,2023-07-11 07:00:00,9751,4515.863,15.933,6.048965e+23,6.792068e+22,0.0032539,328.195,23062770000000,0.00863808,27.71,72804110000000,3812.957,34.729,90.391,0.03434855,1687.119263,4.61,86.863,40.457,13358,2023-07-10 22:06:00,M,,,,
1056,2023-07-11 07:00:00,9751,4515.863,15.933,6.048965e+23,6.792068e+22,0.0032539,328.195,23062770000000,0.00863808,27.71,72804110000000,3812.957,34.729,90.391,0.03434855,1687.119263,4.61,86.863,40.457,13359,2023-07-07 06:17:00,M,,,,
1058,2023-07-11 07:00:00,9751,4515.863,15.933,6.048965e+23,6.792068e+22,0.0032539,328.195,23062770000000,0.00863808,27.71,72804110000000,3812.957,34.729,90.391,0.03434855,1687.119263,4.61,86.863,40.457,13366,2023-07-12 00:21:00,M,,,,
1059,2023-07-11 07:00:00,9751,4515.863,15.933,6.048965e+23,6.792068e+22,0.0032539,328.195,23062770000000,0.00863808,27.71,72804110000000,3812.957,34.729,90.391,0.03434855,1687.119263,4.61,86.863,40.457,13368,2023-07-11 23:34:00,M,,,,
1060,2023-07-11 07:00:00,9751,4515.863,15.933,6.048965e+23,6.792068e+22,0.0032539,328.195,23062770000000,0.00863808,27.71,72804110000000,3812.957,34.729,90.391,0.03434855,1687.119263,4.61,86.863,40.457,13369,,,,,,
1071,2023-07-11 05:24:00,9781,22001.95,45.199,1.928083e+24,4.897061e+22,0.01378862,909.815,36588800000000,0.01839883,44.549,61567630000000,3571.177,50.102,97.288,-0.25134501,1989.657837,5.078,89.061,48.687,13363,2023-07-17 22:41:00,M,,,,
1216,2023-07-11 05:24:00,9781,22001.95,45.199,1.928083e+24,4.897061e+22,0.01378862,909.815,36588800000000,0.01839883,44.549,61567630000000,3571.177,50.102,97.288,-0.25134501,1989.657837,5.078,89.061,48.687,13363,2023-07-18 20:16:00,M,,,,
1217,2023-07-11 05:24:00,9781,22001.95,45.199,1.928083e+24,4.897061e+22,0.01378862,909.815,36588800000000,0.01839883,44.549,61567630000000,3571.177,50.102,97.288,-0.25134501,1989.657837,5.078,89.061,48.687,13363,2023-07-19 10:49:00,M,,,,
1229,2023-07-11 05:36:00,9781,21969.38,45.61,1.92657e+24,4.893673e+22,0.01377647,909.661,36766880000000,0.01831756,44.673,61968060000000,3603.684,50.252,96.883,-0.20786677,1986.973022,5.09,88.411,48.687,13363,2023-07-17 22:41:00,M,,,,
1374,2023-07-11 05:36:00,9781,21969.38,45.61,1.92657e+24,4.893673e+22,0.01377647,909.661,36766880000000,0.01831756,44.673,61968060000000,3603.684,50.252,96.883,-0.20786677,1986.973022,5.09,88.411,48.687,13363,2023-07-18 20:16:00,M,,,,
1375,2023-07-11 05:36:00,9781,21969.38,45.61,1.92657e+24,4.893673e+22,0.01377647,909.661,36766880000000,0.01831756,44.673,61968060000000,3603.684,50.252,96.883,-0.20786677,1986.973022,5.09,88.411,48.687,13363,2023-07-19 10:49:00,M,,,,
1387,2023-07-11 05:48:00,9781,22030.13,46.007,1.930611e+24,4.88701e+22,0.0137148,904.998,35626160000000,0.01810842,44.993,62471130000000,3640.868,50.52,97.298,-0.19275326,1992.349976,5.073,88.602,48.603,13363,2023-07-17 22:41:00,M,,,,
1532,2023-07-11 05:48:00,9781,22030.13,46.007,1.930611e+24,4.88701e+22,0.0137148,904.998,35626160000000,0.01810842,44.993,62471130000000,3640.868,50.52,97.298,-0.19275326,1992.349976,5.073,88.602,48.603,13363,2023-07-18 20:16:00,M,,,,
1533,2023-07-11 05:48:00,9781,22030.13,46.007,1.930611e+24,4.88701e+22,0.0137148,904.998,35626160000000,0.01810842,44.993,62471130000000,3640.868,50.52,97.298,-0.19275326,1992.349976,5.073,88.602,48.603,13363,2023-07-19 10:49:00,M,,,,
1545,2023-07-11 06:00:00,9781,21890.69,46.476,1.929002e+24,4.888739e+22,0.01368601,908.081,36253490000000,0.01810127,45.294,62823660000000,3620.75,50.769,96.6,-0.22269414,1998.596191,5.094,87.698,48.268,13363,2023-07-17 22:41:00,M,,,,
1690,2023-07-11 06:00:00,9781,21890.69,46.476,1.929002e+24,4.888739e+22,0.01368601,908.081,36253490000000,0.01810127,45.294,62823660000000,3620.75,50.769,96.6,-0.22269414,1998.596191,5.094,87.698,48.268,13363,2023-07-18 20:16:00,M,,,,
1691,2023-07-11 06:00:00,9781,21890.69,46.476,1.929002e+24,4.888739e+22,0.01368601,908.081,36253490000000,0.01810127,45.294,62823660000000,3620.75,50.769,96.6,-0.22269414,1998.596191,5.094,87.698,48.268,13363,2023-07-19 10:49:00,M,,,,
1703,2023-07-11 06:12:00,9781,22157.31,46.305,1.933782e+24,4.887137e+22,0.01388872,912.669,36124840000000,0.01802909,45.253,63173290000000,3776.217,50.666,97.165,-0.16223678,1993.674927,5.091,88.041,48.369,13363,2023-07-17 22:41:00,M,,,,
1848,2023-07-11 06:12:00,9781,22157.31,46.305,1.933782e+24,4.887137e+22,0.01388872,912.669,36124840000000,0.01802909,45.253,63173290000000,3776.217,50.666,97.165,-0.16223678,1993.674927,5.091,88.041,48.369,13363,2023-07-18 20:16:00,M,,,,
1849,2023-07-11 06:12:00,9781,22157.31,46.305,1.933782e+24,4.887137e+22,0.01388872,912.669,36124840000000,0.01802909,45.253,63173290000000,3776.217,50.666,97.165,-0.16223678,1993.674927,5.091,88.041,48.369,13363,2023-07-19 10:49:00,M,,,,
1861,2023-07-11 06:24:00,9781,22154.57,46.539,1.93469e+24,4.894612e+22,0.01375563,904.488,35629840000000,0.0176633,45.483,64663680000000,3781.341,50.79,97.519,-0.21720827,1999.88623,5.103,88.425,49.004,13363,2023-07-17 22:41:00,M,,,,
2006,2023-07-11 06:24:00,9781,22154.57,46.539,1.93469e+24,4.894612e+22,0.01375563,904.488,35629840000000,0.0176633,45.483,64663680000000,3781.341,50.79,97.519,-0.21720827,1999.88623,5.103,88.425,49.004,13363,2023-07-18 20:16:00,M,,,,
2007,2023-07-11 06:24:00,9781,22154.57,46.539,1.93469e+24,4.894612e+22,0.01375563,904.488,35629840000000,0.0176633,45.483,64663680000000,3781.341,50.79,97.519,-0.21720827,1999.88623,5.103,88.425,49.004,13363,2023-07-19 10:49:00,M,,,,
2019,2023-07-11 06:36:00,9781,22163.72,46.996,1.935989e+24,4.910984e+22,0.01380114,907.715,36647160000000,0.0175416,45.676,65662370000000,3907.238,50.899,98.383,-0.1909444,2001.393555,5.089,89.243,49.392,13363,2023-07-17 22:41:00,M,,,,
2164,2023-07-11 06:36:00,9781,22163.72,46.996,1.935989e+24,4.910984e+22,0.01380114,907.715,36647160000000,0.0175416,45.676,65662370000000,3907.238,50.899,98.383,-0.1909444,2001.393555,5.089,89.243,49.392,13363,2023-07-18 20:16:00,M,,,,
2165,2023-07-11 06:36:00,9781,22163.72,46.996,1.935989e+24,4.910984e+22,0.01380114,907.715,36647160000000,0.0175416,45.676,65662370000000,3907.238,50.899,98.383,-0.1909444,2001.393555,5.089,89.243,49.392,13363,2023-07-19 10:49:00,M,,,,
2177,2023-07-11 06:48:00,9781,22504.97,47.375,1.935641e+24,4.901999e+22,0.01364225,883.445,34995110000000,0.01684214,45.727,65597750000000,3944.947,50.933,100.012,-0.26373091,2007.614868,5.089,91.011,50.532,13363,2023-07-17 22:41:00,M,,,,
2322,2023-07-11 06:48:00,9781,22504.97,47.375,1.935641e+24,4.901999e+22,0.01364225,883.445,34995110000000,0.01684214,45.727,65597750000000,3944.947,50.933,100.012,-0.26373091,2007.614868,5.089,91.011,50.532,13363,2023-07-18 20:16:00,M,,,,
2323,2023-07-11 06:48:00,9781,22504.97,47.375,1.935641e+24,4.901999e+22,0.01364225,883.445,34995110000000,0.01684214,45.727,65597750000000,3944.947,50.933,100.012,-0.26373091,2007.614868,5.089,91.011,50.532,13363,2023-07-19 10:49:00,M,,,,
2335,2023-07-11 07:00:00,9781,23084.37,47.59,1.938968e+24,4.874267e+22,0.01382946,874.63,34876460000000,0.01654158,45.976,64718650000000,3955.176,51.133,101.666,-0.2633141,2011.860718,5.115,92.651,51.682,13363,2023-07-17 22:41:00,M,,,,
2480,2023-07-11 07:00:00,9781,23084.37,47.59,1.938968e+24,4.874267e+22,0.01382946,874.63,34876460000000,0.01654158,45.976,64718650000000,3955.176,51.133,101.666,-0.2633141,2011.860718,5.115,92.651,51.682,13363,2023-07-18 20:16:00,M,,,,
2481,2023-07-11 07:00:00,9781,23084.37,47.59,1.938968e+24,4.874267e+22,0.01382946,874.63,34876460000000,0.01654158,45.976,64718650000000,3955.176,51.133,101.666,-0.2633141,2011.860718,5.115,92.651,51.682,13363,2023-07-19 10:49:00,M,,,,
2483,2023-11-24 13:00:00,10413,7123.796,28.21,9.951157e+23,6.507691e+22,-0.00819821,862.312,20358420000000,-0.02254352,35.823,103973100000000,4752.284,41.994,114.795,0.09912887,3925.005615,4.463,113.652,52.851,13490,2023-11-18 05:37:00,M,,,,
2484,2023-11-24 13:00:00,10413,7123.796,28.21,9.951157e+23,6.507691e+22,-0.00819821,862.312,20358420000000,-0.02254352,35.823,103973100000000,4752.284,41.994,114.795,0.09912887,3925.005615,4.463,113.652,52.851,13490,2023-11-18 16:34:00,M,,,,
2485,2023-11-24 13:00:00,10413,7123.796,28.21,9.951157e+23,6.507691e+22,-0.00819821,862.312,20358420000000,-0.02254352,35.823,103973100000000,4752.284,41.994,114.795,0.09912887,3925.005615,4.463,113.652,52.851,13490,2023-11-18 22:26:00,M,,,,
2486,2023-11-24 13:00:00,10413,7123.796,28.21,9.951157e+23,6.507691e+22,-0.00819821,862.312,20358420000000,-0.02254352,35.823,103973100000000,4752.284,41.994,114.795,0.09912887,3925.005615,4.463,113.652,52.851,13490,2023-11-23 14:25:00,M,,,,
2487,2023-11-24 13:00:00,10413,7123.796,28.21,9.951157e+23,6.507691e+22,-0.00819821,862.312,20358420000000,-0.02254352,35.823,103973100000000,4752.284,41.994,114.795,0.09912887,3925.005615,4.463,113.652,52.851,13490,2023-11-26 07:38:00,C,2023-11-26 08:36:00,CME,,
2488,2023-11-24 13:00:00,10413,7123.796,28.21,9.951157e+23,6.507691e+22,-0.00819821,862.312,20358420000000,-0.02254352,35.823,103973100000000,4752.284,41.994,114.795,0.09912887,3925.005615,4.463,113.652,52.851,13491,,,,,,
2489,2023-11-24 13:00:00,10413,7123.796,28.21,9.951157e+23,6.507691e+22,-0.00819821,862.312,20358420000000,-0.02254352,35.823,103973100000000,4752.284,41.994,114.795,0.09912887,3925.005615,4.463,113.652,52.851,13492,2023-11-20 08:54:00,M,,,,
2490,2023-11-24 13:00:00,10413,7123.796,28.21,9.951157e+23,6.507691e+22,-0.00819821,862.312,20358420000000,-0.02254352,35.823,103973100000000,4752.284,41.994,114.795,0.09912887,3925.005615,4.463,113.652,52.851,13495,,,,,,
2491,2023-11-24 13:00:00,10413,7123.796,28.21,9.951157e+23,6.507691e+22,-0.00819821,862.312,20358420000000,-0.02254352,35.823,103973100000000,4752.284,41.994,114.795,0.09912887,3925.005615,4.463,113.652,52.851,13497,,,,,,
2492,2023-11-24 13:00:00,10413,7123.796,28.21,9.951157e+23,6.507691e+22,-0.00819821,862.312,20358420000000,-0.02254352,35.823,103973100000000,4752.284,41.994,114.795,0.09912887,3925.005615,4.463,113.652,52.851,13502,2023-12-01 04:12:00,M,,,,
2493,2023-11-24 13:00:00,10413,7123.796,28.21,9.951157e+23,6.507691e+22,-0.00819821,862.312,20358420000000,-0.02254352,35.823,103973100000000,4752.284,41.994,114.795,0.09912887,3925.005615,4.463,113.652,52.851,13506,,,,,,
2494,2023-11-24 13:00:00,10413,7123.796,28.21,9.951157e+23,6.507691e+22,-0.00819821,862.312,20358420000000,-0.02254352,35.823,103973100000000,4752.284,41.994,114.795,0.09912887,3925.005615,4.463,113.652,52.851,13509,,,,,,
2495,2023-11-24 13:12:00,10413,7081.923,28.043,9.898968e+23,6.506409e+22,-0.00806648,848.972,17491950000000,-0.02222617,35.691,104968000000000,4794.731,41.895,114.542,0.09928263,3921.864014,4.443,113.417,52.958,13490,2023-11-18 05:37:00,M,,,,
2496,2023-11-24 13:12:00,10413,7081.923,28.043,9.898968e+23,6.506409e+22,-0.00806648,848.972,17491950000000,-0.02222617,35.691,104968000000000,4794.731,41.895,114.542,0.09928263,3921.864014,4.443,113.417,52.958,13490,2023-11-18 16:34:00,M,,,,
2497,2023-11-24 13:12:00,10413,7081.923,28.043,9.898968e+23,6.506409e+22,-0.00806648,848.972,17491950000000,-0.02222617,35.691,104968000000000,4794.731,41.895,114.542,0.09928263,3921.864014,4.443,113.417,52.958,13490,2023-11-18 22:26:00,M,,,,
2498,2023-11-24 13:12:00,10413,7081.923,28.043,9.898968e+23,6.506409e+22,-0.00806648,848.972,17491950000000,-0.02222617,35.691,104968000000000,4794.731,41.895,114.542,0.09928263,3921.864014,4.443,113.417,52.958,13490,2023-11-23 14:25:00,M,,,,
2499,2023-11-24 13:12:00,10413,7081.923,28.043,9.898968e+23,6.506409e+22,-0.00806648,848.972,17491950000000,-0.02222617,35.691,104968000000000,4794.731,41.895,114.542,0.09928263,3921.864014,4.443,113.417,52.958,13490,2023-11-26 07:38:00,C,2023-11-26 08:36:00,CME,,
2500,2023-11-24 13:12:00,10413,7081.923,28.043,9.898968e+23,6.506409e+22,-0.00806648,848.972,17491950000000,-0.02222617,35.691,104968000000000,4794.731,41.895,114.542,0.09928263,3921.864014,4.443,113.417,52.958,13491,,,,,,
2501,2023-11-24 13:12:00,10413,7081.923,28.043,9.898968e+23,6.506409e+22,-0.00806648,848.972,17491950000000,-0.02222617,35.691,104968000000000,4794.731,41.895,114.542,0.09928263,3921.864014,4.443,113.417,52.958,13492,2023-11-20 08:54:00,M,,,,
2502,2023-11-24 13:12:00,10413,7081.923,28.043,9.898968e+23,6.506409e+22,-0.00806648,848.972,17491950000000,-0.02222617,35.691,104968000000000,4794.731,41.895,114.542,0.09928263,3921.864014,4.443,113.417,52.958,13495,,,,,,
2503,2023-11-24 13:12:00,10413,7081.923,28.043,9.898968e+23,6.506409e+22,-0.00806648,848.972,17491950000000,-0.02222617,35.691,104968000000000,4794.731,41.895,114.542,0.09928263,3921.864014,4.443,113.417,52.958,13497,,,,,,
2504,2023-11-24 13:12:00,10413,7081.923,28.043,9.898968e+23,6.506409e+22,-0.00806648,848.972,17491950000000,-0.02222617,35.691,104968000000000,4794.731,41.895,114.542,0.09928263,3921.864014,4.443,113.417,52.958,13502,2023-12-01 04:12:00,M,,,,
2505,2023-11-24 13:12:00,10413,7081.923,28.043,9.898968e+23,6.506409e+22,-0.00806648,848.972,17491950000000,-0.02222617,35.691,104968000000000,4794.731,41.895,114.542,0.09928263,3921.864014,4.443,113.417,52.958,13506,,,,,,
2506,2023-11-24 13:12:00,10413,7081.923,28.043,9.898968e+23,6.506409e+22,-0.00806648,848.972,17491950000000,-0.02222617,35.691,104968000000000,4794.731,41.895,114.542,0.09928263,3921.864014,4.443,113.417,52.958,13509,,,,,,
2507,2023-11-24 13:24:00,10413,7132.769,28.193,9.888764e+23,6.472256e+22,-0.00826096,862.37,20626680000000,-0.02264875,35.751,103613700000000,4757.464,41.947,114.558,0.08260419,3919.706299,4.46,113.454,52.967,13490,2023-11-18 05:37:00,M,,,,
2508,2023-11-24 13:24:00,10413,7132.769,28.193,9.888764e+23,6.472256e+22,-0.00826096,862.37,20626680000000,-0.02264875,35.751,103613700000000,4757.464,41.947,114.558,0.08260419,3919.706299,4.46,113.454,52.967,13490,2023-11-18 16:34:00,M,,,,
2509,2023-11-24 13:24:00,10413,7132.769,28.193,9.888764e+23,6.472256e+22,-0.00826096,862.37,20626680000000,-0.02264875,35.751,103613700000000,4757.464,41.947,114.558,0.08260419,3919.706299,4.46,113.454,52.967,13490,2023-11-18 22:26:00,M,,,,
2510,2023-11-24 13:24:00,10413,7132.769,28.193,9.888764e+23,6.472256e+22,-0.00826096,862.37,20626680000000,-0.02264875,35.751,103613700000000,4757.464,41.947,114.558,0.08260419,3919.706299,4.46,113.454,52.967,13490,2023-11-23 14:25:00,M,,,,
2511,2023-11-24 13:24:00,10413,7132.769,28.193,9.888764e+23,6.472256e+22,-0.00826096,862.37,20626680000000,-0.02264875,35.751,103613700000000,4757.464,41.947,114.558,0.08260419,3919.706299,4.46,113.454,52.967,13490,2023-11-26 07:38:00,C,2023-11-26 08:36:00,CME,,
2512,2023-11-24 13:24:00,10413,7132.769,28.193,9.888764e+23,6.472256e+22,-0.00826096,862.37,20626680000000,-0.02264875,35.751,103613700000000,4757.464,41.947,114.558,0.08260419,3919.706299,4.46,113.454,52.967,13491,,,,,,
2513,2023-11-24 13:24:00,10413,7132.769,28.193,9.888764e+23,6.472256e+22,-0.00826096,862.37,20626680000000,-0.02264875,35.751,103613700000000,4757.464,41.947,114.558,0.08260419,3919.706299,4.46,113.454,52.967,13492,2023-11-20 08:54:00,M,,,,
2514,2023-11-24 13:24:00,10413,7132.769,28.193,9.888764e+23,6.472256e+22,-0.00826096,862.37,20626680000000,-0.02264875,35.751,103613700000000,4757.464,41.947,114.558,0.08260419,3919.706299,4.46,113.454,52.967,13495,,,,,,
2515,2023-11-24 13:24:00,10413,7132.769,28.193,9.888764e+23,6.472256e+22,-0.00826096,862.37,20626680000000,-0.02264875,35.751,103613700000000,4757.464,41.947,114.558,0.08260419,3919.706299,4.46,113.454,52.967,13497,,,,,,
2516,2023-11-24 13:24:00,10413,7132.769,28.193,9.888764e+23,6.472256e+22,-0.00826096,862.37,20626680000000,-0.02264875,35.751,103613700000000,4757.464,41.947,114.558,0.08260419,3919.706299,4.46,113.454,52.967,13502,2023-12-01 04:12:00,M,,,,
2517,2023-11-24 13:24:00,10413,7132.769,28.193,9.888764e+23,6.472256e+22,-0.00826096,862.37,20626680000000,-0.02264875,35.751,103613700000000,4757.464,41.947,114.558,0.08260419,3919.706299,4.46,113.454,52.967,13506,,,,,,
2518,2023-11-24 13:24:00,10413,7132.769,28.193,9.888764e+23,6.472256e+22,-0.00826096,862.37,20626680000000,-0.02264875,35.751,103613700000000,4757.464,41.947,114.558,0.08260419,3919.706299,4.46,113.454,52.967,13509,,,,,,
2519,2023-11-24 13:36:00,10413,7124.292,28.214,9.928575e+23,6.486379e+22,-0.00832035,873.121,22510760000000,-0.02292158,35.831,104387100000000,4754.015,41.986,114.646,0.07941075,3935.047607,4.461,113.584,52.975,13490,2023-11-18 05:37:00,M,,,,
2520,2023-11-24 13:36:00,10413,7124.292,28.214,9.928575e+23,6.486379e+22,-0.00832035,873.121,22510760000000,-0.02292158,35.831,104387100000000,4754.015,41.986,114.646,0.07941075,3935.047607,4.461,113.584,52.975,13490,2023-11-18 16:34:00,M,,,,
2521,2023-11-24 13:36:00,10413,7124.292,28.214,9.928575e+23,6.486379e+22,-0.00832035,873.121,22510760000000,-0.02292158,35.831,104387100000000,4754.015,41.986,114.646,0.07941075,3935.047607,4.461,113.584,52.975,13490,2023-11-18 22:26:00,M,,,,
2522,2023-11-24 13:36:00,10413,7124.292,28.214,9.928575e+23,6.486379e+22,-0.00832035,873.121,22510760000000,-0.02292158,35.831,104387100000000,4754.015,41.986,114.646,0.07941075,3935.047607,4.461,113.584,52.975,13490,2023-11-23 14:25:00,M,,,,
2523,2023-11-24 13:36:00,10413,7124.292,28.214,9.928575e+23,6.486379e+22,-0.00832035,873.121,22510760000000,-0.02292158,35.831,104387100000000,4754.015,41.986,114.646,0.07941075,3935.047607,4.461,113.584,52.975,13490,2023-11-26 07:38:00,C,2023-11-26 08:36:00,CME,,
2524,2023-11-24 13:36:00,10413,7124.292,28.214,9.928575e+23,6.486379e+22,-0.00832035,873.121,22510760000000,-0.02292158,35.831,104387100000000,4754.015,41.986,114.646,0.07941075,3935.047607,4.461,113.584,52.975,13491,,,,,,
2525,2023-11-24 13:36:00,10413,7124.292,28.214,9.928575e+23,6.486379e+22,-0.00832035,873.121,22510760000000,-0.02292158,35.831,104387100000000,4754.015,41.986,114.646,0.07941075,3935.047607,4.461,113.584,52.975,13492,2023-11-20 08:54:00,M,,,,
2526,2023-11-24 13:36:00,10413,7124.292,28.214,9.928575e+23,6.486379e+22,-0.00832035,873.121,22510760000000,-0.02292158,35.831,104387100000000,4754.015,41.986,114.646,0.07941075,3935.047607,4.461,113.584,52.975,13495,,,,,,
2527,2023-11-24 13:36:00,10413,7124.292,28.214,9.928575e+23,6.486379e+22,-0.00832035,873.121,22510760000000,-0.02292158,35.831,104387100000000,4754.015,41.986,114.646,0.07941075,3935.047607,4.461,113.584,52.975,13497,,,,,,
2528,2023-11-24 13:36:00,10413,7124.292,28.214,9.928575e+23,6.486379e+22,-0.00832035,873.121,22510760000000,-0.02292158,35.831,104387100000000,4754.015,41.986,114.646,0.07941075,3935.047607,4.461,113.584,52.975,13502,2023-12-01 04:12:00,M,,,,
2529,2023-11-24 13:36:00,10413,7124.292,28.214,9.928575e+23,6.486379e+22,-0.00832035,873.121,22510760000000,-0.02292158,35.831,104387100000000,4754.015,41.986,114.646,0.07941075,3935.047607,4.461,113.584,52.975,13506,,,,,,
2530,2023-11-24 13:36:00,10413,7124.292,28.214,9.928575e+23,6.486379e+22,-0.00832035,873.121,22510760000000,-0.02292158,35.831,104387100000000,4754.015,41.986,114.646,0.07941075,3935.047607,4.461,113.584,52.975,13509,,,,,,
2531,2023-11-24 13:48:00,10413,7159.369,28.092,9.907387e+23,6.468891e+22,-0.00852735,888.55,22322680000000,-0.02337228,35.77,103252000000000,4747.544,41.857,114.747,0.08196481,3925.226562,4.457,113.542,52.915,13490,2023-11-18 05:37:00,M,,,,
2532,2023-11-24 13:48:00,10413,7159.369,28.092,9.907387e+23,6.468891e+22,-0.00852735,888.55,22322680000000,-0.02337228,35.77,103252000000000,4747.544,41.857,114.747,0.08196481,3925.226562,4.457,113.542,52.915,13490,2023-11-18 16:34:00,M,,,,
2533,2023-11-24 13:48:00,10413,7159.369,28.092,9.907387e+23,6.468891e+22,-0.00852735,888.55,22322680000000,-0.02337228,35.77,103252000000000,4747.544,41.857,114.747,0.08196481,3925.226562,4.457,113.542,52.915,13490,2023-11-18 22:26:00,M,,,,
2534,2023-11-24 13:48:00,10413,7159.369,28.092,9.907387e+23,6.468891e+22,-0.00852735,888.55,22322680000000,-0.02337228,35.77,103252000000000,4747.544,41.857,114.747,0.08196481,3925.226562,4.457,113.542,52.915,13490,2023-11-23 14:25:00,M,,,,
2535,2023-11-24 13:48:00,10413,7159.369,28.092,9.907387e+23,6.468891e+22,-0.00852735,888.55,22322680000000,-0.02337228,35.77,103252000000000,4747.544,41.857,114.747,0.08196481,3925.226562,4.457,113.542,52.915,13490,2023-11-26 07:38:00,C,2023-11-26 08:36:00,CME,,
2536,2023-11-24 13:48:00,10413,7159.369,28.092,9.907387e+23,6.468891e+22,-0.00852735,888.55,22322680000000,-0.02337228,35.77,103252000000000,4747.544,41.857,114.747,0.08196481,3925.226562,4.457,113.542,52.915,13491,,,,,,
2537,2023-11-24 13:48:00,10413,7159.369,28.092,9.907387e+23,6.468891e+22,-0.00852735,888.55,22322680000000,-0.02337228,35.77,103252000000000,4747.544,41.857,114.747,0.08196481,3925.226562,4.457,113.542,52.915,13492,2023-11-20 08:54:00,M,,,,
2538,2023-11-24 13:48:00,10413,7159.369,28.092,9.907387e+23,6.468891e+22,-0.00852735,888.55,22322680000000,-0.02337228,35.77,103252000000000,4747.544,41.857,114.747,0.08196481,3925.226562,4.457,113.542,52.915,13495,,,,,,
2539,2023-11-24 13:48:00,10413,7159.369,28.092,9.907387e+23,6.468891e+22,-0.00852735,888.55,22322680000000,-0.02337228,35.77,103252000000000,4747.544,41.857,114.747,0.08196481,3925.226562,4.457,113.542,52.915,13497,,,,,,
2540,2023-11-24 13:48:00,10413,7159.369,28.092,9.907387e+23,6.468891e+22,-0.00852735,888.55,22322680000000,-0.02337228,35.77,103252000000000,4747.544,41.857,114.747,0.08196481,3925.226562,4.457,113.542,52.915,13502,2023-12-01 04:12:00,M,,,,
2541,2023-11-24 13:48:00,10413,7159.369,28.092,9.907387e+23,6.468891e+22,-0.00852735,888.55,22322680000000,-0.02337228,35.77,103252000000000,4747.544,41.857,114.747,0.08196481,3925.226562,4.457,113.542,52.915,13506,,,,,,
2542,2023-11-24 13:48:00,10413,7159.369,28.092,9.907387e+23,6.468891e+22,-0.00852735,888.55,22322680000000,-0.02337228,35.77,103252000000000,4747.544,41.857,114.747,0.08196481,3925.226562,4.457,113.542,52.915,13509,,,,,,
2543,2023-11-24 14:00:00,10413,7178.764,28.201,9.909533e+23,6.455774e+22,-0.00847654,881.043,22594740000000,-0.02321164,35.852,102439700000000,4714.45,41.866,114.492,0.10564906,3922.283936,4.432,113.299,52.843,13490,2023-11-18 05:37:00,M,,,,
2544,2023-11-24 14:00:00,10413,7178.764,28.201,9.909533e+23,6.455774e+22,-0.00847654,881.043,22594740000000,-0.02321164,35.852,102439700000000,4714.45,41.866,114.492,0.10564906,3922.283936,4.432,113.299,52.843,13490,2023-11-18 16:34:00,M,,,,
2545,2023-11-24 14:00:00,10413,7178.764,28.201,9.909533e+23,6.455774e+22,-0.00847654,881.043,22594740000000,-0.02321164,35.852,102439700000000,4714.45,41.866,114.492,0.10564906,3922.283936,4.432,113.299,52.843,13490,2023-11-18 22:26:00,M,,,,
2546,2023-11-24 14:00:00,10413,7178.764,28.201,9.909533e+23,6.455774e+22,-0.00847654,881.043,22594740000000,-0.02321164,35.852,102439700000000,4714.45,41.866,114.492,0.10564906,3922.283936,4.432,113.299,52.843,13490,2023-11-23 14:25:00,M,,,,
2547,2023-11-24 14:00:00,10413,7178.764,28.201,9.909533e+23,6.455774e+22,-0.00847654,881.043,22594740000000,-0.02321164,35.852,102439700000000,4714.45,41.866,114.492,0.10564906,3922.283936,4.432,113.299,52.843,13490,2023-11-26 07:38:00,C,2023-11-26 08:36:00,CME,,
2548,2023-11-24 14:00:00,10413,7178.764,28.201,9.909533e+23,6.455774e+22,-0.00847654,881.043,22594740000000,-0.02321164,35.852,102439700000000,4714.45,41.866,114.492,0.10564906,3922.283936,4.432,113.299,52.843,13491,,,,,,
2549,2023-11-24 14:00:00,10413,7178.764,28.201,9.909533e+23,6.455774e+22,-0.00847654,881.043,22594740000000,-0.02321164,35.852,102439700000000,4714.45,41.866,114.492,0.10564906,3922.283936,4.432,113.299,52.843,13492,2023-11-20 08:54:00,M,,,,
2550,2023-11-24 14:00:00,10413,7178.764,28.201,9.909533e+23,6.455774e+22,-0.00847654,881.043,22594740000000,-0.02321164,35.852,102439700000000,4714.45,41.866,114.492,0.10564906,3922.283936,4.432,113.299,52.843,13495,,,,,,
2551,2023-11-24 14:00:00,10413,7178.764,28.201,9.909533e+23,6.455774e+22,-0.00847654,881.043,22594740000000,-0.02321164,35.852,102439700000000,4714.45,41.866,114.492,0.10564906,3922.283936,4.432,113.299,52.843,13497,,,,,,
2552,2023-11-24 14:00:00,10413,7178.764,28.201,9.909533e+23,6.455774e+22,-0.00847654,881.043,22594740000000,-0.02321164,35.852,102439700000000,4714.45,41.866,114.492,0.10564906,3922.283936,4.432,113.299,52.843,13502,2023-12-01 04:12:00,M,,,,
2553,2023-11-24 14:00:00,10413,7178.764,28.201,9.909533e+23,6.455774e+22,-0.00847654,881.043,22594740000000,-0.02321164,35.852,102439700000000,4714.45,41.866,114.492,0.10564906,3922.283936,4.432,113.299,52.843,13506,,,,,,
2554,2023-11-24 14:00:00,10413,7178.764,28.201,9.909533e+23,6.455774e+22,-0.00847654,881.043,22594740000000,-0.02321164,35.852,102439700000000,4714.45,41.866,114.492,0.10564906,3922.283936,4.432,113.299,52.843,13509,,,,,,
2555,2023-11-24 14:12:00,10413,7145.445,28.22,9.928448e+23,6.464854e+22,-0.00852296,891.689,20771430000000,-0.02349947,35.898,103314700000000,4720.013,42.036,113.967,0.12972701,3909.327881,4.459,112.837,52.828,13490,2023-11-18 05:37:00,M,,,,
2556,2023-11-24 14:12:00,10413,7145.445,28.22,9.928448e+23,6.464854e+22,-0.00852296,891.689,20771430000000,-0.02349947,35.898,103314700000000,4720.013,42.036,113.967,0.12972701,3909.327881,4.459,112.837,52.828,13490,2023-11-18 16:34:00,M,,,,
2557,2023-11-24 14:12:00,10413,7145.445,28.22,9.928448e+23,6.464854e+22,-0.00852296,891.689,20771430000000,-0.02349947,35.898,103314700000000,4720.013,42.036,113.967,0.12972701,3909.327881,4.459,112.837,52.828,13490,2023-11-18 22:26:00,M,,,,
2558,2023-11-24 14:12:00,10413,7145.445,28.22,9.928448e+23,6.464854e+22,-0.00852296,891.689,20771430000000,-0.02349947,35.898,103314700000000,4720.013,42.036,113.967,0.12972701,3909.327881,4.459,112.837,52.828,13490,2023-11-23 14:25:00,M,,,,
2559,2023-11-24 14:12:00,10413,7145.445,28.22,9.928448e+23,6.464854e+22,-0.00852296,891.689,20771430000000,-0.02349947,35.898,103314700000000,4720.013,42.036,113.967,0.12972701,3909.327881,4.459,112.837,52.828,13490,2023-11-26 07:38:00,C,2023-11-26 08:36:00,CME,,
2560,2023-11-24 14:12:00,10413,7145.445,28.22,9.928448e+23,6.464854e+22,-0.00852296,891.689,20771430000000,-0.02349947,35.898,103314700000000,4720.013,42.036,113.967,0.12972701,3909.327881,4.459,112.837,52.828,13491,,,,,,
2561,2023-11-24 14:12:00,10413,7145.445,28.22,9.928448e+23,6.464854e+22,-0.00852296,891.689,20771430000000,-0.02349947,35.898,103314700000000,4720.013,42.036,113.967,0.12972701,3909.327881,4.459,112.837,52.828,13492,2023-11-20 08:54:00,M,,,,
2562,2023-11-24 14:12:00,10413,7145.445,28.22,9.928448e+23,6.464854e+22,-0.00852296,891.689,20771430000000,-0.02349947,35.898,103314700000000,4720.013,42.036,113.967,0.12972701,3909.327881,4.459,112.837,52.828,13495,,,,,,
2563,2023-11-24 14:12:00,10413,7145.445,28.22,9.928448e+23,6.464854e+22,-0.00852296,891.689,20771430000000,-0.02349947,35.898,103314700000000,4720.013,42.036,113.967,0.12972701,3909.327881,4.459,112.837,52.828,13497,,,,,,
2564,2023-11-24 14:12:00,10413,7145.445,28.22,9.928448e+23,6.464854e+22,-0.00852296,891.689,20771430000000,-0.02349947,35.898,103314700000000,4720.013,42.036,113.967,0.12972701,3909.327881,4.459,112.837,52.828,13502,2023-12-01 04:12:00,M,,,,
2565,2023-11-24 14:12:00,10413,7145.445,28.22,9.928448e+23,6.464854e+22,-0.00852296,891.689,20771430000000,-0.02349947,35.898,103314700000000,4720.013,42.036,113.967,0.12972701,3909.327881,4.459,112.837,52.828,13506,,,,,,
2566,2023-11-24 14:12:00,10413,7145.445,28.22,9.928448e+23,6.464854e+22,-0.00852296,891.689,20771430000000,-0.02349947,35.898,103314700000000,4720.013,42.036,113.967,0.12972701,3909.327881,4.459,112.837,52.828,13509,,,,,,
2567,2023-11-24 14:24:00,10413,7109.211,28.442,9.908126e+23,6.456202e+22,-0.0084002,881.534,22548530000000,-0.02327386,35.996,102941600000000,4686.549,42.16,113.437,0.08933713,3908.373535,4.443,112.395,52.762,13490,2023-11-18 05:37:00,M,,,,
2568,2023-11-24 14:24:00,10413,7109.211,28.442,9.908126e+23,6.456202e+22,-0.0084002,881.534,22548530000000,-0.02327386,35.996,102941600000000,4686.549,42.16,113.437,0.08933713,3908.373535,4.443,112.395,52.762,13490,2023-11-18 16:34:00,M,,,,
2569,2023-11-24 14:24:00,10413,7109.211,28.442,9.908126e+23,6.456202e+22,-0.0084002,881.534,22548530000000,-0.02327386,35.996,102941600000000,4686.549,42.16,113.437,0.08933713,3908.373535,4.443,112.395,52.762,13490,2023-11-18 22:26:00,M,,,,
2570,2023-11-24 14:24:00,10413,7109.211,28.442,9.908126e+23,6.456202e+22,-0.0084002,881.534,22548530000000,-0.02327386,35.996,102941600000000,4686.549,42.16,113.437,0.08933713,3908.373535,4.443,112.395,52.762,13490,2023-11-23 14:25:00,M,,,,
2571,2023-11-24 14:24:00,10413,7109.211,28.442,9.908126e+23,6.456202e+22,-0.0084002,881.534,22548530000000,-0.02327386,35.996,102941600000000,4686.549,42.16,113.437,0.08933713,3908.373535,4.443,112.395,52.762,13490,2023-11-26 07:38:00,C,2023-11-26 08:36:00,CME,,
2572,2023-11-24 14:24:00,10413,7109.211,28.442,9.908126e+23,6.456202e+22,-0.0084002,881.534,22548530000000,-0.02327386,35.996,102941600000000,4686.549,42.16,113.437,0.08933713,3908.373535,4.443,112.395,52.762,13491,,,,,,
2573,2023-11-24 14:24:00,10413,7109.211,28.442,9.908126e+23,6.456202e+22,-0.0084002,881.534,22548530000000,-0.02327386,35.996,102941600000000,4686.549,42.16,113.437,0.08933713,3908.373535,4.443,112.395,52.762,13492,2023-11-20 08:54:00,M,,,,
2574,2023-11-24 14:24:00,10413,7109.211,28.442,9.908126e+23,6.456202e+22,-0.0084002,881.534,22548530000000,-0.02327386,35.996,102941600000000,4686.549,42.16,113.437,0.08933713,3908.373535,4.443,112.395,52.762,13495,,,,,,
2575,2023-11-24 14:24:00,10413,7109.211,28.442,9.908126e+23,6.456202e+22,-0.0084002,881.534,22548530000000,-0.02327386,35.996,102941600000000,4686.549,42.16,113.437,0.08933713,3908.373535,4.443,112.395,52.762,13497,,,,,,
2576,2023-11-24 14:24:00,10413,7109.211,28.442,9.908126e+23,6.456202e+22,-0.0084002,881.534,22548530000000,-0.02327386,35.996,102941600000000,4686.549,42.16,113.437,0.08933713,3908.373535,4.443,112.395,52.762,13502,2023-12-01 04:12:00,M,,,,
2577,2023-11-24 14:24:00,10413,7109.211,28.442,9.908126e+23,6.456202e+22,-0.0084002,881.534,22548530000000,-0.02327386,35.996,102941600000000,4686.549,42.16,113.437,0.08933713,3908.373535,4.443,112.395,52.762,13506,,,,,,
2578,2023-11-24 14:24:00,10413,7109.211,28.442,9.908126e+23,6.456202e+22,-0.0084002,881.534,22548530000000,-0.02327386,35.996,102941600000000,4686.549,42.16,113.437,0.08933713,3908.373535,4.443,112.395,52.762,13509,,,,,,
2579,2023-11-24 14:36:00,10413,7076.178,28.245,9.899207e+23,6.466223e+22,-0.00814365,857.836,18805730000000,-0.02265315,35.952,102852800000000,4668.348,42.15,113.352,0.10225803,3917.004883,4.394,112.332,52.648,13490,2023-11-18 05:37:00,M,,,,
2580,2023-11-24 14:36:00,10413,7076.178,28.245,9.899207e+23,6.466223e+22,-0.00814365,857.836,18805730000000,-0.02265315,35.952,102852800000000,4668.348,42.15,113.352,0.10225803,3917.004883,4.394,112.332,52.648,13490,2023-11-18 16:34:00,M,,,,
2581,2023-11-24 14:36:00,10413,7076.178,28.245,9.899207e+23,6.466223e+22,-0.00814365,857.836,18805730000000,-0.02265315,35.952,102852800000000,4668.348,42.15,113.352,0.10225803,3917.004883,4.394,112.332,52.648,13490,2023-11-18 22:26:00,M,,,,
2582,2023-11-24 14:36:00,10413,7076.178,28.245,9.899207e+23,6.466223e+22,-0.00814365,857.836,18805730000000,-0.02265315,35.952,102852800000000,4668.348,42.15,113.352,0.10225803,3917.004883,4.394,112.332,52.648,13490,2023-11-23 14:25:00,M,,,,
2583,2023-11-24 14:36:00,10413,7076.178,28.245,9.899207e+23,6.466223e+22,-0.00814365,857.836,18805730000000,-0.02265315,35.952,102852800000000,4668.348,42.15,113.352,0.10225803,3917.004883,4.394,112.332,52.648,13490,2023-11-26 07:38:00,C,2023-11-26 08:36:00,CME,,
2584,2023-11-24 14:36:00,10413,7076.178,28.245,9.899207e+23,6.466223e+22,-0.00814365,857.836,18805730000000,-0.02265315,35.952,102852800000000,4668.348,42.15,113.352,0.10225803,3917.004883,4.394,112.332,52.648,13491,,,,,,
2585,2023-11-24 14:36:00,10413,7076.178,28.245,9.899207e+23,6.466223e+22,-0.00814365,857.836,18805730000000,-0.02265315,35.952,102852800000000,4668.348,42.15,113.352,0.10225803,3917.004883,4.394,112.332,52.648,13492,2023-11-20 08:54:00,M,,,,
2586,2023-11-24 14:36:00,10413,7076.178,28.245,9.899207e+23,6.466223e+22,-0.00814365,857.836,18805730000000,-0.02265315,35.952,102852800000000,4668.348,42.15,113.352,0.10225803,3917.004883,4.394,112.332,52.648,13495,,,,,,
2587,2023-11-24 14:36:00,10413,7076.178,28.245,9.899207e+23,6.466223e+22,-0.00814365,857.836,18805730000000,-0.02265315,35.952,102852800000000,4668.348,42.15,113.352,0.10225803,3917.004883,4.394,112.332,52.648,13497,,,,,,
2588,2023-11-24 14:36:00,10413,7076.178,28.245,9.899207e+23,6.466223e+22,-0.00814365,857.836,18805730000000,-0.02265315,35.952,102852800000000,4668.348,42.15,113.352,0.10225803,3917.004883,4.394,112.332,52.648,13502,2023-12-01 04:12:00,M,,,,
2589,2023-11-24 14:36:00,10413,7076.178,28.245,9.899207e+23,6.466223e+22,-0.00814365,857.836,18805730000000,-0.02265315,35.952,102852800000000,4668.348,42.15,113.352,0.10225803,3917.004883,4.394,112.332,52.648,13506,,,,,,
2590,2023-11-24 14:36:00,10413,7076.178,28.245,9.899207e+23,6.466223e+22,-0.00814365,857.836,18805730000000,-0.02265315,35.952,102852800000000,4668.348,42.15,113.352,0.10225803,3917.004883,4.394,112.332,52.648,13509,,,,,,
2591,2023-12-21 20:36:00,10514,4161.936,18.497,6.021148e+23,6.414201e+22,-0.00544631,593.288,12149250000000,-0.0192307,30.969,108754000000000,4956.438,36.718,117.71,0.08469367,3936.426758,4.504,117.1,50.324,13521,,,,,,
2592,2023-12-21 20:36:00,10514,4161.936,18.497,6.021148e+23,6.414201e+22,-0.00544631,593.288,12149250000000,-0.0192307,30.969,108754000000000,4956.438,36.718,117.71,0.08469367,3936.426758,4.504,117.1,50.324,13523,,,,,,
2593,2023-12-21 20:36:00,10514,4161.936,18.497,6.021148e+23,6.414201e+22,-0.00544631,593.288,12149250000000,-0.0192307,30.969,108754000000000,4956.438,36.718,117.71,0.08469367,3936.426758,4.504,117.1,50.324,13524,,,,,,
2594,2023-12-21 20:36:00,10514,4161.936,18.497,6.021148e+23,6.414201e+22,-0.00544631,593.288,12149250000000,-0.0192307,30.969,108754000000000,4956.438,36.718,117.71,0.08469367,3936.426758,4.504,117.1,50.324,13526,,,,,,
2595,2023-12-21 20:36:00,10514,4161.936,18.497,6.021148e+23,6.414201e+22,-0.00544631,593.288,12149250000000,-0.0192307,30.969,108754000000000,4956.438,36.718,117.71,0.08469367,3936.426758,4.504,117.1,50.324,13530,,,,,,
2596,2023-12-21 20:48:00,10514,4214.411,18.465,6.006058e+23,6.353531e+22,-0.00553096,593.51,12558340000000,-0.01940862,30.89,106605100000000,4873.289,36.675,117.445,0.07986519,3947.050537,4.497,116.645,50.233,13521,,,,,,
2597,2023-12-21 20:48:00,10514,4214.411,18.465,6.006058e+23,6.353531e+22,-0.00553096,593.51,12558340000000,-0.01940862,30.89,106605100000000,4873.289,36.675,117.445,0.07986519,3947.050537,4.497,116.645,50.233,13523,,,,,,
2598,2023-12-21 20:48:00,10514,4214.411,18.465,6.006058e+23,6.353531e+22,-0.00553096,593.51,12558340000000,-0.01940862,30.89,106605100000000,4873.289,36.675,117.445,0.07986519,3947.050537,4.497,116.645,50.233,13524,,,,,,
2599,2023-12-21 20:48:00,10514,4214.411,18.465,6.006058e+23,6.353531e+22,-0.00553096,593.51,12558340000000,-0.01940862,30.89,106605100000000,4873.289,36.675,117.445,0.07986519,3947.050537,4.497,116.645,50.233,13526,,,,,,
2600,2023-12-21 20:48:00,10514,4214.411,18.465,6.006058e+23,6.353531e+22,-0.00553096,593.51,12558340000000,-0.01940862,30.89,106605100000000,4873.289,36.675,117.445,0.07986519,3947.050537,4.497,116.645,50.233,13530,,,,,,
2601,2023-12-21 21:00:00,10514,4189.616,18.502,5.940621e+23,6.30377e+22,-0.00537116,573.468,12318410000000,-0.01890808,30.994,105121600000000,4798.652,36.749,116.395,0.09918708,3952.398926,4.51,115.634,49.984,13521,,,,,,
2602,2023-12-21 21:00:00,10514,4189.616,18.502,5.940621e+23,6.30377e+22,-0.00537116,573.468,12318410000000,-0.01890808,30.994,105121600000000,4798.652,36.749,116.395,0.09918708,3952.398926,4.51,115.634,49.984,13523,,,,,,
2603,2023-12-21 21:00:00,10514,4189.616,18.502,5.940621e+23,6.30377e+22,-0.00537116,573.468,12318410000000,-0.01890808,30.994,105121600000000,4798.652,36.749,116.395,0.09918708,3952.398926,4.51,115.634,49.984,13524,,,,,,
2604,2023-12-21 21:00:00,10514,4189.616,18.502,5.940621e+23,6.30377e+22,-0.00537116,573.468,12318410000000,-0.01890808,30.994,105121600000000,4798.652,36.749,116.395,0.09918708,3952.398926,4.51,115.634,49.984,13526,,,,,,
2605,2023-12-21 21:00:00,10514,4189.616,18.502,5.940621e+23,6.30377e+22,-0.00537116,573.468,12318410000000,-0.01890808,30.994,105121600000000,4798.652,36.749,116.395,0.09918708,3952.398926,4.51,115.634,49.984,13530,,,,,,
2606,2023-12-21 21:12:00,10514,4198.78,18.161,5.934935e+23,6.273592e+22,-0.0049878,530.856,9177554000000,-0.01762868,30.948,103368400000000,4691.307,36.84,116.053,0.15439264,3945.931396,4.501,115.409,50.14,13521,,,,,,
2607,2023-12-21 21:12:00,10514,4198.78,18.161,5.934935e+23,6.273592e+22,-0.0049878,530.856,9177554000000,-0.01762868,30.948,103368400000000,4691.307,36.84,116.053,0.15439264,3945.931396,4.501,115.409,50.14,13523,,,,,,
2608,2023-12-21 21:12:00,10514,4198.78,18.161,5.934935e+23,6.273592e+22,-0.0049878,530.856,9177554000000,-0.01762868,30.948,103368400000000,4691.307,36.84,116.053,0.15439264,3945.931396,4.501,115.409,50.14,13524,,,,,,
2609,2023-12-21 21:12:00,10514,4198.78,18.161,5.934935e+23,6.273592e+22,-0.0049878,530.856,9177554000000,-0.01762868,30.948,103368400000000,4691.307,36.84,116.053,0.15439264,3945.931396,4.501,115.409,50.14,13526,,,,,,
2610,2023-12-21 21:12:00,10514,4198.78,18.161,5.934935e+23,6.273592e+22,-0.0049878,530.856,9177554000000,-0.01762868,30.948,103368400000000,4691.307,36.84,116.053,0.15439264,3945.931396,4.501,115.409,50.14,13530,,,,,,
2611,2023-12-21 21:24:00,10514,4165.219,18.005,5.908129e+23,6.27651e+22,-0.00514666,549.663,11484300000000,-0.01837269,30.814,102708800000000,4659.445,36.683,115.27,0.14266539,3938.319336,4.488,114.692,49.821,13521,,,,,,
2612,2023-12-21 21:24:00,10514,4165.219,18.005,5.908129e+23,6.27651e+22,-0.00514666,549.663,11484300000000,-0.01837269,30.814,102708800000000,4659.445,36.683,115.27,0.14266539,3938.319336,4.488,114.692,49.821,13523,,,,,,
2613,2023-12-21 21:24:00,10514,4165.219,18.005,5.908129e+23,6.27651e+22,-0.00514666,549.663,11484300000000,-0.01837269,30.814,102708800000000,4659.445,36.683,115.27,0.14266539,3938.319336,4.488,114.692,49.821,13524,,,,,,
2614,2023-12-21 21:24:00,10514,4165.219,18.005,5.908129e+23,6.27651e+22,-0.00514666,549.663,11484300000000,-0.01837269,30.814,102708800000000,4659.445,36.683,115.27,0.14266539,3938.319336,4.488,114.692,49.821,13526,,,,,,
2615,2023-12-21 21:24:00,10514,4165.219,18.005,5.908129e+23,6.27651e+22,-0.00514666,549.663,11484300000000,-0.01837269,30.814,102708800000000,4659.445,36.683,115.27,0.14266539,3938.319336,4.488,114.692,49.821,13530,,,,,,
2616,2023-12-21 21:36:00,10514,4160.92,17.892,5.920544e+23,6.268604e+22,-0.00494444,529.738,10487980000000,-0.017819,30.815,101445300000000,4583.406,36.794,114.239,0.14349912,3932.621582,4.492,113.729,49.547,13521,,,,,,
2617,2023-12-21 21:36:00,10514,4160.92,17.892,5.920544e+23,6.268604e+22,-0.00494444,529.738,10487980000000,-0.017819,30.815,101445300000000,4583.406,36.794,114.239,0.14349912,3932.621582,4.492,113.729,49.547,13523,,,,,,
2618,2023-12-21 21:36:00,10514,4160.92,17.892,5.920544e+23,6.268604e+22,-0.00494444,529.738,10487980000000,-0.017819,30.815,101445300000000,4583.406,36.794,114.239,0.14349912,3932.621582,4.492,113.729,49.547,13524,,,,,,
2619,2023-12-21 21:36:00,10514,4160.92,17.892,5.920544e+23,6.268604e+22,-0.00494444,529.738,10487980000000,-0.017819,30.815,101445300000000,4583.406,36.794,114.239,0.14349912,3932.621582,4.492,113.729,49.547,13526,,,,,,
2620,2023-12-21 21:36:00,10514,4160.92,17.892,5.920544e+23,6.268604e+22,-0.00494444,529.738,10487980000000,-0.017819,30.815,101445300000000,4583.406,36.794,114.239,0.14349912,3932.621582,4.492,113.729,49.547,13530,,,,,,
2621,2023-12-21 21:48:00,10514,4153.07,17.975,5.956476e+23,6.297082e+22,-0.00504854,545.212,13641180000000,-0.01833708,30.852,101894700000000,4593.899,36.797,113.97,0.09120164,3931.657959,4.465,113.622,49.737,13521,,,,,,
2622,2023-12-21 21:48:00,10514,4153.07,17.975,5.956476e+23,6.297082e+22,-0.00504854,545.212,13641180000000,-0.01833708,30.852,101894700000000,4593.899,36.797,113.97,0.09120164,3931.657959,4.465,113.622,49.737,13523,,,,,,
2623,2023-12-21 21:48:00,10514,4153.07,17.975,5.956476e+23,6.297082e+22,-0.00504854,545.212,13641180000000,-0.01833708,30.852,101894700000000,4593.899,36.797,113.97,0.09120164,3931.657959,4.465,113.622,49.737,13524,,,,,,
2624,2023-12-21 21:48:00,10514,4153.07,17.975,5.956476e+23,6.297082e+22,-0.00504854,545.212,13641180000000,-0.01833708,30.852,101894700000000,4593.899,36.797,113.97,0.09120164,3931.657959,4.465,113.622,49.737,13526,,,,,,
2625,2023-12-21 21:48:00,10514,4153.07,17.975,5.956476e+23,6.297082e+22,-0.00504854,545.212,13641180000000,-0.01833708,30.852,101894700000000,4593.899,36.797,113.97,0.09120164,3931.657959,4.465,113.622,49.737,13530,,,,,,
2626,2023-12-21 22:00:00,10514,4148.126,17.795,5.910217e+23,6.271536e+22,-0.00500493,536.944,12593300000000,-0.01815033,30.744,100086100000000,4504.474,36.718,113.956,0.11300858,3915.917725,4.456,113.719,49.928,13521,,,,,,
2627,2023-12-21 22:00:00,10514,4148.126,17.795,5.910217e+23,6.271536e+22,-0.00500493,536.944,12593300000000,-0.01815033,30.744,100086100000000,4504.474,36.718,113.956,0.11300858,3915.917725,4.456,113.719,49.928,13523,,,,,,
2628,2023-12-21 22:00:00,10514,4148.126,17.795,5.910217e+23,6.271536e+22,-0.00500493,536.944,12593300000000,-0.01815033,30.744,100086100000000,4504.474,36.718,113.956,0.11300858,3915.917725,4.456,113.719,49.928,13524,,,,,,
2629,2023-12-21 22:00:00,10514,4148.126,17.795,5.910217e+23,6.271536e+22,-0.00500493,536.944,12593300000000,-0.01815033,30.744,100086100000000,4504.474,36.718,113.956,0.11300858,3915.917725,4.456,113.719,49.928,13526,,,,,,
2630,2023-12-21 22:00:00,10514,4148.126,17.795,5.910217e+23,6.271536e+22,-0.00500493,536.944,12593300000000,-0.01815033,30.744,100086100000000,4504.474,36.718,113.956,0.11300858,3915.917725,4.456,113.719,49.928,13530,,,,,,
2631,2023-12-21 22:12:00,10514,4125.508,17.701,5.891249e+23,6.281695e+22,-0.00503664,541.56,13522840000000,-0.01829302,30.791,100142200000000,4487.604,36.753,114.135,0.09096879,3914.9375,4.42,114.093,50.264,13521,,,,,,
2632,2023-12-21 22:12:00,10514,4125.508,17.701,5.891249e+23,6.281695e+22,-0.00503664,541.56,13522840000000,-0.01829302,30.791,100142200000000,4487.604,36.753,114.135,0.09096879,3914.9375,4.42,114.093,50.264,13523,,,,,,
2633,2023-12-21 22:12:00,10514,4125.508,17.701,5.891249e+23,6.281695e+22,-0.00503664,541.56,13522840000000,-0.01829302,30.791,100142200000000,4487.604,36.753,114.135,0.09096879,3914.9375,4.42,114.093,50.264,13524,,,,,,
2634,2023-12-21 22:12:00,10514,4125.508,17.701,5.891249e+23,6.281695e+22,-0.00503664,541.56,13522840000000,-0.01829302,30.791,100142200000000,4487.604,36.753,114.135,0.09096879,3914.9375,4.42,114.093,50.264,13526,,,,,,
2635,2023-12-21 22:12:00,10514,4125.508,17.701,5.891249e+23,6.281695e+22,-0.00503664,541.56,13522840000000,-0.01829302,30.791,100142200000000,4487.604,36.753,114.135,0.09096879,3914.9375,4.42,114.093,50.264,13530,,,,,,
2636,2023-12-21 22:24:00,10514,4152.866,17.29,5.908476e+23,6.271888e+22,-0.00524122,561.481,16519980000000,-0.01902808,30.668,99560060000000,4467.469,36.684,113.904,0.09889479,3922.703613,4.388,114.137,50.634,13521,,,,,,
2637,2023-12-21 22:24:00,10514,4152.866,17.29,5.908476e+23,6.271888e+22,-0.00524122,561.481,16519980000000,-0.01902808,30.668,99560060000000,4467.469,36.684,113.904,0.09889479,3922.703613,4.388,114.137,50.634,13523,,,,,,
2638,2023-12-21 22:24:00,10514,4152.866,17.29,5.908476e+23,6.271888e+22,-0.00524122,561.481,16519980000000,-0.01902808,30.668,99560060000000,4467.469,36.684,113.904,0.09889479,3922.703613,4.388,114.137,50.634,13524,,,,,,
2639,2023-12-21 22:24:00,10514,4152.866,17.29,5.908476e+23,6.271888e+22,-0.00524122,561.481,16519980000000,-0.01902808,30.668,99560060000000,4467.469,36.684,113.904,0.09889479,3922.703613,4.388,114.137,50.634,13526,,,,,,
2640,2023-12-21 22:24:00,10514,4152.866,17.29,5.908476e+23,6.271888e+22,-0.00524122,561.481,16519980000000,-0.01902808,30.668,99560060000000,4467.469,36.684,113.904,0.09889479,3922.703613,4.388,114.137,50.634,13530,,,,,,
2641,2024-02-14 13:00:00,10779,6962.188,18.366,1.322506e+24,9.57058e+22,0.01053328,1506.554,56365250000000,0.02681714,30.762,121549500000000,6575.975,35.611,102.546,-0.10026214,3161.116943,4.908,95.998,42.719,13576,2024-02-04 11:40:00,M,,,,
2642,2024-02-14 13:00:00,10779,6962.188,18.366,1.322506e+24,9.57058e+22,0.01053328,1506.554,56365250000000,0.02681714,30.762,121549500000000,6575.975,35.611,102.546,-0.10026214,3161.116943,4.908,95.998,42.719,13576,2024-02-04 16:22:00,M,,,,
2643,2024-02-14 13:00:00,10779,6962.188,18.366,1.322506e+24,9.57058e+22,0.01053328,1506.554,56365250000000,0.02681714,30.762,121549500000000,6575.975,35.611,102.546,-0.10026214,3161.116943,4.908,95.998,42.719,13576,2024-02-04 17:05:00,M,,,,
2644,2024-02-14 13:00:00,10779,6962.188,18.366,1.322506e+24,9.57058e+22,0.01053328,1506.554,56365250000000,0.02681714,30.762,121549500000000,6575.975,35.611,102.546,-0.10026214,3161.116943,4.908,95.998,42.719,13576,2024-02-04 18:16:00,M,,,,
2645,2024-02-14 13:00:00,10779,6962.188,18.366,1.322506e+24,9.57058e+22,0.01053328,1506.554,56365250000000,0.02681714,30.762,121549500000000,6575.975,35.611,102.546,-0.10026214,3161.116943,4.908,95.998,42.719,13576,2024-02-04 20:52:00,M,,,,
2646,2024-02-14 13:00:00,10779,6962.188,18.366,1.322506e+24,9.57058e+22,0.01053328,1506.554,56365250000000,0.02681714,30.762,121549500000000,6575.975,35.611,102.546,-0.10026214,3161.116943,4.908,95.998,42.719,13576,2024-02-04 22:20:00,M,,,,
2647,2024-02-14 13:00:00,10779,6962.188,18.366,1.322506e+24,9.57058e+22,0.01053328,1506.554,56365250000000,0.02681714,30.762,121549500000000,6575.975,35.611,102.546,-0.10026214,3161.116943,4.908,95.998,42.719,13576,2024-02-04 22:34:00,M,,,,
2648,2024-02-14 13:00:00,10779,6962.188,18.366,1.322506e+24,9.57058e+22,0.01053328,1506.554,56365250000000,0.02681714,30.762,121549500000000,6575.975,35.611,102.546,-0.10026214,3161.116943,4.908,95.998,42.719,13576,2024-02-05 04:13:00,M,,,,
2650,2024-02-14 13:00:00,10779,6962.188,18.366,1.322506e+24,9.57058e+22,0.01053328,1506.554,56365250000000,0.02681714,30.762,121549500000000,6575.975,35.611,102.546,-0.10026214,3161.116943,4.908,95.998,42.719,13576,2024-02-07 17:41:00,M,,,,
2651,2024-02-14 13:00:00,10779,6962.188,18.366,1.322506e+24,9.57058e+22,0.01053328,1506.554,56365250000000,0.02681714,30.762,121549500000000,6575.975,35.611,102.546,-0.10026214,3161.116943,4.908,95.998,42.719,13576,2024-02-08 12:41:00,M,,,,
2652,2024-02-14 13:00:00,10779,6962.188,18.366,1.322506e+24,9.57058e+22,0.01053328,1506.554,56365250000000,0.02681714,30.762,121549500000000,6575.975,35.611,102.546,-0.10026214,3161.116943,4.908,95.998,42.719,13576,2024-02-08 15:17:00,M,,,,
2653,2024-02-14 13:00:00,10779,6962.188,18.366,1.322506e+24,9.57058e+22,0.01053328,1506.554,56365250000000,0.02681714,30.762,121549500000000,6575.975,35.611,102.546,-0.10026214,3161.116943,4.908,95.998,42.719,13576,2024-02-08 18:56:00,M,,,,
2654,2024-02-14 13:00:00,10779,6962.188,18.366,1.322506e+24,9.57058e+22,0.01053328,1506.554,56365250000000,0.02681714,30.762,121549500000000,6575.975,35.611,102.546,-0.10026214,3161.116943,4.908,95.998,42.719,13576,2024-02-09 00:36:00,M,,,,
2655,2024-02-14 13:00:00,10779,6962.188,18.366,1.322506e+24,9.57058e+22,0.01053328,1506.554,56365250000000,0.02681714,30.762,121549500000000,6575.975,35.611,102.546,-0.10026214,3161.116943,4.908,95.998,42.719,13576,2024-02-09 17:54:00,M,,,,
2656,2024-02-14 13:00:00,10779,6962.188,18.366,1.322506e+24,9.57058e+22,0.01053328,1506.554,56365250000000,0.02681714,30.762,121549500000000,6575.975,35.611,102.546,-0.10026214,3161.116943,4.908,95.998,42.719,13576,2024-02-10 00:42:00,M,,,,
2659,2024-02-14 13:00:00,10779,6962.188,18.366,1.322506e+24,9.57058e+22,0.01053328,1506.554,56365250000000,0.02681714,30.762,121549500000000,6575.975,35.611,102.546,-0.10026214,3161.116943,4.908,95.998,42.719,13576,2024-02-12 12:50:00,M,,,,
2660,2024-02-14 13:00:00,10779,6962.188,18.366,1.322506e+24,9.57058e+22,0.01053328,1506.554,56365250000000,0.02681714,30.762,121549500000000,6575.975,35.611,102.546,-0.10026214,3161.116943,4.908,95.998,42.719,13576,2024-02-12 15:31:00,M,,,,
2661,2024-02-14 13:00:00,10779,6962.188,18.366,1.322506e+24,9.57058e+22,0.01053328,1506.554,56365250000000,0.02681714,30.762,121549500000000,6575.975,35.611,102.546,-0.10026214,3161.116943,4.908,95.998,42.719,13576,2024-02-14 07:26:00,M,,,,
2662,2024-02-14 13:00:00,10779,6962.188,18.366,1.322506e+24,9.57058e+22,0.01053328,1506.554,56365250000000,0.02681714,30.762,121549500000000,6575.975,35.611,102.546,-0.10026214,3161.116943,4.908,95.998,42.719,13576,2024-02-15 16:50:00,M,2024-02-15 17:36:00,CME,,
2663,2024-02-14 13:00:00,10779,6962.188,18.366,1.322506e+24,9.57058e+22,0.01053328,1506.554,56365250000000,0.02681714,30.762,121549500000000,6575.975,35.611,102.546,-0.10026214,3161.116943,4.908,95.998,42.719,13576,2024-02-16 06:42:00,X,2024-02-16 07:23:00,CME,,
2664,2024-02-14 13:00:00,10779,6962.188,18.366,1.322506e+24,9.57058e+22,0.01053328,1506.554,56365250000000,0.02681714,30.762,121549500000000,6575.975,35.611,102.546,-0.10026214,3161.116943,4.908,95.998,42.719,13576,2024-02-16 21:57:00,M,,,,
2665,2024-02-14 13:00:00,10779,6962.188,18.366,1.322506e+24,9.57058e+22,0.01053328,1506.554,56365250000000,0.02681714,30.762,121549500000000,6575.975,35.611,102.546,-0.10026214,3161.116943,4.908,95.998,42.719,13578,,,,,,
2666,2024-02-14 13:00:00,10779,6962.188,18.366,1.322506e+24,9.57058e+22,0.01053328,1506.554,56365250000000,0.02681714,30.762,121549500000000,6575.975,35.611,102.546,-0.10026214,3161.116943,4.908,95.998,42.719,13579,,,,,,
2667,2024-02-14 13:00:00,10779,6962.188,18.366,1.322506e+24,9.57058e+22,0.01053328,1506.554,56365250000000,0.02681714,30.762,121549500000000,6575.975,35.611,102.546,-0.10026214,3161.116943,4.908,95.998,42.719,13589,,,,,,
2668,2024-02-14 13:12:00,10779,6935.052,18.114,1.316384e+24,9.589422e+22,0.01025972,1466.371,52258970000000,0.02598572,30.659,119746700000000,6573.728,35.501,101.914,-0.1010818,3152.920898,4.919,95.807,42.663,13576,2024-02-04 11:40:00,M,,,,
2669,2024-02-14 13:12:00,10779,6935.052,18.114,1.316384e+24,9.589422e+22,0.01025972,1466.371,52258970000000,0.02598572,30.659,119746700000000,6573.728,35.501,101.914,-0.1010818,3152.920898,4.919,95.807,42.663,13576,2024-02-04 16:22:00,M,,,,
2670,2024-02-14 13:12:00,10779,6935.052,18.114,1.316384e+24,9.589422e+22,0.01025972,1466.371,52258970000000,0.02598572,30.659,119746700000000,6573.728,35.501,101.914,-0.1010818,3152.920898,4.919,95.807,42.663,13576,2024-02-04 17:05:00,M,,,,
2671,2024-02-14 13:12:00,10779,6935.052,18.114,1.316384e+24,9.589422e+22,0.01025972,1466.371,52258970000000,0.02598572,30.659,119746700000000,6573.728,35.501,101.914,-0.1010818,3152.920898,4.919,95.807,42.663,13576,2024-02-04 18:16:00,M,,,,
2672,2024-02-14 13:12:00,10779,6935.052,18.114,1.316384e+24,9.589422e+22,0.01025972,1466.371,52258970000000,0.02598572,30.659,119746700000000,6573.728,35.501,101.914,-0.1010818,3152.920898,4.919,95.807,42.663,13576,2024-02-04 20:52:00,M,,,,
2673,2024-02-14 13:12:00,10779,6935.052,18.114,1.316384e+24,9.589422e+22,0.01025972,1466.371,52258970000000,0.02598572,30.659,119746700000000,6573.728,35.501,101.914,-0.1010818,3152.920898,4.919,95.807,42.663,13576,2024-02-04 22:20:00,M,,,,
2674,2024-02-14 13:12:00,10779,6935.052,18.114,1.316384e+24,9.589422e+22,0.01025972,1466.371,52258970000000,0.02598572,30.659,119746700000000,6573.728,35.501,101.914,-0.1010818,3152.920898,4.919,95.807,42.663,13576,2024-02-04 22:34:00,M,,,,
2675,2024-02-14 13:12:00,10779,6935.052,18.114,1.316384e+24,9.589422e+22,0.01025972,1466.371,52258970000000,0.02598572,30.659,119746700000000,6573.728,35.501,101.914,-0.1010818,3152.920898,4.919,95.807,42.663,13576,2024-02-05 04:13:00,M,,,,
2677,2024-02-14 13:12:00,10779,6935.052,18.114,1.316384e+24,9.589422e+22,0.01025972,1466.371,52258970000000,0.02598572,30.659,119746700000000,6573.728,35.501,101.914,-0.1010818,3152.920898,4.919,95.807,42.663,13576,2024-02-07 17:41:00,M,,,,
2678,2024-02-14 13:12:00,10779,6935.052,18.114,1.316384e+24,9.589422e+22,0.01025972,1466.371,52258970000000,0.02598572,30.659,119746700000000,6573.728,35.501,101.914,-0.1010818,3152.920898,4.919,95.807,42.663,13576,2024-02-08 12:41:00,M,,,,
2679,2024-02-14 13:12:00,10779,6935.052,18.114,1.316384e+24,9.589422e+22,0.01025972,1466.371,52258970000000,0.02598572,30.659,119746700000000,6573.728,35.501,101.914,-0.1010818,3152.920898,4.919,95.807,42.663,13576,2024-02-08 15:17:00,M,,,,
2680,2024-02-14 13:12:00,10779,6935.052,18.114,1.316384e+24,9.589422e+22,0.01025972,1466.371,52258970000000,0.02598572,30.659,119746700000000,6573.728,35.501,101.914,-0.1010818,3152.920898,4.919,95.807,42.663,13576,2024-02-08 18:56:00,M,,,,
2681,2024-02-14 13:12:00,10779,6935.052,18.114,1.316384e+24,9.589422e+22,0.01025972,1466.371,52258970000000,0.02598572,30.659,119746700000000,6573.728,35.501,101.914,-0.1010818,3152.920898,4.919,95.807,42.663,13576,2024-02-09 00:36:00,M,,,,
2682,2024-02-14 13:12:00,10779,6935.052,18.114,1.316384e+24,9.589422e+22,0.01025972,1466.371,52258970000000,0.02598572,30.659,119746700000000,6573.728,35.501,101.914,-0.1010818,3152.920898,4.919,95.807,42.663,13576,2024-02-09 17:54:00,M,,,,
2683,2024-02-14 13:12:00,10779,6935.052,18.114,1.316384e+24,9.589422e+22,0.01025972,1466.371,52258970000000,0.02598572,30.659,119746700000000,6573.728,35.501,101.914,-0.1010818,3152.920898,4.919,95.807,42.663,13576,2024-02-10 00:42:00,M,,,,
2686,2024-02-14 13:12:00,10779,6935.052,18.114,1.316384e+24,9.589422e+22,0.01025972,1466.371,52258970000000,0.02598572,30.659,119746700000000,6573.728,35.501,101.914,-0.1010818,3152.920898,4.919,95.807,42.663,13576,2024-02-12 12:50:00,M,,,,
2687,2024-02-14 13:12:00,10779,6935.052,18.114,1.316384e+24,9.589422e+22,0.01025972,1466.371,52258970000000,0.02598572,30.659,119746700000000,6573.728,35.501,101.914,-0.1010818,3152.920898,4.919,95.807,42.663,13576,2024-02-12 15:31:00,M,,,,
2688,2024-02-14 13:12:00,10779,6935.052,18.114,1.316384e+24,9.589422e+22,0.01025972,1466.371,52258970000000,0.02598572,30.659,119746700000000,6573.728,35.501,101.914,-0.1010818,3152.920898,4.919,95.807,42.663,13576,2024-02-14 07:26:00,M,,,,
2689,2024-02-14 13:12:00,10779,6935.052,18.114,1.316384e+24,9.589422e+22,0.01025972,1466.371,52258970000000,0.02598572,30.659,119746700000000,6573.728,35.501,101.914,-0.1010818,3152.920898,4.919,95.807,42.663,13576,2024-02-15 16:50:00,M,2024-02-15 17:36:00,CME,,
2690,2024-02-14 13:12:00,10779,6935.052,18.114,1.316384e+24,9.589422e+22,0.01025972,1466.371,52258970000000,0.02598572,30.659,119746700000000,6573.728,35.501,101.914,-0.1010818,3152.920898,4.919,95.807,42.663,13576,2024-02-16 06:42:00,X,2024-02-16 07:23:00,CME,,
2691,2024-02-14 13:12:00,10779,6935.052,18.114,1.316384e+24,9.589422e+22,0.01025972,1466.371,52258970000000,0.02598572,30.659,119746700000000,6573.728,35.501,101.914,-0.1010818,3152.920898,4.919,95.807,42.663,13576,2024-02-16 21:57:00,M,,,,
2692,2024-02-14 13:12:00,10779,6935.052,18.114,1.316384e+24,9.589422e+22,0.01025972,1466.371,52258970000000,0.02598572,30.659,119746700000000,6573.728,35.501,101.914,-0.1010818,3152.920898,4.919,95.807,42.663,13578,,,,,,
2693,2024-02-14 13:12:00,10779,6935.052,18.114,1.316384e+24,9.589422e+22,0.01025972,1466.371,52258970000000,0.02598572,30.659,119746700000000,6573.728,35.501,101.914,-0.1010818,3152.920898,4.919,95.807,42.663,13579,,,,,,
2694,2024-02-14 13:12:00,10779,6935.052,18.114,1.316384e+24,9.589422e+22,0.01025972,1466.371,52258970000000,0.02598572,30.659,119746700000000,6573.728,35.501,101.914,-0.1010818,3152.920898,4.919,95.807,42.663,13589,,,,,,
2695,2024-02-14 13:24:00,10779,6895.131,17.895,1.313586e+24,9.626389e+22,0.0101695,1458.775,53555220000000,0.02579842,30.469,119292800000000,6547.54,35.389,101.754,-0.1045818,3162.236572,4.944,95.443,42.328,13576,2024-02-04 11:40:00,M,,,,
2696,2024-02-14 13:24:00,10779,6895.131,17.895,1.313586e+24,9.626389e+22,0.0101695,1458.775,53555220000000,0.02579842,30.469,119292800000000,6547.54,35.389,101.754,-0.1045818,3162.236572,4.944,95.443,42.328,13576,2024-02-04 16:22:00,M,,,,
2697,2024-02-14 13:24:00,10779,6895.131,17.895,1.313586e+24,9.626389e+22,0.0101695,1458.775,53555220000000,0.02579842,30.469,119292800000000,6547.54,35.389,101.754,-0.1045818,3162.236572,4.944,95.443,42.328,13576,2024-02-04 17:05:00,M,,,,
2698,2024-02-14 13:24:00,10779,6895.131,17.895,1.313586e+24,9.626389e+22,0.0101695,1458.775,53555220000000,0.02579842,30.469,119292800000000,6547.54,35.389,101.754,-0.1045818,3162.236572,4.944,95.443,42.328,13576,2024-02-04 18:16:00,M,,,,
2699,2024-02-14 13:24:00,10779,6895.131,17.895,1.313586e+24,9.626389e+22,0.0101695,1458.775,53555220000000,0.02579842,30.469,119292800000000,6547.54,35.389,101.754,-0.1045818,3162.236572,4.944,95.443,42.328,13576,2024-02-04 20:52:00,M,,,,
2700,2024-02-14 13:24:00,10779,6895.131,17.895,1.313586e+24,9.626389e+22,0.0101695,1458.775,53555220000000,0.02579842,30.469,119292800000000,6547.54,35.389,101.754,-0.1045818,3162.236572,4.944,95.443,42.328,13576,2024-02-04 22:20:00,M,,,,
2701,2024-02-14 13:24:00,10779,6895.131,17.895,1.313586e+24,9.626389e+22,0.0101695,1458.775,53555220000000,0.02579842,30.469,119292800000000,6547.54,35.389,101.754,-0.1045818,3162.236572,4.944,95.443,42.328,13576,2024-02-04 22:34:00,M,,,,
2702,2024-02-14 13:24:00,10779,6895.131,17.895,1.313586e+24,9.626389e+22,0.0101695,1458.775,53555220000000,0.02579842,30.469,119292800000000,6547.54,35.389,101.754,-0.1045818,3162.236572,4.944,95.443,42.328,13576,2024-02-05 04:13:00,M,,,,
2704,2024-02-14 13:24:00,10779,6895.131,17.895,1.313586e+24,9.626389e+22,0.0101695,1458.775,53555220000000,0.02579842,30.469,119292800000000,6547.54,35.389,101.754,-0.1045818,3162.236572,4.944,95.443,42.328,13576,2024-02-07 17:41:00,M,,,,
2705,2024-02-14 13:24:00,10779,6895.131,17.895,1.313586e+24,9.626389e+22,0.0101695,1458.775,53555220000000,0.02579842,30.469,119292800000000,6547.54,35.389,101.754,-0.1045818,3162.236572,4.944,95.443,42.328,13576,2024-02-08 12:41:00,M,,,,
2706,2024-02-14 13:24:00,10779,6895.131,17.895,1.313586e+24,9.626389e+22,0.0101695,1458.775,53555220000000,0.02579842,30.469,119292800000000,6547.54,35.389,101.754,-0.1045818,3162.236572,4.944,95.443,42.328,13576,2024-02-08 15:17:00,M,,,,
2707,2024-02-14 13:24:00,10779,6895.131,17.895,1.313586e+24,9.626389e+22,0.0101695,1458.775,53555220000000,0.02579842,30.469,119292800000000,6547.54,35.389,101.754,-0.1045818,3162.236572,4.944,95.443,42.328,13576,2024-02-08 18:56:00,M,,,,
2708,2024-02-14 13:24:00,10779,6895.131,17.895,1.313586e+24,9.626389e+22,0.0101695,1458.775,53555220000000,0.02579842,30.469,119292800000000,6547.54,35.389,101.754,-0.1045818,3162.236572,4.944,95.443,42.328,13576,2024-02-09 00:36:00,M,,,,
2709,2024-02-14 13:24:00,10779,6895.131,17.895,1.313586e+24,9.626389e+22,0.0101695,1458.775,53555220000000,0.02579842,30.469,119292800000000,6547.54,35.389,101.754,-0.1045818,3162.236572,4.944,95.443,42.328,13576,2024-02-09 17:54:00,M,,,,
2710,2024-02-14 13:24:00,10779,6895.131,17.895,1.313586e+24,9.626389e+22,0.0101695,1458.775,53555220000000,0.02579842,30.469,119292800000000,6547.54,35.389,101.754,-0.1045818,3162.236572,4.944,95.443,42.328,13576,2024-02-10 00:42:00,M,,,,
2713,2024-02-14 13:24:00,10779,6895.131,17.895,1.313586e+24,9.626389e+22,0.0101695,1458.775,53555220000000,0.02579842,30.469,119292800000000,6547.54,35.389,101.754,-0.1045818,3162.236572,4.944,95.443,42.328,13576,2024-02-12 12:50:00,M,,,,
2714,2024-02-14 13:24:00,10779,6895.131,17.895,1.313586e+24,9.626389e+22,0.0101695,1458.775,53555220000000,0.02579842,30.469,119292800000000,6547.54,35.389,101.754,-0.1045818,3162.236572,4.944,95.443,42.328,13576,2024-02-12 15:31:00,M,,,,
2715,2024-02-14 13:24:00,10779,6895.131,17.895,1.313586e+24,9.626389e+22,0.0101695,1458.775,53555220000000,0.02579842,30.469,119292800000000,6547.54,35.389,101.754,-0.1045818,3162.236572,4.944,95.443,42.328,13576,2024-02-14 07:26:00,M,,,,
2716,2024-02-14 13:24:00,10779,6895.131,17.895,1.313586e+24,9.626389e+22,0.0101695,1458.775,53555220000000,0.02579842,30.469,119292800000000,6547.54,35.389,101.754,-0.1045818,3162.236572,4.944,95.443,42.328,13576,2024-02-15 16:50:00,M,2024-02-15 17:36:00,CME,,
2717,2024-02-14 13:24:00,10779,6895.131,17.895,1.313586e+24,9.626389e+22,0.0101695,1458.775,53555220000000,0.02579842,30.469,119292800000000,6547.54,35.389,101.754,-0.1045818,3162.236572,4.944,95.443,42.328,13576,2024-02-16 06:42:00,X,2024-02-16 07:23:00,CME,,
2718,2024-02-14 13:24:00,10779,6895.131,17.895,1.313586e+24,9.626389e+22,0.0101695,1458.775,53555220000000,0.02579842,30.469,119292800000000,6547.54,35.389,101.754,-0.1045818,3162.236572,4.944,95.443,42.328,13576,2024-02-16 21:57:00,M,,,,
2719,2024-02-14 13:24:00,10779,6895.131,17.895,1.313586e+24,9.626389e+22,0.0101695,1458.775,53555220000000,0.02579842,30.469,119292800000000,6547.54,35.389,101.754,-0.1045818,3162.236572,4.944,95.443,42.328,13578,,,,,,
2720,2024-02-14 13:24:00,10779,6895.131,17.895,1.313586e+24,9.626389e+22,0.0101695,1458.775,53555220000000,0.02579842,30.469,119292800000000,6547.54,35.389,101.754,-0.1045818,3162.236572,4.944,95.443,42.328,13579,,,,,,
2721,2024-02-14 13:24:00,10779,6895.131,17.895,1.313586e+24,9.626389e+22,0.0101695,1458.775,53555220000000,0.02579842,30.469,119292800000000,6547.54,35.389,101.754,-0.1045818,3162.236572,4.944,95.443,42.328,13589,,,,,,
2722,2024-02-14 13:36:00,10779,6843.305,17.661,1.29916e+24,9.613706e+22,0.01050622,1501.822,55067660000000,0.02656055,30.428,119155300000000,6538.583,35.368,101.577,-0.08969441,3150.780029,4.956,95.53,42.346,13576,2024-02-04 11:40:00,M,,,,
2723,2024-02-14 13:36:00,10779,6843.305,17.661,1.29916e+24,9.613706e+22,0.01050622,1501.822,55067660000000,0.02656055,30.428,119155300000000,6538.583,35.368,101.577,-0.08969441,3150.780029,4.956,95.53,42.346,13576,2024-02-04 16:22:00,M,,,,
2724,2024-02-14 13:36:00,10779,6843.305,17.661,1.29916e+24,9.613706e+22,0.01050622,1501.822,55067660000000,0.02656055,30.428,119155300000000,6538.583,35.368,101.577,-0.08969441,3150.780029,4.956,95.53,42.346,13576,2024-02-04 17:05:00,M,,,,
2725,2024-02-14 13:36:00,10779,6843.305,17.661,1.29916e+24,9.613706e+22,0.01050622,1501.822,55067660000000,0.02656055,30.428,119155300000000,6538.583,35.368,101.577,-0.08969441,3150.780029,4.956,95.53,42.346,13576,2024-02-04 18:16:00,M,,,,
2726,2024-02-14 13:36:00,10779,6843.305,17.661,1.29916e+24,9.613706e+22,0.01050622,1501.822,55067660000000,0.02656055,30.428,119155300000000,6538.583,35.368,101.577,-0.08969441,3150.780029,4.956,95.53,42.346,13576,2024-02-04 20:52:00,M,,,,
2727,2024-02-14 13:36:00,10779,6843.305,17.661,1.29916e+24,9.613706e+22,0.01050622,1501.822,55067660000000,0.02656055,30.428,119155300000000,6538.583,35.368,101.577,-0.08969441,3150.780029,4.956,95.53,42.346,13576,2024-02-04 22:20:00,M,,,,
2728,2024-02-14 13:36:00,10779,6843.305,17.661,1.29916e+24,9.613706e+22,0.01050622,1501.822,55067660000000,0.02656055,30.428,119155300000000,6538.583,35.368,101.577,-0.08969441,3150.780029,4.956,95.53,42.346,13576,2024-02-04 22:34:00,M,,,,
2729,2024-02-14 13:36:00,10779,6843.305,17.661,1.29916e+24,9.613706e+22,0.01050622,1501.822,55067660000000,0.02656055,30.428,119155300000000,6538.583,35.368,101.577,-0.08969441,3150.780029,4.956,95.53,42.346,13576,2024-02-05 04:13:00,M,,,,
2731,2024-02-14 13:36:00,10779,6843.305,17.661,1.29916e+24,9.613706e+22,0.01050622,1501.822,55067660000000,0.02656055,30.428,119155300000000,6538.583,35.368,101.577,-0.08969441,3150.780029,4.956,95.53,42.346,13576,2024-02-07 17:41:00,M,,,,
2732,2024-02-14 13:36:00,10779,6843.305,17.661,1.29916e+24,9.613706e+22,0.01050622,1501.822,55067660000000,0.02656055,30.428,119155300000000,6538.583,35.368,101.577,-0.08969441,3150.780029,4.956,95.53,42.346,13576,2024-02-08 12:41:00,M,,,,
2733,2024-02-14 13:36:00,10779,6843.305,17.661,1.29916e+24,9.613706e+22,0.01050622,1501.822,55067660000000,0.02656055,30.428,119155300000000,6538.583,35.368,101.577,-0.08969441,3150.780029,4.956,95.53,42.346,13576,2024-02-08 15:17:00,M,,,,
2734,2024-02-14 13:36:00,10779,6843.305,17.661,1.29916e+24,9.613706e+22,0.01050622,1501.822,55067660000000,0.02656055,30.428,119155300000000,6538.583,35.368,101.577,-0.08969441,3150.780029,4.956,95.53,42.346,13576,2024-02-08 18:56:00,M,,,,
2735,2024-02-14 13:36:00,10779,6843.305,17.661,1.29916e+24,9.613706e+22,0.01050622,1501.822,55067660000000,0.02656055,30.428,119155300000000,6538.583,35.368,101.577,-0.08969441,3150.780029,4.956,95.53,42.346,13576,2024-02-09 00:36:00,M,,,,
2736,2024-02-14 13:36:00,10779,6843.305,17.661,1.29916e+24,9.613706e+22,0.01050622,1501.822,55067660000000,0.02656055,30.428,119155300000000,6538.583,35.368,101.577,-0.08969441,3150.780029,4.956,95.53,42.346,13576,2024-02-09 17:54:00,M,,,,
2737,2024-02-14 13:36:00,10779,6843.305,17.661,1.29916e+24,9.613706e+22,0.01050622,1501.822,55067660000000,0.02656055,30.428,119155300000000,6538.583,35.368,101.577,-0.08969441,3150.780029,4.956,95.53,42.346,13576,2024-02-10 00:42:00,M,,,,
2740,2024-02-14 13:36:00,10779,6843.305,17.661,1.29916e+24,9.613706e+22,0.01050622,1501.822,55067660000000,0.02656055,30.428,119155300000000,6538.583,35.368,101.577,-0.08969441,3150.780029,4.956,95.53,42.346,13576,2024-02-12 12:50:00,M,,,,
2741,2024-02-14 13:36:00,10779,6843.305,17.661,1.29916e+24,9.613706e+22,0.01050622,1501.822,55067660000000,0.02656055,30.428,119155300000000,6538.583,35.368,101.577,-0.08969441,3150.780029,4.956,95.53,42.346,13576,2024-02-12 15:31:00,M,,,,
2742,2024-02-14 13:36:00,10779,6843.305,17.661,1.29916e+24,9.613706e+22,0.01050622,1501.822,55067660000000,0.02656055,30.428,119155300000000,6538.583,35.368,101.577,-0.08969441,3150.780029,4.956,95.53,42.346,13576,2024-02-14 07:26:00,M,,,,
2743,2024-02-14 13:36:00,10779,6843.305,17.661,1.29916e+24,9.613706e+22,0.01050622,1501.822,55067660000000,0.02656055,30.428,119155300000000,6538.583,35.368,101.577,-0.08969441,3150.780029,4.956,95.53,42.346,13576,2024-02-15 16:50:00,M,2024-02-15 17:36:00,CME,,
2744,2024-02-14 13:36:00,10779,6843.305,17.661,1.29916e+24,9.613706e+22,0.01050622,1501.822,55067660000000,0.02656055,30.428,119155300000000,6538.583,35.368,101.577,-0.08969441,3150.780029,4.956,95.53,42.346,13576,2024-02-16 06:42:00,X,2024-02-16 07:23:00,CME,,
2745,2024-02-14 13:36:00,10779,6843.305,17.661,1.29916e+24,9.613706e+22,0.01050622,1501.822,55067660000000,0.02656055,30.428,119155300000000,6538.583,35.368,101.577,-0.08969441,3150.780029,4.956,95.53,42.346,13576,2024-02-16 21:57:00,M,,,,
2746,2024-02-14 13:36:00,10779,6843.305,17.661,1.29916e+24,9.613706e+22,0.01050622,1501.822,55067660000000,0.02656055,30.428,119155300000000,6538.583,35.368,101.577,-0.08969441,3150.780029,4.956,95.53,42.346,13578,,,,,,
2747,2024-02-14 13:36:00,10779,6843.305,17.661,1.29916e+24,9.613706e+22,0.01050622,1501.822,55067660000000,0.02656055,30.428,119155300000000,6538.583,35.368,101.577,-0.08969441,3150.780029,4.956,95.53,42.346,13579,,,,,,
2748,2024-02-14 13:36:00,10779,6843.305,17.661,1.29916e+24,9.613706e+22,0.01050622,1501.822,55067660000000,0.02656055,30.428,119155300000000,6538.583,35.368,101.577,-0.08969441,3150.780029,4.956,95.53,42.346,13589,,,,,,
2749,2024-02-14 13:48:00,10779,6865.285,17.745,1.301062e+24,9.627386e+22,0.01033367,1474.605,53354340000000,0.02599295,30.454,119279300000000,6550.327,35.351,102.051,-0.10774133,3156.032959,4.93,95.984,42.475,13576,2024-02-04 11:40:00,M,,,,
2750,2024-02-14 13:48:00,10779,6865.285,17.745,1.301062e+24,9.627386e+22,0.01033367,1474.605,53354340000000,0.02599295,30.454,119279300000000,6550.327,35.351,102.051,-0.10774133,3156.032959,4.93,95.984,42.475,13576,2024-02-04 16:22:00,M,,,,
2751,2024-02-14 13:48:00,10779,6865.285,17.745,1.301062e+24,9.627386e+22,0.01033367,1474.605,53354340000000,0.02599295,30.454,119279300000000,6550.327,35.351,102.051,-0.10774133,3156.032959,4.93,95.984,42.475,13576,2024-02-04 17:05:00,M,,,,
2752,2024-02-14 13:48:00,10779,6865.285,17.745,1.301062e+24,9.627386e+22,0.01033367,1474.605,53354340000000,0.02599295,30.454,119279300000000,6550.327,35.351,102.051,-0.10774133,3156.032959,4.93,95.984,42.475,13576,2024-02-04 18:16:00,M,,,,
2753,2024-02-14 13:48:00,10779,6865.285,17.745,1.301062e+24,9.627386e+22,0.01033367,1474.605,53354340000000,0.02599295,30.454,119279300000000,6550.327,35.351,102.051,-0.10774133,3156.032959,4.93,95.984,42.475,13576,2024-02-04 20:52:00,M,,,,
2754,2024-02-14 13:48:00,10779,6865.285,17.745,1.301062e+24,9.627386e+22,0.01033367,1474.605,53354340000000,0.02599295,30.454,119279300000000,6550.327,35.351,102.051,-0.10774133,3156.032959,4.93,95.984,42.475,13576,2024-02-04 22:20:00,M,,,,
2755,2024-02-14 13:48:00,10779,6865.285,17.745,1.301062e+24,9.627386e+22,0.01033367,1474.605,53354340000000,0.02599295,30.454,119279300000000,6550.327,35.351,102.051,-0.10774133,3156.032959,4.93,95.984,42.475,13576,2024-02-04 22:34:00,M,,,,
2756,2024-02-14 13:48:00,10779,6865.285,17.745,1.301062e+24,9.627386e+22,0.01033367,1474.605,53354340000000,0.02599295,30.454,119279300000000,6550.327,35.351,102.051,-0.10774133,3156.032959,4.93,95.984,42.475,13576,2024-02-05 04:13:00,M,,,,
2758,2024-02-14 13:48:00,10779,6865.285,17.745,1.301062e+24,9.627386e+22,0.01033367,1474.605,53354340000000,0.02599295,30.454,119279300000000,6550.327,35.351,102.051,-0.10774133,3156.032959,4.93,95.984,42.475,13576,2024-02-07 17:41:00,M,,,,
2759,2024-02-14 13:48:00,10779,6865.285,17.745,1.301062e+24,9.627386e+22,0.01033367,1474.605,53354340000000,0.02599295,30.454,119279300000000,6550.327,35.351,102.051,-0.10774133,3156.032959,4.93,95.984,42.475,13576,2024-02-08 12:41:00,M,,,,
2760,2024-02-14 13:48:00,10779,6865.285,17.745,1.301062e+24,9.627386e+22,0.01033367,1474.605,53354340000000,0.02599295,30.454,119279300000000,6550.327,35.351,102.051,-0.10774133,3156.032959,4.93,95.984,42.475,13576,2024-02-08 15:17:00,M,,,,
2761,2024-02-14 13:48:00,10779,6865.285,17.745,1.301062e+24,9.627386e+22,0.01033367,1474.605,53354340000000,0.02599295,30.454,119279300000000,6550.327,35.351,102.051,-0.10774133,3156.032959,4.93,95.984,42.475,13576,2024-02-08 18:56:00,M,,,,
2762,2024-02-14 13:48:00,10779,6865.285,17.745,1.301062e+24,9.627386e+22,0.01033367,1474.605,53354340000000,0.02599295,30.454,119279300000000,6550.327,35.351,102.051,-0.10774133,3156.032959,4.93,95.984,42.475,13576,2024-02-09 00:36:00,M,,,,
2763,2024-02-14 13:48:00,10779,6865.285,17.745,1.301062e+24,9.627386e+22,0.01033367,1474.605,53354340000000,0.02599295,30.454,119279300000000,6550.327,35.351,102.051,-0.10774133,3156.032959,4.93,95.984,42.475,13576,2024-02-09 17:54:00,M,,,,
2764,2024-02-14 13:48:00,10779,6865.285,17.745,1.301062e+24,9.627386e+22,0.01033367,1474.605,53354340000000,0.02599295,30.454,119279300000000,6550.327,35.351,102.051,-0.10774133,3156.032959,4.93,95.984,42.475,13576,2024-02-10 00:42:00,M,,,,
2767,2024-02-14 13:48:00,10779,6865.285,17.745,1.301062e+24,9.627386e+22,0.01033367,1474.605,53354340000000,0.02599295,30.454,119279300000000,6550.327,35.351,102.051,-0.10774133,3156.032959,4.93,95.984,42.475,13576,2024-02-12 12:50:00,M,,,,
2768,2024-02-14 13:48:00,10779,6865.285,17.745,1.301062e+24,9.627386e+22,0.01033367,1474.605,53354340000000,0.02599295,30.454,119279300000000,6550.327,35.351,102.051,-0.10774133,3156.032959,4.93,95.984,42.475,13576,2024-02-12 15:31:00,M,,,,
2769,2024-02-14 13:48:00,10779,6865.285,17.745,1.301062e+24,9.627386e+22,0.01033367,1474.605,53354340000000,0.02599295,30.454,119279300000000,6550.327,35.351,102.051,-0.10774133,3156.032959,4.93,95.984,42.475,13576,2024-02-14 07:26:00,M,,,,
2770,2024-02-14 13:48:00,10779,6865.285,17.745,1.301062e+24,9.627386e+22,0.01033367,1474.605,53354340000000,0.02599295,30.454,119279300000000,6550.327,35.351,102.051,-0.10774133,3156.032959,4.93,95.984,42.475,13576,2024-02-15 16:50:00,M,2024-02-15 17:36:00,CME,,
2771,2024-02-14 13:48:00,10779,6865.285,17.745,1.301062e+24,9.627386e+22,0.01033367,1474.605,53354340000000,0.02599295,30.454,119279300000000,6550.327,35.351,102.051,-0.10774133,3156.032959,4.93,95.984,42.475,13576,2024-02-16 06:42:00,X,2024-02-16 07:23:00,CME,,
2772,2024-02-14 13:48:00,10779,6865.285,17.745,1.301062e+24,9.627386e+22,0.01033367,1474.605,53354340000000,0.02599295,30.454,119279300000000,6550.327,35.351,102.051,-0.10774133,3156.032959,4.93,95.984,42.475,13576,2024-02-16 21:57:00,M,,,,
2773,2024-02-14 13:48:00,10779,6865.285,17.745,1.301062e+24,9.627386e+22,0.01033367,1474.605,53354340000000,0.02599295,30.454,119279300000000,6550.327,35.351,102.051,-0.10774133,3156.032959,4.93,95.984,42.475,13578,,,,,,
2774,2024-02-14 13:48:00,10779,6865.285,17.745,1.301062e+24,9.627386e+22,0.01033367,1474.605,53354340000000,0.02599295,30.454,119279300000000,6550.327,35.351,102.051,-0.10774133,3156.032959,4.93,95.984,42.475,13579,,,,,,
2775,2024-02-14 13:48:00,10779,6865.285,17.745,1.301062e+24,9.627386e+22,0.01033367,1474.605,53354340000000,0.02599295,30.454,119279300000000,6550.327,35.351,102.051,-0.10774133,3156.032959,4.93,95.984,42.475,13589,,,,,,
2776,2024-02-14 14:00:00,10779,6927.46,17.914,1.31291e+24,9.613768e+22,0.01039625,1483.617,54300330000000,0.0262276,30.58,119951200000000,6494.233,35.436,102.304,-0.1217792,3137.099609,4.916,96.115,42.66,13576,2024-02-04 11:40:00,M,,,,
2777,2024-02-14 14:00:00,10779,6927.46,17.914,1.31291e+24,9.613768e+22,0.01039625,1483.617,54300330000000,0.0262276,30.58,119951200000000,6494.233,35.436,102.304,-0.1217792,3137.099609,4.916,96.115,42.66,13576,2024-02-04 16:22:00,M,,,,
2778,2024-02-14 14:00:00,10779,6927.46,17.914,1.31291e+24,9.613768e+22,0.01039625,1483.617,54300330000000,0.0262276,30.58,119951200000000,6494.233,35.436,102.304,-0.1217792,3137.099609,4.916,96.115,42.66,13576,2024-02-04 17:05:00,M,,,,
2779,2024-02-14 14:00:00,10779,6927.46,17.914,1.31291e+24,9.613768e+22,0.01039625,1483.617,54300330000000,0.0262276,30.58,119951200000000,6494.233,35.436,102.304,-0.1217792,3137.099609,4.916,96.115,42.66,13576,2024-02-04 18:16:00,M,,,,
2780,2024-02-14 14:00:00,10779,6927.46,17.914,1.31291e+24,9.613768e+22,0.01039625,1483.617,54300330000000,0.0262276,30.58,119951200000000,6494.233,35.436,102.304,-0.1217792,3137.099609,4.916,96.115,42.66,13576,2024-02-04 20:52:00,M,,,,
2781,2024-02-14 14:00:00,10779,6927.46,17.914,1.31291e+24,9.613768e+22,0.01039625,1483.617,54300330000000,0.0262276,30.58,119951200000000,6494.233,35.436,102.304,-0.1217792,3137.099609,4.916,96.115,42.66,13576,2024-02-04 22:20:00,M,,,,
2782,2024-02-14 14:00:00,10779,6927.46,17.914,1.31291e+24,9.613768e+22,0.01039625,1483.617,54300330000000,0.0262276,30.58,119951200000000,6494.233,35.436,102.304,-0.1217792,3137.099609,4.916,96.115,42.66,13576,2024-02-04 22:34:00,M,,,,
2783,2024-02-14 14:00:00,10779,6927.46,17.914,1.31291e+24,9.613768e+22,0.01039625,1483.617,54300330000000,0.0262276,30.58,119951200000000,6494.233,35.436,102.304,-0.1217792,3137.099609,4.916,96.115,42.66,13576,2024-02-05 04:13:00,M,,,,
2785,2024-02-14 14:00:00,10779,6927.46,17.914,1.31291e+24,9.613768e+22,0.01039625,1483.617,54300330000000,0.0262276,30.58,119951200000000,6494.233,35.436,102.304,-0.1217792,3137.099609,4.916,96.115,42.66,13576,2024-02-07 17:41:00,M,,,,
2786,2024-02-14 14:00:00,10779,6927.46,17.914,1.31291e+24,9.613768e+22,0.01039625,1483.617,54300330000000,0.0262276,30.58,119951200000000,6494.233,35.436,102.304,-0.1217792,3137.099609,4.916,96.115,42.66,13576,2024-02-08 12:41:00,M,,,,
2787,2024-02-14 14:00:00,10779,6927.46,17.914,1.31291e+24,9.613768e+22,0.01039625,1483.617,54300330000000,0.0262276,30.58,119951200000000,6494.233,35.436,102.304,-0.1217792,3137.099609,4.916,96.115,42.66,13576,2024-02-08 15:17:00,M,,,,
2788,2024-02-14 14:00:00,10779,6927.46,17.914,1.31291e+24,9.613768e+22,0.01039625,1483.617,54300330000000,0.0262276,30.58,119951200000000,6494.233,35.436,102.304,-0.1217792,3137.099609,4.916,96.115,42.66,13576,2024-02-08 18:56:00,M,,,,
2789,2024-02-14 14:00:00,10779,6927.46,17.914,1.31291e+24,9.613768e+22,0.01039625,1483.617,54300330000000,0.0262276,30.58,119951200000000,6494.233,35.436,102.304,-0.1217792,3137.099609,4.916,96.115,42.66,13576,2024-02-09 00:36:00,M,,,,
2790,2024-02-14 14:00:00,10779,6927.46,17.914,1.31291e+24,9.613768e+22,0.01039625,1483.617,54300330000000,0.0262276,30.58,119951200000000,6494.233,35.436,102.304,-0.1217792,3137.099609,4.916,96.115,42.66,13576,2024-02-09 17:54:00,M,,,,
2791,2024-02-14 14:00:00,10779,6927.46,17.914,1.31291e+24,9.613768e+22,0.01039625,1483.617,54300330000000,0.0262276,30.58,119951200000000,6494.233,35.436,102.304,-0.1217792,3137.099609,4.916,96.115,42.66,13576,2024-02-10 00:42:00,M,,,,
2794,2024-02-14 14:00:00,10779,6927.46,17.914,1.31291e+24,9.613768e+22,0.01039625,1483.617,54300330000000,0.0262276,30.58,119951200000000,6494.233,35.436,102.304,-0.1217792,3137.099609,4.916,96.115,42.66,13576,2024-02-12 12:50:00,M,,,,
2795,2024-02-14 14:00:00,10779,6927.46,17.914,1.31291e+24,9.613768e+22,0.01039625,1483.617,54300330000000,0.0262276,30.58,119951200000000,6494.233,35.436,102.304,-0.1217792,3137.099609,4.916,96.115,42.66,13576,2024-02-12 15:31:00,M,,,,
2796,2024-02-14 14:00:00,10779,6927.46,17.914,1.31291e+24,9.613768e+22,0.01039625,1483.617,54300330000000,0.0262276,30.58,119951200000000,6494.233,35.436,102.304,-0.1217792,3137.099609,4.916,96.115,42.66,13576,2024-02-14 07:26:00,M,,,,
2797,2024-02-14 14:00:00,10779,6927.46,17.914,1.31291e+24,9.613768e+22,0.01039625,1483.617,54300330000000,0.0262276,30.58,119951200000000,6494.233,35.436,102.304,-0.1217792,3137.099609,4.916,96.115,42.66,13576,2024-02-15 16:50:00,M,2024-02-15 17:36:00,CME,,
2798,2024-02-14 14:00:00,10779,6927.46,17.914,1.31291e+24,9.613768e+22,0.01039625,1483.617,54300330000000,0.0262276,30.58,119951200000000,6494.233,35.436,102.304,-0.1217792,3137.099609,4.916,96.115,42.66,13576,2024-02-16 06:42:00,X,2024-02-16 07:23:00,CME,,
2799,2024-02-14 14:00:00,10779,6927.46,17.914,1.31291e+24,9.613768e+22,0.01039625,1483.617,54300330000000,0.0262276,30.58,119951200000000,6494.233,35.436,102.304,-0.1217792,3137.099609,4.916,96.115,42.66,13576,2024-02-16 21:57:00,M,,,,
2800,2024-02-14 14:00:00,10779,6927.46,17.914,1.31291e+24,9.613768e+22,0.01039625,1483.617,54300330000000,0.0262276,30.58,119951200000000,6494.233,35.436,102.304,-0.1217792,3137.099609,4.916,96.115,42.66,13578,,,,,,
2801,2024-02-14 14:00:00,10779,6927.46,17.914,1.31291e+24,9.613768e+22,0.01039625,1483.617,54300330000000,0.0262276,30.58,119951200000000,6494.233,35.436,102.304,-0.1217792,3137.099609,4.916,96.115,42.66,13579,,,,,,
2802,2024-02-14 14:00:00,10779,6927.46,17.914,1.31291e+24,9.613768e+22,0.01039625,1483.617,54300330000000,0.0262276,30.58,119951200000000,6494.233,35.436,102.304,-0.1217792,3137.099609,4.916,96.115,42.66,13589,,,,,,
2803,2024-02-14 14:12:00,10779,6889.018,18.135,1.297774e+24,9.597618e+22,0.01037959,1472.314,55248470000000,0.02598053,30.67,117931700000000,6418.679,35.489,101.907,-0.10314434,3141.712646,4.893,95.886,42.408,13576,2024-02-04 11:40:00,M,,,,
2804,2024-02-14 14:12:00,10779,6889.018,18.135,1.297774e+24,9.597618e+22,0.01037959,1472.314,55248470000000,0.02598053,30.67,117931700000000,6418.679,35.489,101.907,-0.10314434,3141.712646,4.893,95.886,42.408,13576,2024-02-04 16:22:00,M,,,,
2805,2024-02-14 14:12:00,10779,6889.018,18.135,1.297774e+24,9.597618e+22,0.01037959,1472.314,55248470000000,0.02598053,30.67,117931700000000,6418.679,35.489,101.907,-0.10314434,3141.712646,4.893,95.886,42.408,13576,2024-02-04 17:05:00,M,,,,
2806,2024-02-14 14:12:00,10779,6889.018,18.135,1.297774e+24,9.597618e+22,0.01037959,1472.314,55248470000000,0.02598053,30.67,117931700000000,6418.679,35.489,101.907,-0.10314434,3141.712646,4.893,95.886,42.408,13576,2024-02-04 18:16:00,M,,,,
2807,2024-02-14 14:12:00,10779,6889.018,18.135,1.297774e+24,9.597618e+22,0.01037959,1472.314,55248470000000,0.02598053,30.67,117931700000000,6418.679,35.489,101.907,-0.10314434,3141.712646,4.893,95.886,42.408,13576,2024-02-04 20:52:00,M,,,,
2808,2024-02-14 14:12:00,10779,6889.018,18.135,1.297774e+24,9.597618e+22,0.01037959,1472.314,55248470000000,0.02598053,30.67,117931700000000,6418.679,35.489,101.907,-0.10314434,3141.712646,4.893,95.886,42.408,13576,2024-02-04 22:20:00,M,,,,
2809,2024-02-14 14:12:00,10779,6889.018,18.135,1.297774e+24,9.597618e+22,0.01037959,1472.314,55248470000000,0.02598053,30.67,117931700000000,6418.679,35.489,101.907,-0.10314434,3141.712646,4.893,95.886,42.408,13576,2024-02-04 22:34:00,M,,,,
2810,2024-02-14 14:12:00,10779,6889.018,18.135,1.297774e+24,9.597618e+22,0.01037959,1472.314,55248470000000,0.02598053,30.67,117931700000000,6418.679,35.489,101.907,-0.10314434,3141.712646,4.893,95.886,42.408,13576,2024-02-05 04:13:00,M,,,,
2812,2024-02-14 14:12:00,10779,6889.018,18.135,1.297774e+24,9.597618e+22,0.01037959,1472.314,55248470000000,0.02598053,30.67,117931700000000,6418.679,35.489,101.907,-0.10314434,3141.712646,4.893,95.886,42.408,13576,2024-02-07 17:41:00,M,,,,
2813,2024-02-14 14:12:00,10779,6889.018,18.135,1.297774e+24,9.597618e+22,0.01037959,1472.314,55248470000000,0.02598053,30.67,117931700000000,6418.679,35.489,101.907,-0.10314434,3141.712646,4.893,95.886,42.408,13576,2024-02-08 12:41:00,M,,,,
2814,2024-02-14 14:12:00,10779,6889.018,18.135,1.297774e+24,9.597618e+22,0.01037959,1472.314,55248470000000,0.02598053,30.67,117931700000000,6418.679,35.489,101.907,-0.10314434,3141.712646,4.893,95.886,42.408,13576,2024-02-08 15:17:00,M,,,,
2815,2024-02-14 14:12:00,10779,6889.018,18.135,1.297774e+24,9.597618e+22,0.01037959,1472.314,55248470000000,0.02598053,30.67,117931700000000,6418.679,35.489,101.907,-0.10314434,3141.712646,4.893,95.886,42.408,13576,2024-02-08 18:56:00,M,,,,
2816,2024-02-14 14:12:00,10779,6889.018,18.135,1.297774e+24,9.597618e+22,0.01037959,1472.314,55248470000000,0.02598053,30.67,117931700000000,6418.679,35.489,101.907,-0.10314434,3141.712646,4.893,95.886,42.408,13576,2024-02-09 00:36:00,M,,,,
2817,2024-02-14 14:12:00,10779,6889.018,18.135,1.297774e+24,9.597618e+22,0.01037959,1472.314,55248470000000,0.02598053,30.67,117931700000000,6418.679,35.489,101.907,-0.10314434,3141.712646,4.893,95.886,42.408,13576,2024-02-09 17:54:00,M,,,,
2818,2024-02-14 14:12:00,10779,6889.018,18.135,1.297774e+24,9.597618e+22,0.01037959,1472.314,55248470000000,0.02598053,30.67,117931700000000,6418.679,35.489,101.907,-0.10314434,3141.712646,4.893,95.886,42.408,13576,2024-02-10 00:42:00,M,,,,
2821,2024-02-14 14:12:00,10779,6889.018,18.135,1.297774e+24,9.597618e+22,0.01037959,1472.314,55248470000000,0.02598053,30.67,117931700000000,6418.679,35.489,101.907,-0.10314434,3141.712646,4.893,95.886,42.408,13576,2024-02-12 12:50:00,M,,,,
2822,2024-02-14 14:12:00,10779,6889.018,18.135,1.297774e+24,9.597618e+22,0.01037959,1472.314,55248470000000,0.02598053,30.67,117931700000000,6418.679,35.489,101.907,-0.10314434,3141.712646,4.893,95.886,42.408,13576,2024-02-12 15:31:00,M,,,,
2823,2024-02-14 14:12:00,10779,6889.018,18.135,1.297774e+24,9.597618e+22,0.01037959,1472.314,55248470000000,0.02598053,30.67,117931700000000,6418.679,35.489,101.907,-0.10314434,3141.712646,4.893,95.886,42.408,13576,2024-02-14 07:26:00,M,,,,
2824,2024-02-14 14:12:00,10779,6889.018,18.135,1.297774e+24,9.597618e+22,0.01037959,1472.314,55248470000000,0.02598053,30.67,117931700000000,6418.679,35.489,101.907,-0.10314434,3141.712646,4.893,95.886,42.408,13576,2024-02-15 16:50:00,M,2024-02-15 17:36:00,CME,,
2825,2024-02-14 14:12:00,10779,6889.018,18.135,1.297774e+24,9.597618e+22,0.01037959,1472.314,55248470000000,0.02598053,30.67,117931700000000,6418.679,35.489,101.907,-0.10314434,3141.712646,4.893,95.886,42.408,13576,2024-02-16 06:42:00,X,2024-02-16 07:23:00,CME,,
2826,2024-02-14 14:12:00,10779,6889.018,18.135,1.297774e+24,9.597618e+22,0.01037959,1472.314,55248470000000,0.02598053,30.67,117931700000000,6418.679,35.489,101.907,-0.10314434,3141.712646,4.893,95.886,42.408,13576,2024-02-16 21:57:00,M,,,,
2827,2024-02-14 14:12:00,10779,6889.018,18.135,1.297774e+24,9.597618e+22,0.01037959,1472.314,55248470000000,0.02598053,30.67,117931700000000,6418.679,35.489,101.907,-0.10314434,3141.712646,4.893,95.886,42.408,13578,,,,,,
2828,2024-02-14 14:12:00,10779,6889.018,18.135,1.297774e+24,9.597618e+22,0.01037959,1472.314,55248470000000,0.02598053,30.67,117931700000000,6418.679,35.489,101.907,-0.10314434,3141.712646,4.893,95.886,42.408,13579,,,,,,
2829,2024-02-14 14:12:00,10779,6889.018,18.135,1.297774e+24,9.597618e+22,0.01037959,1472.314,55248470000000,0.02598053,30.67,117931700000000,6418.679,35.489,101.907,-0.10314434,3141.712646,4.893,95.886,42.408,13589,,,,,,
2830,2024-02-14 14:24:00,10779,6913.529,18.219,1.301226e+24,9.587566e+22,0.01021016,1446.994,52832260000000,0.02555316,30.687,118036300000000,6412.17,35.595,101.658,-0.11375981,3138.915527,4.896,95.85,42.433,13576,2024-02-04 11:40:00,M,,,,
2831,2024-02-14 14:24:00,10779,6913.529,18.219,1.301226e+24,9.587566e+22,0.01021016,1446.994,52832260000000,0.02555316,30.687,118036300000000,6412.17,35.595,101.658,-0.11375981,3138.915527,4.896,95.85,42.433,13576,2024-02-04 16:22:00,M,,,,
2832,2024-02-14 14:24:00,10779,6913.529,18.219,1.301226e+24,9.587566e+22,0.01021016,1446.994,52832260000000,0.02555316,30.687,118036300000000,6412.17,35.595,101.658,-0.11375981,3138.915527,4.896,95.85,42.433,13576,2024-02-04 17:05:00,M,,,,
2833,2024-02-14 14:24:00,10779,6913.529,18.219,1.301226e+24,9.587566e+22,0.01021016,1446.994,52832260000000,0.02555316,30.687,118036300000000,6412.17,35.595,101.658,-0.11375981,3138.915527,4.896,95.85,42.433,13576,2024-02-04 18:16:00,M,,,,
2834,2024-02-14 14:24:00,10779,6913.529,18.219,1.301226e+24,9.587566e+22,0.01021016,1446.994,52832260000000,0.02555316,30.687,118036300000000,6412.17,35.595,101.658,-0.11375981,3138.915527,4.896,95.85,42.433,13576,2024-02-04 20:52:00,M,,,,
2835,2024-02-14 14:24:00,10779,6913.529,18.219,1.301226e+24,9.587566e+22,0.01021016,1446.994,52832260000000,0.02555316,30.687,118036300000000,6412.17,35.595,101.658,-0.11375981,3138.915527,4.896,95.85,42.433,13576,2024-02-04 22:20:00,M,,,,
2836,2024-02-14 14:24:00,10779,6913.529,18.219,1.301226e+24,9.587566e+22,0.01021016,1446.994,52832260000000,0.02555316,30.687,118036300000000,6412.17,35.595,101.658,-0.11375981,3138.915527,4.896,95.85,42.433,13576,2024-02-04 22:34:00,M,,,,
2837,2024-02-14 14:24:00,10779,6913.529,18.219,1.301226e+24,9.587566e+22,0.01021016,1446.994,52832260000000,0.02555316,30.687,118036300000000,6412.17,35.595,101.658,-0.11375981,3138.915527,4.896,95.85,42.433,13576,2024-02-05 04:13:00,M,,,,
2839,2024-02-14 14:24:00,10779,6913.529,18.219,1.301226e+24,9.587566e+22,0.01021016,1446.994,52832260000000,0.02555316,30.687,118036300000000,6412.17,35.595,101.658,-0.11375981,3138.915527,4.896,95.85,42.433,13576,2024-02-07 17:41:00,M,,,,
2840,2024-02-14 14:24:00,10779,6913.529,18.219,1.301226e+24,9.587566e+22,0.01021016,1446.994,52832260000000,0.02555316,30.687,118036300000000,6412.17,35.595,101.658,-0.11375981,3138.915527,4.896,95.85,42.433,13576,2024-02-08 12:41:00,M,,,,
2841,2024-02-14 14:24:00,10779,6913.529,18.219,1.301226e+24,9.587566e+22,0.01021016,1446.994,52832260000000,0.02555316,30.687,118036300000000,6412.17,35.595,101.658,-0.11375981,3138.915527,4.896,95.85,42.433,13576,2024-02-08 15:17:00,M,,,,
2842,2024-02-14 14:24:00,10779,6913.529,18.219,1.301226e+24,9.587566e+22,0.01021016,1446.994,52832260000000,0.02555316,30.687,118036300000000,6412.17,35.595,101.658,-0.11375981,3138.915527,4.896,95.85,42.433,13576,2024-02-08 18:56:00,M,,,,
2843,2024-02-14 14:24:00,10779,6913.529,18.219,1.301226e+24,9.587566e+22,0.01021016,1446.994,52832260000000,0.02555316,30.687,118036300000000,6412.17,35.595,101.658,-0.11375981,3138.915527,4.896,95.85,42.433,13576,2024-02-09 00:36:00,M,,,,
2844,2024-02-14 14:24:00,10779,6913.529,18.219,1.301226e+24,9.587566e+22,0.01021016,1446.994,52832260000000,0.02555316,30.687,118036300000000,6412.17,35.595,101.658,-0.11375981,3138.915527,4.896,95.85,42.433,13576,2024-02-09 17:54:00,M,,,,
2845,2024-02-14 14:24:00,10779,6913.529,18.219,1.301226e+24,9.587566e+22,0.01021016,1446.994,52832260000000,0.02555316,30.687,118036300000000,6412.17,35.595,101.658,-0.11375981,3138.915527,4.896,95.85,42.433,13576,2024-02-10 00:42:00,M,,,,
2848,2024-02-14 14:24:00,10779,6913.529,18.219,1.301226e+24,9.587566e+22,0.01021016,1446.994,52832260000000,0.02555316,30.687,118036300000000,6412.17,35.595,101.658,-0.11375981,3138.915527,4.896,95.85,42.433,13576,2024-02-12 12:50:00,M,,,,
2849,2024-02-14 14:24:00,10779,6913.529,18.219,1.301226e+24,9.587566e+22,0.01021016,1446.994,52832260000000,0.02555316,30.687,118036300000000,6412.17,35.595,101.658,-0.11375981,3138.915527,4.896,95.85,42.433,13576,2024-02-12 15:31:00,M,,,,
2850,2024-02-14 14:24:00,10779,6913.529,18.219,1.301226e+24,9.587566e+22,0.01021016,1446.994,52832260000000,0.02555316,30.687,118036300000000,6412.17,35.595,101.658,-0.11375981,3138.915527,4.896,95.85,42.433,13576,2024-02-14 07:26:00,M,,,,
2851,2024-02-14 14:24:00,10779,6913.529,18.219,1.301226e+24,9.587566e+22,0.01021016,1446.994,52832260000000,0.02555316,30.687,118036300000000,6412.17,35.595,101.658,-0.11375981,3138.915527,4.896,95.85,42.433,13576,2024-02-15 16:50:00,M,2024-02-15 17:36:00,CME,,
2852,2024-02-14 14:24:00,10779,6913.529,18.219,1.301226e+24,9.587566e+22,0.01021016,1446.994,52832260000000,0.02555316,30.687,118036300000000,6412.17,35.595,101.658,-0.11375981,3138.915527,4.896,95.85,42.433,13576,2024-02-16 06:42:00,X,2024-02-16 07:23:00,CME,,
2853,2024-02-14 14:24:00,10779,6913.529,18.219,1.301226e+24,9.587566e+22,0.01021016,1446.994,52832260000000,0.02555316,30.687,118036300000000,6412.17,35.595,101.658,-0.11375981,3138.915527,4.896,95.85,42.433,13576,2024-02-16 21:57:00,M,,,,
2854,2024-02-14 14:24:00,10779,6913.529,18.219,1.301226e+24,9.587566e+22,0.01021016,1446.994,52832260000000,0.02555316,30.687,118036300000000,6412.17,35.595,101.658,-0.11375981,3138.915527,4.896,95.85,42.433,13578,,,,,,
2855,2024-02-14 14:24:00,10779,6913.529,18.219,1.301226e+24,9.587566e+22,0.01021016,1446.994,52832260000000,0.02555316,30.687,118036300000000,6412.17,35.595,101.658,-0.11375981,3138.915527,4.896,95.85,42.433,13579,,,,,,
2856,2024-02-14 14:24:00,10779,6913.529,18.219,1.301226e+24,9.587566e+22,0.01021016,1446.994,52832260000000,0.02555316,30.687,118036300000000,6412.17,35.595,101.658,-0.11375981,3138.915527,4.896,95.85,42.433,13589,,,,,,
2857,2024-02-14 14:36:00,10779,6928.805,18.164,1.30284e+24,9.602716e+22,0.01021998,1446.996,57384750000000,0.02549342,30.63,119133500000000,6457.994,35.558,102.09,-0.14098476,3149.165283,4.904,96.184,42.8,13576,2024-02-04 11:40:00,M,,,,
2858,2024-02-14 14:36:00,10779,6928.805,18.164,1.30284e+24,9.602716e+22,0.01021998,1446.996,57384750000000,0.02549342,30.63,119133500000000,6457.994,35.558,102.09,-0.14098476,3149.165283,4.904,96.184,42.8,13576,2024-02-04 16:22:00,M,,,,
2859,2024-02-14 14:36:00,10779,6928.805,18.164,1.30284e+24,9.602716e+22,0.01021998,1446.996,57384750000000,0.02549342,30.63,119133500000000,6457.994,35.558,102.09,-0.14098476,3149.165283,4.904,96.184,42.8,13576,2024-02-04 17:05:00,M,,,,
2860,2024-02-14 14:36:00,10779,6928.805,18.164,1.30284e+24,9.602716e+22,0.01021998,1446.996,57384750000000,0.02549342,30.63,119133500000000,6457.994,35.558,102.09,-0.14098476,3149.165283,4.904,96.184,42.8,13576,2024-02-04 18:16:00,M,,,,
2861,2024-02-14 14:36:00,10779,6928.805,18.164,1.30284e+24,9.602716e+22,0.01021998,1446.996,57384750000000,0.02549342,30.63,119133500000000,6457.994,35.558,102.09,-0.14098476,3149.165283,4.904,96.184,42.8,13576,2024-02-04 20:52:00,M,,,,
2862,2024-02-14 14:36:00,10779,6928.805,18.164,1.30284e+24,9.602716e+22,0.01021998,1446.996,57384750000000,0.02549342,30.63,119133500000000,6457.994,35.558,102.09,-0.14098476,3149.165283,4.904,96.184,42.8,13576,2024-02-04 22:20:00,M,,,,
2863,2024-02-14 14:36:00,10779,6928.805,18.164,1.30284e+24,9.602716e+22,0.01021998,1446.996,57384750000000,0.02549342,30.63,119133500000000,6457.994,35.558,102.09,-0.14098476,3149.165283,4.904,96.184,42.8,13576,2024-02-04 22:34:00,M,,,,
2864,2024-02-14 14:36:00,10779,6928.805,18.164,1.30284e+24,9.602716e+22,0.01021998,1446.996,57384750000000,0.02549342,30.63,119133500000000,6457.994,35.558,102.09,-0.14098476,3149.165283,4.904,96.184,42.8,13576,2024-02-05 04:13:00,M,,,,
2866,2024-02-14 14:36:00,10779,6928.805,18.164,1.30284e+24,9.602716e+22,0.01021998,1446.996,57384750000000,0.02549342,30.63,119133500000000,6457.994,35.558,102.09,-0.14098476,3149.165283,4.904,96.184,42.8,13576,2024-02-07 17:41:00,M,,,,
2867,2024-02-14 14:36:00,10779,6928.805,18.164,1.30284e+24,9.602716e+22,0.01021998,1446.996,57384750000000,0.02549342,30.63,119133500000000,6457.994,35.558,102.09,-0.14098476,3149.165283,4.904,96.184,42.8,13576,2024-02-08 12:41:00,M,,,,
2868,2024-02-14 14:36:00,10779,6928.805,18.164,1.30284e+24,9.602716e+22,0.01021998,1446.996,57384750000000,0.02549342,30.63,119133500000000,6457.994,35.558,102.09,-0.14098476,3149.165283,4.904,96.184,42.8,13576,2024-02-08 15:17:00,M,,,,
2869,2024-02-14 14:36:00,10779,6928.805,18.164,1.30284e+24,9.602716e+22,0.01021998,1446.996,57384750000000,0.02549342,30.63,119133500000000,6457.994,35.558,102.09,-0.14098476,3149.165283,4.904,96.184,42.8,13576,2024-02-08 18:56:00,M,,,,
2870,2024-02-14 14:36:00,10779,6928.805,18.164,1.30284e+24,9.602716e+22,0.01021998,1446.996,57384750000000,0.02549342,30.63,119133500000000,6457.994,35.558,102.09,-0.14098476,3149.165283,4.904,96.184,42.8,13576,2024-02-09 00:36:00,M,,,,
2871,2024-02-14 14:36:00,10779,6928.805,18.164,1.30284e+24,9.602716e+22,0.01021998,1446.996,57384750000000,0.02549342,30.63,119133500000000,6457.994,35.558,102.09,-0.14098476,3149.165283,4.904,96.184,42.8,13576,2024-02-09 17:54:00,M,,,,
2872,2024-02-14 14:36:00,10779,6928.805,18.164,1.30284e+24,9.602716e+22,0.01021998,1446.996,57384750000000,0.02549342,30.63,119133500000000,6457.994,35.558,102.09,-0.14098476,3149.165283,4.904,96.184,42.8,13576,2024-02-10 00:42:00,M,,,,
2875,2024-02-14 14:36:00,10779,6928.805,18.164,1.30284e+24,9.602716e+22,0.01021998,1446.996,57384750000000,0.02549342,30.63,119133500000000,6457.994,35.558,102.09,-0.14098476,3149.165283,4.904,96.184,42.8,13576,2024-02-12 12:50:00,M,,,,
2876,2024-02-14 14:36:00,10779,6928.805,18.164,1.30284e+24,9.602716e+22,0.01021998,1446.996,57384750000000,0.02549342,30.63,119133500000000,6457.994,35.558,102.09,-0.14098476,3149.165283,4.904,96.184,42.8,13576,2024-02-12 15:31:00,M,,,,
2877,2024-02-14 14:36:00,10779,6928.805,18.164,1.30284e+24,9.602716e+22,0.01021998,1446.996,57384750000000,0.02549342,30.63,119133500000000,6457.994,35.558,102.09,-0.14098476,3149.165283,4.904,96.184,42.8,13576,2024-02-14 07:26:00,M,,,,
2878,2024-02-14 14:36:00,10779,6928.805,18.164,1.30284e+24,9.602716e+22,0.01021998,1446.996,57384750000000,0.02549342,30.63,119133500000000,6457.994,35.558,102.09,-0.14098476,3149.165283,4.904,96.184,42.8,13576,2024-02-15 16:50:00,M,2024-02-15 17:36:00,CME,,
2879,2024-02-14 14:36:00,10779,6928.805,18.164,1.30284e+24,9.602716e+22,0.01021998,1446.996,57384750000000,0.02549342,30.63,119133500000000,6457.994,35.558,102.09,-0.14098476,3149.165283,4.904,96.184,42.8,13576,2024-02-16 06:42:00,X,2024-02-16 07:23:00,CME,,
2880,2024-02-14 14:36:00,10779,6928.805,18.164,1.30284e+24,9.602716e+22,0.01021998,1446.996,57384750000000,0.02549342,30.63,119133500000000,6457.994,35.558,102.09,-0.14098476,3149.165283,4.904,96.184,42.8,13576,2024-02-16 21:57:00,M,,,,
2881,2024-02-14 14:36:00,10779,6928.805,18.164,1.30284e+24,9.602716e+22,0.01021998,1446.996,57384750000000,0.02549342,30.63,119133500000000,6457.994,35.558,102.09,-0.14098476,3149.165283,4.904,96.184,42.8,13578,,,,,,
2882,2024-02-14 14:36:00,10779,6928.805,18.164,1.30284e+24,9.602716e+22,0.01021998,1446.996,57384750000000,0.02549342,30.63,119133500000000,6457.994,35.558,102.09,-0.14098476,3149.165283,4.904,96.184,42.8,13579,,,,,,
2883,2024-02-14 14:36:00,10779,6928.805,18.164,1.30284e+24,9.602716e+22,0.01021998,1446.996,57384750000000,0.02549342,30.63,119133500000000,6457.994,35.558,102.09,-0.14098476,3149.165283,4.904,96.184,42.8,13589,,,,,,
2884,2024-03-12 20:48:00,10897,4166.18,9.151,4.759044e+23,5.648706e+22,0.00821688,706.734,23358320000000,0.0243058,25.589,64699620000000,3453.091,30.204,91.317,-0.17624496,1603.250977,4.256,87.476,36.083,13599,2024-03-08 21:18:00,M,,,,
2886,2024-03-12 20:48:00,10897,4166.18,9.151,4.759044e+23,5.648706e+22,0.00821688,706.734,23358320000000,0.0243058,25.589,64699620000000,3453.091,30.204,91.317,-0.17624496,1603.250977,4.256,87.476,36.083,13599,2024-03-14 05:52:00,M,,,,
2889,2024-03-12 20:48:00,10897,4166.18,9.151,4.759044e+23,5.648706e+22,0.00821688,706.734,23358320000000,0.0243058,25.589,64699620000000,3453.091,30.204,91.317,-0.17624496,1603.250977,4.256,87.476,36.083,13600,,,,,,
2890,2024-03-12 20:48:00,10897,4166.18,9.151,4.759044e+23,5.648706e+22,0.00821688,706.734,23358320000000,0.0243058,25.589,64699620000000,3453.091,30.204,91.317,-0.17624496,1603.250977,4.256,87.476,36.083,13605,,,,,,
2891,2024-03-12 21:00:00,10897,4207.957,9.283,4.875502e+23,5.651433e+22,0.00683864,596.624,20256280000000,0.02071224,25.705,65347400000000,3427.939,30.357,91.056,-0.2195217,1582.501831,4.263,86.444,35.479,13599,2024-03-08 21:18:00,M,,,,
2893,2024-03-12 21:00:00,10897,4207.957,9.283,4.875502e+23,5.651433e+22,0.00683864,596.624,20256280000000,0.02071224,25.705,65347400000000,3427.939,30.357,91.056,-0.2195217,1582.501831,4.263,86.444,35.479,13599,2024-03-14 05:52:00,M,,,,
2896,2024-03-12 21:00:00,10897,4207.957,9.283,4.875502e+23,5.651433e+22,0.00683864,596.624,20256280000000,0.02071224,25.705,65347400000000,3427.939,30.357,91.056,-0.2195217,1582.501831,4.263,86.444,35.479,13600,,,,,,
2897,2024-03-12 21:00:00,10897,4207.957,9.283,4.875502e+23,5.651433e+22,0.00683864,596.624,20256280000000,0.02071224,25.705,65347400000000,3427.939,30.357,91.056,-0.2195217,1582.501831,4.263,86.444,35.479,13605,,,,,,
2898,2024-03-12 21:12:00,10897,4051.899,8.847,4.705719e+23,5.646497e+22,0.00791346,692.009,21640720000000,0.02404599,25.375,64058410000000,3373.924,30.148,89.697,-0.18210569,1576.175293,4.234,85.642,34.98,13599,2024-03-08 21:18:00,M,,,,
2900,2024-03-12 21:12:00,10897,4051.899,8.847,4.705719e+23,5.646497e+22,0.00791346,692.009,21640720000000,0.02404599,25.375,64058410000000,3373.924,30.148,89.697,-0.18210569,1576.175293,4.234,85.642,34.98,13599,2024-03-14 05:52:00,M,,,,
2903,2024-03-12 21:12:00,10897,4051.899,8.847,4.705719e+23,5.646497e+22,0.00791346,692.009,21640720000000,0.02404599,25.375,64058410000000,3373.924,30.148,89.697,-0.18210569,1576.175293,4.234,85.642,34.98,13600,,,,,,
2904,2024-03-12 21:12:00,10897,4051.899,8.847,4.705719e+23,5.646497e+22,0.00791346,692.009,21640720000000,0.02404599,25.375,64058410000000,3373.924,30.148,89.697,-0.18210569,1576.175293,4.234,85.642,34.98,13605,,,,,,
2905,2024-03-12 21:24:00,10897,3998.997,8.622,4.649326e+23,5.644544e+22,0.00825521,722.686,25591080000000,0.02523196,25.241,63042830000000,3322.636,29.969,88.982,-0.15893309,1566.760376,4.21,85.0,34.514,13599,2024-03-08 21:18:00,M,,,,
2907,2024-03-12 21:24:00,10897,3998.997,8.622,4.649326e+23,5.644544e+22,0.00825521,722.686,25591080000000,0.02523196,25.241,63042830000000,3322.636,29.969,88.982,-0.15893309,1566.760376,4.21,85.0,34.514,13599,2024-03-14 05:52:00,M,,,,
2910,2024-03-12 21:24:00,10897,3998.997,8.622,4.649326e+23,5.644544e+22,0.00825521,722.686,25591080000000,0.02523196,25.241,63042830000000,3322.636,29.969,88.982,-0.15893309,1566.760376,4.21,85.0,34.514,13600,,,,,,
2911,2024-03-12 21:24:00,10897,3998.997,8.622,4.649326e+23,5.644544e+22,0.00825521,722.686,25591080000000,0.02523196,25.241,63042830000000,3322.636,29.969,88.982,-0.15893309,1566.760376,4.21,85.0,34.514,13605,,,,,,
2912,2024-03-12 21:36:00,10897,3907.485,8.704,4.556684e+23,5.635709e+22,0.00865933,760.341,28136730000000,0.02669105,25.174,62285640000000,3291.829,29.959,88.097,-0.10921461,1566.483765,4.243,84.04,33.987,13599,2024-03-08 21:18:00,M,,,,
2914,2024-03-12 21:36:00,10897,3907.485,8.704,4.556684e+23,5.635709e+22,0.00865933,760.341,28136730000000,0.02669105,25.174,62285640000000,3291.829,29.959,88.097,-0.10921461,1566.483765,4.243,84.04,33.987,13599,2024-03-14 05:52:00,M,,,,
2917,2024-03-12 21:36:00,10897,3907.485,8.704,4.556684e+23,5.635709e+22,0.00865933,760.341,28136730000000,0.02669105,25.174,62285640000000,3291.829,29.959,88.097,-0.10921461,1566.483765,4.243,84.04,33.987,13600,,,,,,
2918,2024-03-12 21:36:00,10897,3907.485,8.704,4.556684e+23,5.635709e+22,0.00865933,760.341,28136730000000,0.02669105,25.174,62285640000000,3291.829,29.959,88.097,-0.10921461,1566.483765,4.243,84.04,33.987,13605,,,,,,
2919,2024-03-12 21:48:00,10897,3846.671,8.452,4.562804e+23,5.667592e+22,0.00821453,733.664,26166120000000,0.02580865,25.118,63624790000000,3343.827,29.964,88.184,-0.09428027,1563.384277,4.238,83.82,33.945,13599,2024-03-08 21:18:00,M,,,,
2921,2024-03-12 21:48:00,10897,3846.671,8.452,4.562804e+23,5.667592e+22,0.00821453,733.664,26166120000000,0.02580865,25.118,63624790000000,3343.827,29.964,88.184,-0.09428027,1563.384277,4.238,83.82,33.945,13599,2024-03-14 05:52:00,M,,,,
2924,2024-03-12 21:48:00,10897,3846.671,8.452,4.562804e+23,5.667592e+22,0.00821453,733.664,26166120000000,0.02580865,25.118,63624790000000,3343.827,29.964,88.184,-0.09428027,1563.384277,4.238,83.82,33.945,13600,,,,,,
2925,2024-03-12 21:48:00,10897,3846.671,8.452,4.562804e+23,5.667592e+22,0.00821453,733.664,26166120000000,0.02580865,25.118,63624790000000,3343.827,29.964,88.184,-0.09428027,1563.384277,4.238,83.82,33.945,13605,,,,,,
2926,2024-03-12 22:00:00,10897,3832.506,8.259,4.503908e+23,5.617151e+22,0.00812787,719.235,24221080000000,0.02557331,25.008,61236330000000,3193.221,29.876,86.68,-0.15495797,1547.477905,4.218,82.791,33.256,13599,2024-03-08 21:18:00,M,,,,
2928,2024-03-12 22:00:00,10897,3832.506,8.259,4.503908e+23,5.617151e+22,0.00812787,719.235,24221080000000,0.02557331,25.008,61236330000000,3193.221,29.876,86.68,-0.15495797,1547.477905,4.218,82.791,33.256,13599,2024-03-14 05:52:00,M,,,,
2931,2024-03-12 22:00:00,10897,3832.506,8.259,4.503908e+23,5.617151e+22,0.00812787,719.235,24221080000000,0.02557331,25.008,61236330000000,3193.221,29.876,86.68,-0.15495797,1547.477905,4.218,82.791,33.256,13600,,,,,,
2932,2024-03-12 22:00:00,10897,3832.506,8.259,4.503908e+23,5.617151e+22,0.00812787,719.235,24221080000000,0.02557331,25.008,61236330000000,3193.221,29.876,86.68,-0.15495797,1547.477905,4.218,82.791,33.256,13605,,,,,,
2933,2024-03-12 22:12:00,10897,3886.807,8.294,4.600088e+23,5.624252e+22,0.00692539,617.149,20570800000000,0.02209453,24.97,61150960000000,3166.623,29.884,87.303,-0.15000492,1537.637573,4.235,82.806,33.17,13599,2024-03-08 21:18:00,M,,,,
2935,2024-03-12 22:12:00,10897,3886.807,8.294,4.600088e+23,5.624252e+22,0.00692539,617.149,20570800000000,0.02209453,24.97,61150960000000,3166.623,29.884,87.303,-0.15000492,1537.637573,4.235,82.806,33.17,13599,2024-03-14 05:52:00,M,,,,
2938,2024-03-12 22:12:00,10897,3886.807,8.294,4.600088e+23,5.624252e+22,0.00692539,617.149,20570800000000,0.02209453,24.97,61150960000000,3166.623,29.884,87.303,-0.15000492,1537.637573,4.235,82.806,33.17,13600,,,,,,
2939,2024-03-12 22:12:00,10897,3886.807,8.294,4.600088e+23,5.624252e+22,0.00692539,617.149,20570800000000,0.02209453,24.97,61150960000000,3166.623,29.884,87.303,-0.15000492,1537.637573,4.235,82.806,33.17,13605,,,,,,
2940,2024-03-12 22:24:00,10897,3789.894,8.315,4.500087e+23,5.61602e+22,0.00869133,777.022,28237690000000,0.02787768,24.92,60598810000000,3138.324,30.097,85.763,-0.08946686,1529.828125,4.226,82.167,33.214,13599,2024-03-08 21:18:00,M,,,,
2942,2024-03-12 22:24:00,10897,3789.894,8.315,4.500087e+23,5.61602e+22,0.00869133,777.022,28237690000000,0.02787768,24.92,60598810000000,3138.324,30.097,85.763,-0.08946686,1529.828125,4.226,82.167,33.214,13599,2024-03-14 05:52:00,M,,,,
2945,2024-03-12 22:24:00,10897,3789.894,8.315,4.500087e+23,5.61602e+22,0.00869133,777.022,28237690000000,0.02787768,24.92,60598810000000,3138.324,30.097,85.763,-0.08946686,1529.828125,4.226,82.167,33.214,13600,,,,,,
2946,2024-03-12 22:24:00,10897,3789.894,8.315,4.500087e+23,5.61602e+22,0.00869133,777.022,28237690000000,0.02787768,24.92,60598810000000,3138.324,30.097,85.763,-0.08946686,1529.828125,4.226,82.167,33.214,13605,,,,,,
2947,2024-05-06 10:00:00,11142,11453.83,35.552,1.061346e+24,4.996365e+22,-0.01094563,763.688,22007880000000,-0.02183018,39.857,79075270000000,4839.818,45.522,112.391,-0.10227288,1865.428833,5.121,99.946,57.695,13661,,,,,,
2948,2024-05-06 10:00:00,11142,11453.83,35.552,1.061346e+24,4.996365e+22,-0.01094563,763.688,22007880000000,-0.02183018,39.857,79075270000000,4839.818,45.522,112.391,-0.10227288,1865.428833,5.121,99.946,57.695,13662,,,,,,
2950,2024-05-06 10:00:00,11142,11453.83,35.552,1.061346e+24,4.996365e+22,-0.01094563,763.688,22007880000000,-0.02183018,39.857,79075270000000,4839.818,45.522,112.391,-0.10227288,1865.428833,5.121,99.946,57.695,13663,2024-05-02 02:07:00,M,,,,
2957,2024-05-06 10:00:00,11142,11453.83,35.552,1.061346e+24,4.996365e+22,-0.01094563,763.688,22007880000000,-0.02183018,39.857,79075270000000,4839.818,45.522,112.391,-0.10227288,1865.428833,5.121,99.946,57.695,13663,2024-05-04 07:04:00,M,,,,
2958,2024-05-06 10:00:00,11142,11453.83,35.552,1.061346e+24,4.996365e+22,-0.01094563,763.688,22007880000000,-0.02183018,39.857,79075270000000,4839.818,45.522,112.391,-0.10227288,1865.428833,5.121,99.946,57.695,13663,2024-05-04 18:10:00,M,,,,
2959,2024-05-06 10:00:00,11142,11453.83,35.552,1.061346e+24,4.996365e+22,-0.01094563,763.688,22007880000000,-0.02183018,39.857,79075270000000,4839.818,45.522,112.391,-0.10227288,1865.428833,5.121,99.946,57.695,13663,2024-05-04 22:23:00,M,,,,
2965,2024-05-06 10:00:00,11142,11453.83,35.552,1.061346e+24,4.996365e+22,-0.01094563,763.688,22007880000000,-0.02183018,39.857,79075270000000,4839.818,45.522,112.391,-0.10227288,1865.428833,5.121,99.946,57.695,13663,2024-05-05 09:53:00,M,,,,
2967,2024-05-06 10:00:00,11142,11453.83,35.552,1.061346e+24,4.996365e+22,-0.01094563,763.688,22007880000000,-0.02183018,39.857,79075270000000,4839.818,45.522,112.391,-0.10227288,1865.428833,5.121,99.946,57.695,13663,2024-05-05 14:33:00,M,,,,
2968,2024-05-06 10:00:00,11142,11453.83,35.552,1.061346e+24,4.996365e+22,-0.01094563,763.688,22007880000000,-0.02183018,39.857,79075270000000,4839.818,45.522,112.391,-0.10227288,1865.428833,5.121,99.946,57.695,13663,2024-05-05 15:28:00,M,,,,
2969,2024-05-06 10:00:00,11142,11453.83,35.552,1.061346e+24,4.996365e+22,-0.01094563,763.688,22007880000000,-0.02183018,39.857,79075270000000,4839.818,45.522,112.391,-0.10227288,1865.428833,5.121,99.946,57.695,13663,2024-05-05 19:44:00,M,,,,
2970,2024-05-06 10:00:00,11142,11453.83,35.552,1.061346e+24,4.996365e+22,-0.01094563,763.688,22007880000000,-0.02183018,39.857,79075270000000,4839.818,45.522,112.391,-0.10227288,1865.428833,5.121,99.946,57.695,13663,2024-05-06 00:47:00,M,,,,
2971,2024-05-06 10:00:00,11142,11453.83,35.552,1.061346e+24,4.996365e+22,-0.01094563,763.688,22007880000000,-0.02183018,39.857,79075270000000,4839.818,45.522,112.391,-0.10227288,1865.428833,5.121,99.946,57.695,13663,2024-05-06 05:09:00,M,,,,
2973,2024-05-06 10:00:00,11142,11453.83,35.552,1.061346e+24,4.996365e+22,-0.01094563,763.688,22007880000000,-0.02183018,39.857,79075270000000,4839.818,45.522,112.391,-0.10227288,1865.428833,5.121,99.946,57.695,13663,2024-05-06 09:49:00,M,,,,
2974,2024-05-06 10:00:00,11142,11453.83,35.552,1.061346e+24,4.996365e+22,-0.01094563,763.688,22007880000000,-0.02183018,39.857,79075270000000,4839.818,45.522,112.391,-0.10227288,1865.428833,5.121,99.946,57.695,13663,2024-05-06 21:37:00,M,,,,
2975,2024-05-06 10:00:00,11142,11453.83,35.552,1.061346e+24,4.996365e+22,-0.01094563,763.688,22007880000000,-0.02183018,39.857,79075270000000,4839.818,45.522,112.391,-0.10227288,1865.428833,5.121,99.946,57.695,13663,2024-05-06 21:58:00,M,,,,
2976,2024-05-06 10:00:00,11142,11453.83,35.552,1.061346e+24,4.996365e+22,-0.01094563,763.688,22007880000000,-0.02183018,39.857,79075270000000,4839.818,45.522,112.391,-0.10227288,1865.428833,5.121,99.946,57.695,13663,2024-05-07 00:41:00,M,,,,
2977,2024-05-06 10:00:00,11142,11453.83,35.552,1.061346e+24,4.996365e+22,-0.01094563,763.688,22007880000000,-0.02183018,39.857,79075270000000,4839.818,45.522,112.391,-0.10227288,1865.428833,5.121,99.946,57.695,13663,2024-05-07 05:58:00,M,,,,
2978,2024-05-06 10:00:00,11142,11453.83,35.552,1.061346e+24,4.996365e+22,-0.01094563,763.688,22007880000000,-0.02183018,39.857,79075270000000,4839.818,45.522,112.391,-0.10227288,1865.428833,5.121,99.946,57.695,13663,2024-05-07 08:18:00,M,,,,
2979,2024-05-06 10:00:00,11142,11453.83,35.552,1.061346e+24,4.996365e+22,-0.01094563,763.688,22007880000000,-0.02183018,39.857,79075270000000,4839.818,45.522,112.391,-0.10227288,1865.428833,5.121,99.946,57.695,13663,2024-05-07 12:43:00,M,,,,
2980,2024-05-06 10:00:00,11142,11453.83,35.552,1.061346e+24,4.996365e+22,-0.01094563,763.688,22007880000000,-0.02183018,39.857,79075270000000,4839.818,45.522,112.391,-0.10227288,1865.428833,5.121,99.946,57.695,13663,2024-05-07 13:16:00,M,,,,
2981,2024-05-06 10:00:00,11142,11453.83,35.552,1.061346e+24,4.996365e+22,-0.01094563,763.688,22007880000000,-0.02183018,39.857,79075270000000,4839.818,45.522,112.391,-0.10227288,1865.428833,5.121,99.946,57.695,13663,2024-05-07 13:32:00,M,,,,
2982,2024-05-06 10:00:00,11142,11453.83,35.552,1.061346e+24,4.996365e+22,-0.01094563,763.688,22007880000000,-0.02183018,39.857,79075270000000,4839.818,45.522,112.391,-0.10227288,1865.428833,5.121,99.946,57.695,13663,2024-05-07 16:21:00,M,,,,
2983,2024-05-06 10:00:00,11142,11453.83,35.552,1.061346e+24,4.996365e+22,-0.01094563,763.688,22007880000000,-0.02183018,39.857,79075270000000,4839.818,45.522,112.391,-0.10227288,1865.428833,5.121,99.946,57.695,13663,2024-05-07 21:13:00,M,,,,
2984,2024-05-06 10:00:00,11142,11453.83,35.552,1.061346e+24,4.996365e+22,-0.01094563,763.688,22007880000000,-0.02183018,39.857,79075270000000,4839.818,45.522,112.391,-0.10227288,1865.428833,5.121,99.946,57.695,13663,2024-05-07 21:42:00,M,,,,
2985,2024-05-06 10:00:00,11142,11453.83,35.552,1.061346e+24,4.996365e+22,-0.01094563,763.688,22007880000000,-0.02183018,39.857,79075270000000,4839.818,45.522,112.391,-0.10227288,1865.428833,5.121,99.946,57.695,13663,2024-05-08 01:33:00,X,,,,
2986,2024-05-06 10:00:00,11142,11453.83,35.552,1.061346e+24,4.996365e+22,-0.01094563,763.688,22007880000000,-0.02183018,39.857,79075270000000,4839.818,45.522,112.391,-0.10227288,1865.428833,5.121,99.946,57.695,13663,2024-05-08 07:29:00,M,,,,
2987,2024-05-06 10:00:00,11142,11453.83,35.552,1.061346e+24,4.996365e+22,-0.01094563,763.688,22007880000000,-0.02183018,39.857,79075270000000,4839.818,45.522,112.391,-0.10227288,1865.428833,5.121,99.946,57.695,13663,2024-05-08 09:43:00,M,,,,
2988,2024-05-06 10:00:00,11142,11453.83,35.552,1.061346e+24,4.996365e+22,-0.01094563,763.688,22007880000000,-0.02183018,39.857,79075270000000,4839.818,45.522,112.391,-0.10227288,1865.428833,5.121,99.946,57.695,13663,2024-05-08 11:09:00,M,,,,
2989,2024-05-06 10:00:00,11142,11453.83,35.552,1.061346e+24,4.996365e+22,-0.01094563,763.688,22007880000000,-0.02183018,39.857,79075270000000,4839.818,45.522,112.391,-0.10227288,1865.428833,5.121,99.946,57.695,13663,2024-05-08 18:14:00,M,,,,
2990,2024-05-06 10:00:00,11142,11453.83,35.552,1.061346e+24,4.996365e+22,-0.01094563,763.688,22007880000000,-0.02183018,39.857,79075270000000,4839.818,45.522,112.391,-0.10227288,1865.428833,5.121,99.946,57.695,13663,2024-05-09 21:15:00,M,,,,
2991,2024-05-06 10:12:00,11142,11543.06,35.222,1.05939e+24,4.974289e+22,-0.01074341,742.434,18183260000000,-0.02123591,39.676,78736430000000,4839.046,45.411,112.661,-0.06898143,1864.322266,5.113,100.299,57.762,13661,,,,,,
2992,2024-05-06 10:12:00,11142,11543.06,35.222,1.05939e+24,4.974289e+22,-0.01074341,742.434,18183260000000,-0.02123591,39.676,78736430000000,4839.046,45.411,112.661,-0.06898143,1864.322266,5.113,100.299,57.762,13662,,,,,,
2994,2024-05-06 10:12:00,11142,11543.06,35.222,1.05939e+24,4.974289e+22,-0.01074341,742.434,18183260000000,-0.02123591,39.676,78736430000000,4839.046,45.411,112.661,-0.06898143,1864.322266,5.113,100.299,57.762,13663,2024-05-02 02:07:00,M,,,,
3001,2024-05-06 10:12:00,11142,11543.06,35.222,1.05939e+24,4.974289e+22,-0.01074341,742.434,18183260000000,-0.02123591,39.676,78736430000000,4839.046,45.411,112.661,-0.06898143,1864.322266,5.113,100.299,57.762,13663,2024-05-04 07:04:00,M,,,,
3002,2024-05-06 10:12:00,11142,11543.06,35.222,1.05939e+24,4.974289e+22,-0.01074341,742.434,18183260000000,-0.02123591,39.676,78736430000000,4839.046,45.411,112.661,-0.06898143,1864.322266,5.113,100.299,57.762,13663,2024-05-04 18:10:00,M,,,,
3003,2024-05-06 10:12:00,11142,11543.06,35.222,1.05939e+24,4.974289e+22,-0.01074341,742.434,18183260000000,-0.02123591,39.676,78736430000000,4839.046,45.411,112.661,-0.06898143,1864.322266,5.113,100.299,57.762,13663,2024-05-04 22:23:00,M,,,,
3009,2024-05-06 10:12:00,11142,11543.06,35.222,1.05939e+24,4.974289e+22,-0.01074341,742.434,18183260000000,-0.02123591,39.676,78736430000000,4839.046,45.411,112.661,-0.06898143,1864.322266,5.113,100.299,57.762,13663,2024-05-05 09:53:00,M,,,,
3011,2024-05-06 10:12:00,11142,11543.06,35.222,1.05939e+24,4.974289e+22,-0.01074341,742.434,18183260000000,-0.02123591,39.676,78736430000000,4839.046,45.411,112.661,-0.06898143,1864.322266,5.113,100.299,57.762,13663,2024-05-05 14:33:00,M,,,,
3012,2024-05-06 10:12:00,11142,11543.06,35.222,1.05939e+24,4.974289e+22,-0.01074341,742.434,18183260000000,-0.02123591,39.676,78736430000000,4839.046,45.411,112.661,-0.06898143,1864.322266,5.113,100.299,57.762,13663,2024-05-05 15:28:00,M,,,,
3013,2024-05-06 10:12:00,11142,11543.06,35.222,1.05939e+24,4.974289e+22,-0.01074341,742.434,18183260000000,-0.02123591,39.676,78736430000000,4839.046,45.411,112.661,-0.06898143,1864.322266,5.113,100.299,57.762,13663,2024-05-05 19:44:00,M,,,,
3014,2024-05-06 10:12:00,11142,11543.06,35.222,1.05939e+24,4.974289e+22,-0.01074341,742.434,18183260000000,-0.02123591,39.676,78736430000000,4839.046,45.411,112.661,-0.06898143,1864.322266,5.113,100.299,57.762,13663,2024-05-06 00:47:00,M,,,,
3015,2024-05-06 10:12:00,11142,11543.06,35.222,1.05939e+24,4.974289e+22,-0.01074341,742.434,18183260000000,-0.02123591,39.676,78736430000000,4839.046,45.411,112.661,-0.06898143,1864.322266,5.113,100.299,57.762,13663,2024-05-06 05:09:00,M,,,,
3017,2024-05-06 10:12:00,11142,11543.06,35.222,1.05939e+24,4.974289e+22,-0.01074341,742.434,18183260000000,-0.02123591,39.676,78736430000000,4839.046,45.411,112.661,-0.06898143,1864.322266,5.113,100.299,57.762,13663,2024-05-06 09:49:00,M,,,,
3018,2024-05-06 10:12:00,11142,11543.06,35.222,1.05939e+24,4.974289e+22,-0.01074341,742.434,18183260000000,-0.02123591,39.676,78736430000000,4839.046,45.411,112.661,-0.06898143,1864.322266,5.113,100.299,57.762,13663,2024-05-06 21:37:00,M,,,,
3019,2024-05-06 10:12:00,11142,11543.06,35.222,1.05939e+24,4.974289e+22,-0.01074341,742.434,18183260000000,-0.02123591,39.676,78736430000000,4839.046,45.411,112.661,-0.06898143,1864.322266,5.113,100.299,57.762,13663,2024-05-06 21:58:00,M,,,,
3020,2024-05-06 10:12:00,11142,11543.06,35.222,1.05939e+24,4.974289e+22,-0.01074341,742.434,18183260000000,-0.02123591,39.676,78736430000000,4839.046,45.411,112.661,-0.06898143,1864.322266,5.113,100.299,57.762,13663,2024-05-07 00:41:00,M,,,,
3021,2024-05-06 10:12:00,11142,11543.06,35.222,1.05939e+24,4.974289e+22,-0.01074341,742.434,18183260000000,-0.02123591,39.676,78736430000000,4839.046,45.411,112.661,-0.06898143,1864.322266,5.113,100.299,57.762,13663,2024-05-07 05:58:00,M,,,,
3022,2024-05-06 10:12:00,11142,11543.06,35.222,1.05939e+24,4.974289e+22,-0.01074341,742.434,18183260000000,-0.02123591,39.676,78736430000000,4839.046,45.411,112.661,-0.06898143,1864.322266,5.113,100.299,57.762,13663,2024-05-07 08:18:00,M,,,,
3023,2024-05-06 10:12:00,11142,11543.06,35.222,1.05939e+24,4.974289e+22,-0.01074341,742.434,18183260000000,-0.02123591,39.676,78736430000000,4839.046,45.411,112.661,-0.06898143,1864.322266,5.113,100.299,57.762,13663,2024-05-07 12:43:00,M,,,,
3024,2024-05-06 10:12:00,11142,11543.06,35.222,1.05939e+24,4.974289e+22,-0.01074341,742.434,18183260000000,-0.02123591,39.676,78736430000000,4839.046,45.411,112.661,-0.06898143,1864.322266,5.113,100.299,57.762,13663,2024-05-07 13:16:00,M,,,,
3025,2024-05-06 10:12:00,11142,11543.06,35.222,1.05939e+24,4.974289e+22,-0.01074341,742.434,18183260000000,-0.02123591,39.676,78736430000000,4839.046,45.411,112.661,-0.06898143,1864.322266,5.113,100.299,57.762,13663,2024-05-07 13:32:00,M,,,,
3026,2024-05-06 10:12:00,11142,11543.06,35.222,1.05939e+24,4.974289e+22,-0.01074341,742.434,18183260000000,-0.02123591,39.676,78736430000000,4839.046,45.411,112.661,-0.06898143,1864.322266,5.113,100.299,57.762,13663,2024-05-07 16:21:00,M,,,,
3027,2024-05-06 10:12:00,11142,11543.06,35.222,1.05939e+24,4.974289e+22,-0.01074341,742.434,18183260000000,-0.02123591,39.676,78736430000000,4839.046,45.411,112.661,-0.06898143,1864.322266,5.113,100.299,57.762,13663,2024-05-07 21:13:00,M,,,,
3028,2024-05-06 10:12:00,11142,11543.06,35.222,1.05939e+24,4.974289e+22,-0.01074341,742.434,18183260000000,-0.02123591,39.676,78736430000000,4839.046,45.411,112.661,-0.06898143,1864.322266,5.113,100.299,57.762,13663,2024-05-07 21:42:00,M,,,,
3029,2024-05-06 10:12:00,11142,11543.06,35.222,1.05939e+24,4.974289e+22,-0.01074341,742.434,18183260000000,-0.02123591,39.676,78736430000000,4839.046,45.411,112.661,-0.06898143,1864.322266,5.113,100.299,57.762,13663,2024-05-08 01:33:00,X,,,,
3030,2024-05-06 10:12:00,11142,11543.06,35.222,1.05939e+24,4.974289e+22,-0.01074341,742.434,18183260000000,-0.02123591,39.676,78736430000000,4839.046,45.411,112.661,-0.06898143,1864.322266,5.113,100.299,57.762,13663,2024-05-08 07:29:00,M,,,,
3031,2024-05-06 10:12:00,11142,11543.06,35.222,1.05939e+24,4.974289e+22,-0.01074341,742.434,18183260000000,-0.02123591,39.676,78736430000000,4839.046,45.411,112.661,-0.06898143,1864.322266,5.113,100.299,57.762,13663,2024-05-08 09:43:00,M,,,,
3032,2024-05-06 10:12:00,11142,11543.06,35.222,1.05939e+24,4.974289e+22,-0.01074341,742.434,18183260000000,-0.02123591,39.676,78736430000000,4839.046,45.411,112.661,-0.06898143,1864.322266,5.113,100.299,57.762,13663,2024-05-08 11:09:00,M,,,,
3033,2024-05-06 10:12:00,11142,11543.06,35.222,1.05939e+24,4.974289e+22,-0.01074341,742.434,18183260000000,-0.02123591,39.676,78736430000000,4839.046,45.411,112.661,-0.06898143,1864.322266,5.113,100.299,57.762,13663,2024-05-08 18:14:00,M,,,,
3034,2024-05-06 10:12:00,11142,11543.06,35.222,1.05939e+24,4.974289e+22,-0.01074341,742.434,18183260000000,-0.02123591,39.676,78736430000000,4839.046,45.411,112.661,-0.06898143,1864.322266,5.113,100.299,57.762,13663,2024-05-09 21:15:00,M,,,,
3035,2024-05-06 10:24:00,11142,11496.45,34.873,1.057738e+24,5.008259e+22,-0.01062918,736.358,17147300000000,-0.0209094,39.448,78659260000000,4855.843,45.25,113.341,-0.06650389,1861.445068,5.124,100.841,57.854,13661,,,,,,
3036,2024-05-06 10:24:00,11142,11496.45,34.873,1.057738e+24,5.008259e+22,-0.01062918,736.358,17147300000000,-0.0209094,39.448,78659260000000,4855.843,45.25,113.341,-0.06650389,1861.445068,5.124,100.841,57.854,13662,,,,,,
3038,2024-05-06 10:24:00,11142,11496.45,34.873,1.057738e+24,5.008259e+22,-0.01062918,736.358,17147300000000,-0.0209094,39.448,78659260000000,4855.843,45.25,113.341,-0.06650389,1861.445068,5.124,100.841,57.854,13663,2024-05-02 02:07:00,M,,,,
3045,2024-05-06 10:24:00,11142,11496.45,34.873,1.057738e+24,5.008259e+22,-0.01062918,736.358,17147300000000,-0.0209094,39.448,78659260000000,4855.843,45.25,113.341,-0.06650389,1861.445068,5.124,100.841,57.854,13663,2024-05-04 07:04:00,M,,,,
3046,2024-05-06 10:24:00,11142,11496.45,34.873,1.057738e+24,5.008259e+22,-0.01062918,736.358,17147300000000,-0.0209094,39.448,78659260000000,4855.843,45.25,113.341,-0.06650389,1861.445068,5.124,100.841,57.854,13663,2024-05-04 18:10:00,M,,,,
3047,2024-05-06 10:24:00,11142,11496.45,34.873,1.057738e+24,5.008259e+22,-0.01062918,736.358,17147300000000,-0.0209094,39.448,78659260000000,4855.843,45.25,113.341,-0.06650389,1861.445068,5.124,100.841,57.854,13663,2024-05-04 22:23:00,M,,,,
3053,2024-05-06 10:24:00,11142,11496.45,34.873,1.057738e+24,5.008259e+22,-0.01062918,736.358,17147300000000,-0.0209094,39.448,78659260000000,4855.843,45.25,113.341,-0.06650389,1861.445068,5.124,100.841,57.854,13663,2024-05-05 09:53:00,M,,,,
3055,2024-05-06 10:24:00,11142,11496.45,34.873,1.057738e+24,5.008259e+22,-0.01062918,736.358,17147300000000,-0.0209094,39.448,78659260000000,4855.843,45.25,113.341,-0.06650389,1861.445068,5.124,100.841,57.854,13663,2024-05-05 14:33:00,M,,,,
3056,2024-05-06 10:24:00,11142,11496.45,34.873,1.057738e+24,5.008259e+22,-0.01062918,736.358,17147300000000,-0.0209094,39.448,78659260000000,4855.843,45.25,113.341,-0.06650389,1861.445068,5.124,100.841,57.854,13663,2024-05-05 15:28:00,M,,,,
3057,2024-05-06 10:24:00,11142,11496.45,34.873,1.057738e+24,5.008259e+22,-0.01062918,736.358,17147300000000,-0.0209094,39.448,78659260000000,4855.843,45.25,113.341,-0.06650389,1861.445068,5.124,100.841,57.854,13663,2024-05-05 19:44:00,M,,,,
3058,2024-05-06 10:24:00,11142,11496.45,34.873,1.057738e+24,5.008259e+22,-0.01062918,736.358,17147300000000,-0.0209094,39.448,78659260000000,4855.843,45.25,113.341,-0.06650389,1861.445068,5.124,100.841,57.854,13663,2024-05-06 00:47:00,M,,,,
3059,2024-05-06 10:24:00,11142,11496.45,34.873,1.057738e+24,5.008259e+22,-0.01062918,736.358,17147300000000,-0.0209094,39.448,78659260000000,4855.843,45.25,113.341,-0.06650389,1861.445068,5.124,100.841,57.854,13663,2024-05-06 05:09:00,M,,,,
3061,2024-05-06 10:24:00,11142,11496.45,34.873,1.057738e+24,5.008259e+22,-0.01062918,736.358,17147300000000,-0.0209094,39.448,78659260000000,4855.843,45.25,113.341,-0.06650389,1861.445068,5.124,100.841,57.854,13663,2024-05-06 09:49:00,M,,,,
3062,2024-05-06 10:24:00,11142,11496.45,34.873,1.057738e+24,5.008259e+22,-0.01062918,736.358,17147300000000,-0.0209094,39.448,78659260000000,4855.843,45.25,113.341,-0.06650389,1861.445068,5.124,100.841,57.854,13663,2024-05-06 21:37:00,M,,,,
3063,2024-05-06 10:24:00,11142,11496.45,34.873,1.057738e+24,5.008259e+22,-0.01062918,736.358,17147300000000,-0.0209094,39.448,78659260000000,4855.843,45.25,113.341,-0.06650389,1861.445068,5.124,100.841,57.854,13663,2024-05-06 21:58:00,M,,,,
3064,2024-05-06 10:24:00,11142,11496.45,34.873,1.057738e+24,5.008259e+22,-0.01062918,736.358,17147300000000,-0.0209094,39.448,78659260000000,4855.843,45.25,113.341,-0.06650389,1861.445068,5.124,100.841,57.854,13663,2024-05-07 00:41:00,M,,,,
3065,2024-05-06 10:24:00,11142,11496.45,34.873,1.057738e+24,5.008259e+22,-0.01062918,736.358,17147300000000,-0.0209094,39.448,78659260000000,4855.843,45.25,113.341,-0.06650389,1861.445068,5.124,100.841,57.854,13663,2024-05-07 05:58:00,M,,,,
3066,2024-05-06 10:24:00,11142,11496.45,34.873,1.057738e+24,5.008259e+22,-0.01062918,736.358,17147300000000,-0.0209094,39.448,78659260000000,4855.843,45.25,113.341,-0.06650389,1861.445068,5.124,100.841,57.854,13663,2024-05-07 08:18:00,M,,,,
3067,2024-05-06 10:24:00,11142,11496.45,34.873,1.057738e+24,5.008259e+22,-0.01062918,736.358,17147300000000,-0.0209094,39.448,78659260000000,4855.843,45.25,113.341,-0.06650389,1861.445068,5.124,100.841,57.854,13663,2024-05-07 12:43:00,M,,,,
3068,2024-05-06 10:24:00,11142,11496.45,34.873,1.057738e+24,5.008259e+22,-0.01062918,736.358,17147300000000,-0.0209094,39.448,78659260000000,4855.843,45.25,113.341,-0.06650389,1861.445068,5.124,100.841,57.854,13663,2024-05-07 13:16:00,M,,,,
3069,2024-05-06 10:24:00,11142,11496.45,34.873,1.057738e+24,5.008259e+22,-0.01062918,736.358,17147300000000,-0.0209094,39.448,78659260000000,4855.843,45.25,113.341,-0.06650389,1861.445068,5.124,100.841,57.854,13663,2024-05-07 13:32:00,M,,,,
3070,2024-05-06 10:24:00,11142,11496.45,34.873,1.057738e+24,5.008259e+22,-0.01062918,736.358,17147300000000,-0.0209094,39.448,78659260000000,4855.843,45.25,113.341,-0.06650389,1861.445068,5.124,100.841,57.854,13663,2024-05-07 16:21:00,M,,,,
3071,2024-05-06 10:24:00,11142,11496.45,34.873,1.057738e+24,5.008259e+22,-0.01062918,736.358,17147300000000,-0.0209094,39.448,78659260000000,4855.843,45.25,113.341,-0.06650389,1861.445068,5.124,100.841,57.854,13663,2024-05-07 21:13:00,M,,,,
3072,2024-05-06 10:24:00,11142,11496.45,34.873,1.057738e+24,5.008259e+22,-0.01062918,736.358,17147300000000,-0.0209094,39.448,78659260000000,4855.843,45.25,113.341,-0.06650389,1861.445068,5.124,100.841,57.854,13663,2024-05-07 21:42:00,M,,,,
3073,2024-05-06 10:24:00,11142,11496.45,34.873,1.057738e+24,5.008259e+22,-0.01062918,736.358,17147300000000,-0.0209094,39.448,78659260000000,4855.843,45.25,113.341,-0.06650389,1861.445068,5.124,100.841,57.854,13663,2024-05-08 01:33:00,X,,,,
3074,2024-05-06 10:24:00,11142,11496.45,34.873,1.057738e+24,5.008259e+22,-0.01062918,736.358,17147300000000,-0.0209094,39.448,78659260000000,4855.843,45.25,113.341,-0.06650389,1861.445068,5.124,100.841,57.854,13663,2024-05-08 07:29:00,M,,,,
3075,2024-05-06 10:24:00,11142,11496.45,34.873,1.057738e+24,5.008259e+22,-0.01062918,736.358,17147300000000,-0.0209094,39.448,78659260000000,4855.843,45.25,113.341,-0.06650389,1861.445068,5.124,100.841,57.854,13663,2024-05-08 09:43:00,M,,,,
3076,2024-05-06 10:24:00,11142,11496.45,34.873,1.057738e+24,5.008259e+22,-0.01062918,736.358,17147300000000,-0.0209094,39.448,78659260000000,4855.843,45.25,113.341,-0.06650389,1861.445068,5.124,100.841,57.854,13663,2024-05-08 11:09:00,M,,,,
3077,2024-05-06 10:24:00,11142,11496.45,34.873,1.057738e+24,5.008259e+22,-0.01062918,736.358,17147300000000,-0.0209094,39.448,78659260000000,4855.843,45.25,113.341,-0.06650389,1861.445068,5.124,100.841,57.854,13663,2024-05-08 18:14:00,M,,,,
3078,2024-05-06 10:24:00,11142,11496.45,34.873,1.057738e+24,5.008259e+22,-0.01062918,736.358,17147300000000,-0.0209094,39.448,78659260000000,4855.843,45.25,113.341,-0.06650389,1861.445068,5.124,100.841,57.854,13663,2024-05-09 21:15:00,M,,,,
3079,2024-05-06 10:36:00,11142,11507.56,35.051,1.061847e+24,5.023449e+22,-0.01039766,722.409,18472140000000,-0.02042897,39.547,79652020000000,4894.612,45.31,113.197,-0.04406097,1867.431274,5.123,101.117,58.365,13661,,,,,,
3080,2024-05-06 10:36:00,11142,11507.56,35.051,1.061847e+24,5.023449e+22,-0.01039766,722.409,18472140000000,-0.02042897,39.547,79652020000000,4894.612,45.31,113.197,-0.04406097,1867.431274,5.123,101.117,58.365,13662,,,,,,
3082,2024-05-06 10:36:00,11142,11507.56,35.051,1.061847e+24,5.023449e+22,-0.01039766,722.409,18472140000000,-0.02042897,39.547,79652020000000,4894.612,45.31,113.197,-0.04406097,1867.431274,5.123,101.117,58.365,13663,2024-05-02 02:07:00,M,,,,
3089,2024-05-06 10:36:00,11142,11507.56,35.051,1.061847e+24,5.023449e+22,-0.01039766,722.409,18472140000000,-0.02042897,39.547,79652020000000,4894.612,45.31,113.197,-0.04406097,1867.431274,5.123,101.117,58.365,13663,2024-05-04 07:04:00,M,,,,
3090,2024-05-06 10:36:00,11142,11507.56,35.051,1.061847e+24,5.023449e+22,-0.01039766,722.409,18472140000000,-0.02042897,39.547,79652020000000,4894.612,45.31,113.197,-0.04406097,1867.431274,5.123,101.117,58.365,13663,2024-05-04 18:10:00,M,,,,
3091,2024-05-06 10:36:00,11142,11507.56,35.051,1.061847e+24,5.023449e+22,-0.01039766,722.409,18472140000000,-0.02042897,39.547,79652020000000,4894.612,45.31,113.197,-0.04406097,1867.431274,5.123,101.117,58.365,13663,2024-05-04 22:23:00,M,,,,
3097,2024-05-06 10:36:00,11142,11507.56,35.051,1.061847e+24,5.023449e+22,-0.01039766,722.409,18472140000000,-0.02042897,39.547,79652020000000,4894.612,45.31,113.197,-0.04406097,1867.431274,5.123,101.117,58.365,13663,2024-05-05 09:53:00,M,,,,
3099,2024-05-06 10:36:00,11142,11507.56,35.051,1.061847e+24,5.023449e+22,-0.01039766,722.409,18472140000000,-0.02042897,39.547,79652020000000,4894.612,45.31,113.197,-0.04406097,1867.431274,5.123,101.117,58.365,13663,2024-05-05 14:33:00,M,,,,
3100,2024-05-06 10:36:00,11142,11507.56,35.051,1.061847e+24,5.023449e+22,-0.01039766,722.409,18472140000000,-0.02042897,39.547,79652020000000,4894.612,45.31,113.197,-0.04406097,1867.431274,5.123,101.117,58.365,13663,2024-05-05 15:28:00,M,,,,
3101,2024-05-06 10:36:00,11142,11507.56,35.051,1.061847e+24,5.023449e+22,-0.01039766,722.409,18472140000000,-0.02042897,39.547,79652020000000,4894.612,45.31,113.197,-0.04406097,1867.431274,5.123,101.117,58.365,13663,2024-05-05 19:44:00,M,,,,
3102,2024-05-06 10:36:00,11142,11507.56,35.051,1.061847e+24,5.023449e+22,-0.01039766,722.409,18472140000000,-0.02042897,39.547,79652020000000,4894.612,45.31,113.197,-0.04406097,1867.431274,5.123,101.117,58.365,13663,2024-05-06 00:47:00,M,,,,
3103,2024-05-06 10:36:00,11142,11507.56,35.051,1.061847e+24,5.023449e+22,-0.01039766,722.409,18472140000000,-0.02042897,39.547,79652020000000,4894.612,45.31,113.197,-0.04406097,1867.431274,5.123,101.117,58.365,13663,2024-05-06 05:09:00,M,,,,
3105,2024-05-06 10:36:00,11142,11507.56,35.051,1.061847e+24,5.023449e+22,-0.01039766,722.409,18472140000000,-0.02042897,39.547,79652020000000,4894.612,45.31,113.197,-0.04406097,1867.431274,5.123,101.117,58.365,13663,2024-05-06 09:49:00,M,,,,
3106,2024-05-06 10:36:00,11142,11507.56,35.051,1.061847e+24,5.023449e+22,-0.01039766,722.409,18472140000000,-0.02042897,39.547,79652020000000,4894.612,45.31,113.197,-0.04406097,1867.431274,5.123,101.117,58.365,13663,2024-05-06 21:37:00,M,,,,
3107,2024-05-06 10:36:00,11142,11507.56,35.051,1.061847e+24,5.023449e+22,-0.01039766,722.409,18472140000000,-0.02042897,39.547,79652020000000,4894.612,45.31,113.197,-0.04406097,1867.431274,5.123,101.117,58.365,13663,2024-05-06 21:58:00,M,,,,
3108,2024-05-06 10:36:00,11142,11507.56,35.051,1.061847e+24,5.023449e+22,-0.01039766,722.409,18472140000000,-0.02042897,39.547,79652020000000,4894.612,45.31,113.197,-0.04406097,1867.431274,5.123,101.117,58.365,13663,2024-05-07 00:41:00,M,,,,
3109,2024-05-06 10:36:00,11142,11507.56,35.051,1.061847e+24,5.023449e+22,-0.01039766,722.409,18472140000000,-0.02042897,39.547,79652020000000,4894.612,45.31,113.197,-0.04406097,1867.431274,5.123,101.117,58.365,13663,2024-05-07 05:58:00,M,,,,
3110,2024-05-06 10:36:00,11142,11507.56,35.051,1.061847e+24,5.023449e+22,-0.01039766,722.409,18472140000000,-0.02042897,39.547,79652020000000,4894.612,45.31,113.197,-0.04406097,1867.431274,5.123,101.117,58.365,13663,2024-05-07 08:18:00,M,,,,
3111,2024-05-06 10:36:00,11142,11507.56,35.051,1.061847e+24,5.023449e+22,-0.01039766,722.409,18472140000000,-0.02042897,39.547,79652020000000,4894.612,45.31,113.197,-0.04406097,1867.431274,5.123,101.117,58.365,13663,2024-05-07 12:43:00,M,,,,
3112,2024-05-06 10:36:00,11142,11507.56,35.051,1.061847e+24,5.023449e+22,-0.01039766,722.409,18472140000000,-0.02042897,39.547,79652020000000,4894.612,45.31,113.197,-0.04406097,1867.431274,5.123,101.117,58.365,13663,2024-05-07 13:16:00,M,,,,
3113,2024-05-06 10:36:00,11142,11507.56,35.051,1.061847e+24,5.023449e+22,-0.01039766,722.409,18472140000000,-0.02042897,39.547,79652020000000,4894.612,45.31,113.197,-0.04406097,1867.431274,5.123,101.117,58.365,13663,2024-05-07 13:32:00,M,,,,
3114,2024-05-06 10:36:00,11142,11507.56,35.051,1.061847e+24,5.023449e+22,-0.01039766,722.409,18472140000000,-0.02042897,39.547,79652020000000,4894.612,45.31,113.197,-0.04406097,1867.431274,5.123,101.117,58.365,13663,2024-05-07 16:21:00,M,,,,
3115,2024-05-06 10:36:00,11142,11507.56,35.051,1.061847e+24,5.023449e+22,-0.01039766,722.409,18472140000000,-0.02042897,39.547,79652020000000,4894.612,45.31,113.197,-0.04406097,1867.431274,5.123,101.117,58.365,13663,2024-05-07 21:13:00,M,,,,
3116,2024-05-06 10:36:00,11142,11507.56,35.051,1.061847e+24,5.023449e+22,-0.01039766,722.409,18472140000000,-0.02042897,39.547,79652020000000,4894.612,45.31,113.197,-0.04406097,1867.431274,5.123,101.117,58.365,13663,2024-05-07 21:42:00,M,,,,
3117,2024-05-06 10:36:00,11142,11507.56,35.051,1.061847e+24,5.023449e+22,-0.01039766,722.409,18472140000000,-0.02042897,39.547,79652020000000,4894.612,45.31,113.197,-0.04406097,1867.431274,5.123,101.117,58.365,13663,2024-05-08 01:33:00,X,,,,
3118,2024-05-06 10:36:00,11142,11507.56,35.051,1.061847e+24,5.023449e+22,-0.01039766,722.409,18472140000000,-0.02042897,39.547,79652020000000,4894.612,45.31,113.197,-0.04406097,1867.431274,5.123,101.117,58.365,13663,2024-05-08 07:29:00,M,,,,
3119,2024-05-06 10:36:00,11142,11507.56,35.051,1.061847e+24,5.023449e+22,-0.01039766,722.409,18472140000000,-0.02042897,39.547,79652020000000,4894.612,45.31,113.197,-0.04406097,1867.431274,5.123,101.117,58.365,13663,2024-05-08 09:43:00,M,,,,
3120,2024-05-06 10:36:00,11142,11507.56,35.051,1.061847e+24,5.023449e+22,-0.01039766,722.409,18472140000000,-0.02042897,39.547,79652020000000,4894.612,45.31,113.197,-0.04406097,1867.431274,5.123,101.117,58.365,13663,2024-05-08 11:09:00,M,,,,
3121,2024-05-06 10:36:00,11142,11507.56,35.051,1.061847e+24,5.023449e+22,-0.01039766,722.409,18472140000000,-0.02042897,39.547,79652020000000,4894.612,45.31,113.197,-0.04406097,1867.431274,5.123,101.117,58.365,13663,2024-05-08 18:14:00,M,,,,
3122,2024-05-06 10:36:00,11142,11507.56,35.051,1.061847e+24,5.023449e+22,-0.01039766,722.409,18472140000000,-0.02042897,39.547,79652020000000,4894.612,45.31,113.197,-0.04406097,1867.431274,5.123,101.117,58.365,13663,2024-05-09 21:15:00,M,,,,
3123,2024-05-06 10:48:00,11142,11548.77,35.538,1.065695e+24,5.023785e+22,-0.01019289,708.222,16892710000000,-0.01996165,39.805,80333140000000,4940.143,45.57,113.805,-0.05568691,1875.656494,5.123,101.727,59.008,13661,,,,,,
3124,2024-05-06 10:48:00,11142,11548.77,35.538,1.065695e+24,5.023785e+22,-0.01019289,708.222,16892710000000,-0.01996165,39.805,80333140000000,4940.143,45.57,113.805,-0.05568691,1875.656494,5.123,101.727,59.008,13662,,,,,,
3126,2024-05-06 10:48:00,11142,11548.77,35.538,1.065695e+24,5.023785e+22,-0.01019289,708.222,16892710000000,-0.01996165,39.805,80333140000000,4940.143,45.57,113.805,-0.05568691,1875.656494,5.123,101.727,59.008,13663,2024-05-02 02:07:00,M,,,,
3133,2024-05-06 10:48:00,11142,11548.77,35.538,1.065695e+24,5.023785e+22,-0.01019289,708.222,16892710000000,-0.01996165,39.805,80333140000000,4940.143,45.57,113.805,-0.05568691,1875.656494,5.123,101.727,59.008,13663,2024-05-04 07:04:00,M,,,,
3134,2024-05-06 10:48:00,11142,11548.77,35.538,1.065695e+24,5.023785e+22,-0.01019289,708.222,16892710000000,-0.01996165,39.805,80333140000000,4940.143,45.57,113.805,-0.05568691,1875.656494,5.123,101.727,59.008,13663,2024-05-04 18:10:00,M,,,,
3135,2024-05-06 10:48:00,11142,11548.77,35.538,1.065695e+24,5.023785e+22,-0.01019289,708.222,16892710000000,-0.01996165,39.805,80333140000000,4940.143,45.57,113.805,-0.05568691,1875.656494,5.123,101.727,59.008,13663,2024-05-04 22:23:00,M,,,,
3141,2024-05-06 10:48:00,11142,11548.77,35.538,1.065695e+24,5.023785e+22,-0.01019289,708.222,16892710000000,-0.01996165,39.805,80333140000000,4940.143,45.57,113.805,-0.05568691,1875.656494,5.123,101.727,59.008,13663,2024-05-05 09:53:00,M,,,,
3143,2024-05-06 10:48:00,11142,11548.77,35.538,1.065695e+24,5.023785e+22,-0.01019289,708.222,16892710000000,-0.01996165,39.805,80333140000000,4940.143,45.57,113.805,-0.05568691,1875.656494,5.123,101.727,59.008,13663,2024-05-05 14:33:00,M,,,,
3144,2024-05-06 10:48:00,11142,11548.77,35.538,1.065695e+24,5.023785e+22,-0.01019289,708.222,16892710000000,-0.01996165,39.805,80333140000000,4940.143,45.57,113.805,-0.05568691,1875.656494,5.123,101.727,59.008,13663,2024-05-05 15:28:00,M,,,,
3145,2024-05-06 10:48:00,11142,11548.77,35.538,1.065695e+24,5.023785e+22,-0.01019289,708.222,16892710000000,-0.01996165,39.805,80333140000000,4940.143,45.57,113.805,-0.05568691,1875.656494,5.123,101.727,59.008,13663,2024-05-05 19:44:00,M,,,,
3146,2024-05-06 10:48:00,11142,11548.77,35.538,1.065695e+24,5.023785e+22,-0.01019289,708.222,16892710000000,-0.01996165,39.805,80333140000000,4940.143,45.57,113.805,-0.05568691,1875.656494,5.123,101.727,59.008,13663,2024-05-06 00:47:00,M,,,,
3147,2024-05-06 10:48:00,11142,11548.77,35.538,1.065695e+24,5.023785e+22,-0.01019289,708.222,16892710000000,-0.01996165,39.805,80333140000000,4940.143,45.57,113.805,-0.05568691,1875.656494,5.123,101.727,59.008,13663,2024-05-06 05:09:00,M,,,,
3149,2024-05-06 10:48:00,11142,11548.77,35.538,1.065695e+24,5.023785e+22,-0.01019289,708.222,16892710000000,-0.01996165,39.805,80333140000000,4940.143,45.57,113.805,-0.05568691,1875.656494,5.123,101.727,59.008,13663,2024-05-06 09:49:00,M,,,,
3150,2024-05-06 10:48:00,11142,11548.77,35.538,1.065695e+24,5.023785e+22,-0.01019289,708.222,16892710000000,-0.01996165,39.805,80333140000000,4940.143,45.57,113.805,-0.05568691,1875.656494,5.123,101.727,59.008,13663,2024-05-06 21:37:00,M,,,,
3151,2024-05-06 10:48:00,11142,11548.77,35.538,1.065695e+24,5.023785e+22,-0.01019289,708.222,16892710000000,-0.01996165,39.805,80333140000000,4940.143,45.57,113.805,-0.05568691,1875.656494,5.123,101.727,59.008,13663,2024-05-06 21:58:00,M,,,,
3152,2024-05-06 10:48:00,11142,11548.77,35.538,1.065695e+24,5.023785e+22,-0.01019289,708.222,16892710000000,-0.01996165,39.805,80333140000000,4940.143,45.57,113.805,-0.05568691,1875.656494,5.123,101.727,59.008,13663,2024-05-07 00:41:00,M,,,,
3153,2024-05-06 10:48:00,11142,11548.77,35.538,1.065695e+24,5.023785e+22,-0.01019289,708.222,16892710000000,-0.01996165,39.805,80333140000000,4940.143,45.57,113.805,-0.05568691,1875.656494,5.123,101.727,59.008,13663,2024-05-07 05:58:00,M,,,,
3154,2024-05-06 10:48:00,11142,11548.77,35.538,1.065695e+24,5.023785e+22,-0.01019289,708.222,16892710000000,-0.01996165,39.805,80333140000000,4940.143,45.57,113.805,-0.05568691,1875.656494,5.123,101.727,59.008,13663,2024-05-07 08:18:00,M,,,,
3155,2024-05-06 10:48:00,11142,11548.77,35.538,1.065695e+24,5.023785e+22,-0.01019289,708.222,16892710000000,-0.01996165,39.805,80333140000000,4940.143,45.57,113.805,-0.05568691,1875.656494,5.123,101.727,59.008,13663,2024-05-07 12:43:00,M,,,,
3156,2024-05-06 10:48:00,11142,11548.77,35.538,1.065695e+24,5.023785e+22,-0.01019289,708.222,16892710000000,-0.01996165,39.805,80333140000000,4940.143,45.57,113.805,-0.05568691,1875.656494,5.123,101.727,59.008,13663,2024-05-07 13:16:00,M,,,,
3157,2024-05-06 10:48:00,11142,11548.77,35.538,1.065695e+24,5.023785e+22,-0.01019289,708.222,16892710000000,-0.01996165,39.805,80333140000000,4940.143,45.57,113.805,-0.05568691,1875.656494,5.123,101.727,59.008,13663,2024-05-07 13:32:00,M,,,,
3158,2024-05-06 10:48:00,11142,11548.77,35.538,1.065695e+24,5.023785e+22,-0.01019289,708.222,16892710000000,-0.01996165,39.805,80333140000000,4940.143,45.57,113.805,-0.05568691,1875.656494,5.123,101.727,59.008,13663,2024-05-07 16:21:00,M,,,,
3159,2024-05-06 10:48:00,11142,11548.77,35.538,1.065695e+24,5.023785e+22,-0.01019289,708.222,16892710000000,-0.01996165,39.805,80333140000000,4940.143,45.57,113.805,-0.05568691,1875.656494,5.123,101.727,59.008,13663,2024-05-07 21:13:00,M,,,,
3160,2024-05-06 10:48:00,11142,11548.77,35.538,1.065695e+24,5.023785e+22,-0.01019289,708.222,16892710000000,-0.01996165,39.805,80333140000000,4940.143,45.57,113.805,-0.05568691,1875.656494,5.123,101.727,59.008,13663,2024-05-07 21:42:00,M,,,,
3161,2024-05-06 10:48:00,11142,11548.77,35.538,1.065695e+24,5.023785e+22,-0.01019289,708.222,16892710000000,-0.01996165,39.805,80333140000000,4940.143,45.57,113.805,-0.05568691,1875.656494,5.123,101.727,59.008,13663,2024-05-08 01:33:00,X,,,,
3162,2024-05-06 10:48:00,11142,11548.77,35.538,1.065695e+24,5.023785e+22,-0.01019289,708.222,16892710000000,-0.01996165,39.805,80333140000000,4940.143,45.57,113.805,-0.05568691,1875.656494,5.123,101.727,59.008,13663,2024-05-08 07:29:00,M,,,,
3163,2024-05-06 10:48:00,11142,11548.77,35.538,1.065695e+24,5.023785e+22,-0.01019289,708.222,16892710000000,-0.01996165,39.805,80333140000000,4940.143,45.57,113.805,-0.05568691,1875.656494,5.123,101.727,59.008,13663,2024-05-08 09:43:00,M,,,,
3164,2024-05-06 10:48:00,11142,11548.77,35.538,1.065695e+24,5.023785e+22,-0.01019289,708.222,16892710000000,-0.01996165,39.805,80333140000000,4940.143,45.57,113.805,-0.05568691,1875.656494,5.123,101.727,59.008,13663,2024-05-08 11:09:00,M,,,,
3165,2024-05-06 10:48:00,11142,11548.77,35.538,1.065695e+24,5.023785e+22,-0.01019289,708.222,16892710000000,-0.01996165,39.805,80333140000000,4940.143,45.57,113.805,-0.05568691,1875.656494,5.123,101.727,59.008,13663,2024-05-08 18:14:00,M,,,,
3166,2024-05-06 10:48:00,11142,11548.77,35.538,1.065695e+24,5.023785e+22,-0.01019289,708.222,16892710000000,-0.01996165,39.805,80333140000000,4940.143,45.57,113.805,-0.05568691,1875.656494,5.123,101.727,59.008,13663,2024-05-09 21:15:00,M,,,,
3167,2024-05-06 11:00:00,11142,11479.6,35.181,1.065381e+24,5.038626e+22,-0.01023281,715.079,16381210000000,-0.02011915,39.672,80215230000000,4945.085,45.615,113.454,-0.04438329,1877.838745,5.117,101.411,58.691,13661,,,,,,
3168,2024-05-06 11:00:00,11142,11479.6,35.181,1.065381e+24,5.038626e+22,-0.01023281,715.079,16381210000000,-0.02011915,39.672,80215230000000,4945.085,45.615,113.454,-0.04438329,1877.838745,5.117,101.411,58.691,13662,,,,,,
3170,2024-05-06 11:00:00,11142,11479.6,35.181,1.065381e+24,5.038626e+22,-0.01023281,715.079,16381210000000,-0.02011915,39.672,80215230000000,4945.085,45.615,113.454,-0.04438329,1877.838745,5.117,101.411,58.691,13663,2024-05-02 02:07:00,M,,,,
3177,2024-05-06 11:00:00,11142,11479.6,35.181,1.065381e+24,5.038626e+22,-0.01023281,715.079,16381210000000,-0.02011915,39.672,80215230000000,4945.085,45.615,113.454,-0.04438329,1877.838745,5.117,101.411,58.691,13663,2024-05-04 07:04:00,M,,,,
3178,2024-05-06 11:00:00,11142,11479.6,35.181,1.065381e+24,5.038626e+22,-0.01023281,715.079,16381210000000,-0.02011915,39.672,80215230000000,4945.085,45.615,113.454,-0.04438329,1877.838745,5.117,101.411,58.691,13663,2024-05-04 18:10:00,M,,,,
3179,2024-05-06 11:00:00,11142,11479.6,35.181,1.065381e+24,5.038626e+22,-0.01023281,715.079,16381210000000,-0.02011915,39.672,80215230000000,4945.085,45.615,113.454,-0.04438329,1877.838745,5.117,101.411,58.691,13663,2024-05-04 22:23:00,M,,,,
3185,2024-05-06 11:00:00,11142,11479.6,35.181,1.065381e+24,5.038626e+22,-0.01023281,715.079,16381210000000,-0.02011915,39.672,80215230000000,4945.085,45.615,113.454,-0.04438329,1877.838745,5.117,101.411,58.691,13663,2024-05-05 09:53:00,M,,,,
3187,2024-05-06 11:00:00,11142,11479.6,35.181,1.065381e+24,5.038626e+22,-0.01023281,715.079,16381210000000,-0.02011915,39.672,80215230000000,4945.085,45.615,113.454,-0.04438329,1877.838745,5.117,101.411,58.691,13663,2024-05-05 14:33:00,M,,,,
3188,2024-05-06 11:00:00,11142,11479.6,35.181,1.065381e+24,5.038626e+22,-0.01023281,715.079,16381210000000,-0.02011915,39.672,80215230000000,4945.085,45.615,113.454,-0.04438329,1877.838745,5.117,101.411,58.691,13663,2024-05-05 15:28:00,M,,,,
3189,2024-05-06 11:00:00,11142,11479.6,35.181,1.065381e+24,5.038626e+22,-0.01023281,715.079,16381210000000,-0.02011915,39.672,80215230000000,4945.085,45.615,113.454,-0.04438329,1877.838745,5.117,101.411,58.691,13663,2024-05-05 19:44:00,M,,,,
3190,2024-05-06 11:00:00,11142,11479.6,35.181,1.065381e+24,5.038626e+22,-0.01023281,715.079,16381210000000,-0.02011915,39.672,80215230000000,4945.085,45.615,113.454,-0.04438329,1877.838745,5.117,101.411,58.691,13663,2024-05-06 00:47:00,M,,,,
3191,2024-05-06 11:00:00,11142,11479.6,35.181,1.065381e+24,5.038626e+22,-0.01023281,715.079,16381210000000,-0.02011915,39.672,80215230000000,4945.085,45.615,113.454,-0.04438329,1877.838745,5.117,101.411,58.691,13663,2024-05-06 05:09:00,M,,,,
3193,2024-05-06 11:00:00,11142,11479.6,35.181,1.065381e+24,5.038626e+22,-0.01023281,715.079,16381210000000,-0.02011915,39.672,80215230000000,4945.085,45.615,113.454,-0.04438329,1877.838745,5.117,101.411,58.691,13663,2024-05-06 09:49:00,M,,,,
3194,2024-05-06 11:00:00,11142,11479.6,35.181,1.065381e+24,5.038626e+22,-0.01023281,715.079,16381210000000,-0.02011915,39.672,80215230000000,4945.085,45.615,113.454,-0.04438329,1877.838745,5.117,101.411,58.691,13663,2024-05-06 21:37:00,M,,,,
3195,2024-05-06 11:00:00,11142,11479.6,35.181,1.065381e+24,5.038626e+22,-0.01023281,715.079,16381210000000,-0.02011915,39.672,80215230000000,4945.085,45.615,113.454,-0.04438329,1877.838745,5.117,101.411,58.691,13663,2024-05-06 21:58:00,M,,,,
3196,2024-05-06 11:00:00,11142,11479.6,35.181,1.065381e+24,5.038626e+22,-0.01023281,715.079,16381210000000,-0.02011915,39.672,80215230000000,4945.085,45.615,113.454,-0.04438329,1877.838745,5.117,101.411,58.691,13663,2024-05-07 00:41:00,M,,,,
3197,2024-05-06 11:00:00,11142,11479.6,35.181,1.065381e+24,5.038626e+22,-0.01023281,715.079,16381210000000,-0.02011915,39.672,80215230000000,4945.085,45.615,113.454,-0.04438329,1877.838745,5.117,101.411,58.691,13663,2024-05-07 05:58:00,M,,,,
3198,2024-05-06 11:00:00,11142,11479.6,35.181,1.065381e+24,5.038626e+22,-0.01023281,715.079,16381210000000,-0.02011915,39.672,80215230000000,4945.085,45.615,113.454,-0.04438329,1877.838745,5.117,101.411,58.691,13663,2024-05-07 08:18:00,M,,,,
3199,2024-05-06 11:00:00,11142,11479.6,35.181,1.065381e+24,5.038626e+22,-0.01023281,715.079,16381210000000,-0.02011915,39.672,80215230000000,4945.085,45.615,113.454,-0.04438329,1877.838745,5.117,101.411,58.691,13663,2024-05-07 12:43:00,M,,,,
3200,2024-05-06 11:00:00,11142,11479.6,35.181,1.065381e+24,5.038626e+22,-0.01023281,715.079,16381210000000,-0.02011915,39.672,80215230000000,4945.085,45.615,113.454,-0.04438329,1877.838745,5.117,101.411,58.691,13663,2024-05-07 13:16:00,M,,,,
3201,2024-05-06 11:00:00,11142,11479.6,35.181,1.065381e+24,5.038626e+22,-0.01023281,715.079,16381210000000,-0.02011915,39.672,80215230000000,4945.085,45.615,113.454,-0.04438329,1877.838745,5.117,101.411,58.691,13663,2024-05-07 13:32:00,M,,,,
3202,2024-05-06 11:00:00,11142,11479.6,35.181,1.065381e+24,5.038626e+22,-0.01023281,715.079,16381210000000,-0.02011915,39.672,80215230000000,4945.085,45.615,113.454,-0.04438329,1877.838745,5.117,101.411,58.691,13663,2024-05-07 16:21:00,M,,,,
3203,2024-05-06 11:00:00,11142,11479.6,35.181,1.065381e+24,5.038626e+22,-0.01023281,715.079,16381210000000,-0.02011915,39.672,80215230000000,4945.085,45.615,113.454,-0.04438329,1877.838745,5.117,101.411,58.691,13663,2024-05-07 21:13:00,M,,,,
3204,2024-05-06 11:00:00,11142,11479.6,35.181,1.065381e+24,5.038626e+22,-0.01023281,715.079,16381210000000,-0.02011915,39.672,80215230000000,4945.085,45.615,113.454,-0.04438329,1877.838745,5.117,101.411,58.691,13663,2024-05-07 21:42:00,M,,,,
3205,2024-05-06 11:00:00,11142,11479.6,35.181,1.065381e+24,5.038626e+22,-0.01023281,715.079,16381210000000,-0.02011915,39.672,80215230000000,4945.085,45.615,113.454,-0.04438329,1877.838745,5.117,101.411,58.691,13663,2024-05-08 01:33:00,X,,,,
3206,2024-05-06 11:00:00,11142,11479.6,35.181,1.065381e+24,5.038626e+22,-0.01023281,715.079,16381210000000,-0.02011915,39.672,80215230000000,4945.085,45.615,113.454,-0.04438329,1877.838745,5.117,101.411,58.691,13663,2024-05-08 07:29:00,M,,,,
3207,2024-05-06 11:00:00,11142,11479.6,35.181,1.065381e+24,5.038626e+22,-0.01023281,715.079,16381210000000,-0.02011915,39.672,80215230000000,4945.085,45.615,113.454,-0.04438329,1877.838745,5.117,101.411,58.691,13663,2024-05-08 09:43:00,M,,,,
3208,2024-05-06 11:00:00,11142,11479.6,35.181,1.065381e+24,5.038626e+22,-0.01023281,715.079,16381210000000,-0.02011915,39.672,80215230000000,4945.085,45.615,113.454,-0.04438329,1877.838745,5.117,101.411,58.691,13663,2024-05-08 11:09:00,M,,,,
3209,2024-05-06 11:00:00,11142,11479.6,35.181,1.065381e+24,5.038626e+22,-0.01023281,715.079,16381210000000,-0.02011915,39.672,80215230000000,4945.085,45.615,113.454,-0.04438329,1877.838745,5.117,101.411,58.691,13663,2024-05-08 18:14:00,M,,,,
3210,2024-05-06 11:00:00,11142,11479.6,35.181,1.065381e+24,5.038626e+22,-0.01023281,715.079,16381210000000,-0.02011915,39.672,80215230000000,4945.085,45.615,113.454,-0.04438329,1877.838745,5.117,101.411,58.691,13663,2024-05-09 21:15:00,M,,,,
3211,2024-05-06 11:12:00,11142,11530.33,35.1,1.069277e+24,5.043424e+22,-0.01032302,720.846,20193690000000,-0.02023518,39.572,81091790000000,4982.102,45.55,113.726,-0.03710665,1866.275269,5.125,102.325,59.269,13661,,,,,,
3212,2024-05-06 11:12:00,11142,11530.33,35.1,1.069277e+24,5.043424e+22,-0.01032302,720.846,20193690000000,-0.02023518,39.572,81091790000000,4982.102,45.55,113.726,-0.03710665,1866.275269,5.125,102.325,59.269,13662,,,,,,
3214,2024-05-06 11:12:00,11142,11530.33,35.1,1.069277e+24,5.043424e+22,-0.01032302,720.846,20193690000000,-0.02023518,39.572,81091790000000,4982.102,45.55,113.726,-0.03710665,1866.275269,5.125,102.325,59.269,13663,2024-05-02 02:07:00,M,,,,
3221,2024-05-06 11:12:00,11142,11530.33,35.1,1.069277e+24,5.043424e+22,-0.01032302,720.846,20193690000000,-0.02023518,39.572,81091790000000,4982.102,45.55,113.726,-0.03710665,1866.275269,5.125,102.325,59.269,13663,2024-05-04 07:04:00,M,,,,
3222,2024-05-06 11:12:00,11142,11530.33,35.1,1.069277e+24,5.043424e+22,-0.01032302,720.846,20193690000000,-0.02023518,39.572,81091790000000,4982.102,45.55,113.726,-0.03710665,1866.275269,5.125,102.325,59.269,13663,2024-05-04 18:10:00,M,,,,
3223,2024-05-06 11:12:00,11142,11530.33,35.1,1.069277e+24,5.043424e+22,-0.01032302,720.846,20193690000000,-0.02023518,39.572,81091790000000,4982.102,45.55,113.726,-0.03710665,1866.275269,5.125,102.325,59.269,13663,2024-05-04 22:23:00,M,,,,
3229,2024-05-06 11:12:00,11142,11530.33,35.1,1.069277e+24,5.043424e+22,-0.01032302,720.846,20193690000000,-0.02023518,39.572,81091790000000,4982.102,45.55,113.726,-0.03710665,1866.275269,5.125,102.325,59.269,13663,2024-05-05 09:53:00,M,,,,
3231,2024-05-06 11:12:00,11142,11530.33,35.1,1.069277e+24,5.043424e+22,-0.01032302,720.846,20193690000000,-0.02023518,39.572,81091790000000,4982.102,45.55,113.726,-0.03710665,1866.275269,5.125,102.325,59.269,13663,2024-05-05 14:33:00,M,,,,
3232,2024-05-06 11:12:00,11142,11530.33,35.1,1.069277e+24,5.043424e+22,-0.01032302,720.846,20193690000000,-0.02023518,39.572,81091790000000,4982.102,45.55,113.726,-0.03710665,1866.275269,5.125,102.325,59.269,13663,2024-05-05 15:28:00,M,,,,
3233,2024-05-06 11:12:00,11142,11530.33,35.1,1.069277e+24,5.043424e+22,-0.01032302,720.846,20193690000000,-0.02023518,39.572,81091790000000,4982.102,45.55,113.726,-0.03710665,1866.275269,5.125,102.325,59.269,13663,2024-05-05 19:44:00,M,,,,
3234,2024-05-06 11:12:00,11142,11530.33,35.1,1.069277e+24,5.043424e+22,-0.01032302,720.846,20193690000000,-0.02023518,39.572,81091790000000,4982.102,45.55,113.726,-0.03710665,1866.275269,5.125,102.325,59.269,13663,2024-05-06 00:47:00,M,,,,
3235,2024-05-06 11:12:00,11142,11530.33,35.1,1.069277e+24,5.043424e+22,-0.01032302,720.846,20193690000000,-0.02023518,39.572,81091790000000,4982.102,45.55,113.726,-0.03710665,1866.275269,5.125,102.325,59.269,13663,2024-05-06 05:09:00,M,,,,
3237,2024-05-06 11:12:00,11142,11530.33,35.1,1.069277e+24,5.043424e+22,-0.01032302,720.846,20193690000000,-0.02023518,39.572,81091790000000,4982.102,45.55,113.726,-0.03710665,1866.275269,5.125,102.325,59.269,13663,2024-05-06 09:49:00,M,,,,
3238,2024-05-06 11:12:00,11142,11530.33,35.1,1.069277e+24,5.043424e+22,-0.01032302,720.846,20193690000000,-0.02023518,39.572,81091790000000,4982.102,45.55,113.726,-0.03710665,1866.275269,5.125,102.325,59.269,13663,2024-05-06 21:37:00,M,,,,
3239,2024-05-06 11:12:00,11142,11530.33,35.1,1.069277e+24,5.043424e+22,-0.01032302,720.846,20193690000000,-0.02023518,39.572,81091790000000,4982.102,45.55,113.726,-0.03710665,1866.275269,5.125,102.325,59.269,13663,2024-05-06 21:58:00,M,,,,
3240,2024-05-06 11:12:00,11142,11530.33,35.1,1.069277e+24,5.043424e+22,-0.01032302,720.846,20193690000000,-0.02023518,39.572,81091790000000,4982.102,45.55,113.726,-0.03710665,1866.275269,5.125,102.325,59.269,13663,2024-05-07 00:41:00,M,,,,
3241,2024-05-06 11:12:00,11142,11530.33,35.1,1.069277e+24,5.043424e+22,-0.01032302,720.846,20193690000000,-0.02023518,39.572,81091790000000,4982.102,45.55,113.726,-0.03710665,1866.275269,5.125,102.325,59.269,13663,2024-05-07 05:58:00,M,,,,
3242,2024-05-06 11:12:00,11142,11530.33,35.1,1.069277e+24,5.043424e+22,-0.01032302,720.846,20193690000000,-0.02023518,39.572,81091790000000,4982.102,45.55,113.726,-0.03710665,1866.275269,5.125,102.325,59.269,13663,2024-05-07 08:18:00,M,,,,
3243,2024-05-06 11:12:00,11142,11530.33,35.1,1.069277e+24,5.043424e+22,-0.01032302,720.846,20193690000000,-0.02023518,39.572,81091790000000,4982.102,45.55,113.726,-0.03710665,1866.275269,5.125,102.325,59.269,13663,2024-05-07 12:43:00,M,,,,
3244,2024-05-06 11:12:00,11142,11530.33,35.1,1.069277e+24,5.043424e+22,-0.01032302,720.846,20193690000000,-0.02023518,39.572,81091790000000,4982.102,45.55,113.726,-0.03710665,1866.275269,5.125,102.325,59.269,13663,2024-05-07 13:16:00,M,,,,
3245,2024-05-06 11:12:00,11142,11530.33,35.1,1.069277e+24,5.043424e+22,-0.01032302,720.846,20193690000000,-0.02023518,39.572,81091790000000,4982.102,45.55,113.726,-0.03710665,1866.275269,5.125,102.325,59.269,13663,2024-05-07 13:32:00,M,,,,
3246,2024-05-06 11:12:00,11142,11530.33,35.1,1.069277e+24,5.043424e+22,-0.01032302,720.846,20193690000000,-0.02023518,39.572,81091790000000,4982.102,45.55,113.726,-0.03710665,1866.275269,5.125,102.325,59.269,13663,2024-05-07 16:21:00,M,,,,
3247,2024-05-06 11:12:00,11142,11530.33,35.1,1.069277e+24,5.043424e+22,-0.01032302,720.846,20193690000000,-0.02023518,39.572,81091790000000,4982.102,45.55,113.726,-0.03710665,1866.275269,5.125,102.325,59.269,13663,2024-05-07 21:13:00,M,,,,
3248,2024-05-06 11:12:00,11142,11530.33,35.1,1.069277e+24,5.043424e+22,-0.01032302,720.846,20193690000000,-0.02023518,39.572,81091790000000,4982.102,45.55,113.726,-0.03710665,1866.275269,5.125,102.325,59.269,13663,2024-05-07 21:42:00,M,,,,
3249,2024-05-06 11:12:00,11142,11530.33,35.1,1.069277e+24,5.043424e+22,-0.01032302,720.846,20193690000000,-0.02023518,39.572,81091790000000,4982.102,45.55,113.726,-0.03710665,1866.275269,5.125,102.325,59.269,13663,2024-05-08 01:33:00,X,,,,
3250,2024-05-06 11:12:00,11142,11530.33,35.1,1.069277e+24,5.043424e+22,-0.01032302,720.846,20193690000000,-0.02023518,39.572,81091790000000,4982.102,45.55,113.726,-0.03710665,1866.275269,5.125,102.325,59.269,13663,2024-05-08 07:29:00,M,,,,
3251,2024-05-06 11:12:00,11142,11530.33,35.1,1.069277e+24,5.043424e+22,-0.01032302,720.846,20193690000000,-0.02023518,39.572,81091790000000,4982.102,45.55,113.726,-0.03710665,1866.275269,5.125,102.325,59.269,13663,2024-05-08 09:43:00,M,,,,
3252,2024-05-06 11:12:00,11142,11530.33,35.1,1.069277e+24,5.043424e+22,-0.01032302,720.846,20193690000000,-0.02023518,39.572,81091790000000,4982.102,45.55,113.726,-0.03710665,1866.275269,5.125,102.325,59.269,13663,2024-05-08 11:09:00,M,,,,
3253,2024-05-06 11:12:00,11142,11530.33,35.1,1.069277e+24,5.043424e+22,-0.01032302,720.846,20193690000000,-0.02023518,39.572,81091790000000,4982.102,45.55,113.726,-0.03710665,1866.275269,5.125,102.325,59.269,13663,2024-05-08 18:14:00,M,,,,
3254,2024-05-06 11:12:00,11142,11530.33,35.1,1.069277e+24,5.043424e+22,-0.01032302,720.846,20193690000000,-0.02023518,39.572,81091790000000,4982.102,45.55,113.726,-0.03710665,1866.275269,5.125,102.325,59.269,13663,2024-05-09 21:15:00,M,,,,
3255,2024-05-06 11:24:00,11142,11511.53,35.54,1.072716e+24,5.040092e+22,-0.01041968,731.118,18842950000000,-0.02050766,39.773,81252650000000,4983.777,45.764,113.072,-0.0920542,1862.781616,5.116,101.849,59.354,13661,,,,,,
3256,2024-05-06 11:24:00,11142,11511.53,35.54,1.072716e+24,5.040092e+22,-0.01041968,731.118,18842950000000,-0.02050766,39.773,81252650000000,4983.777,45.764,113.072,-0.0920542,1862.781616,5.116,101.849,59.354,13662,,,,,,
3258,2024-05-06 11:24:00,11142,11511.53,35.54,1.072716e+24,5.040092e+22,-0.01041968,731.118,18842950000000,-0.02050766,39.773,81252650000000,4983.777,45.764,113.072,-0.0920542,1862.781616,5.116,101.849,59.354,13663,2024-05-02 02:07:00,M,,,,
3265,2024-05-06 11:24:00,11142,11511.53,35.54,1.072716e+24,5.040092e+22,-0.01041968,731.118,18842950000000,-0.02050766,39.773,81252650000000,4983.777,45.764,113.072,-0.0920542,1862.781616,5.116,101.849,59.354,13663,2024-05-04 07:04:00,M,,,,
3266,2024-05-06 11:24:00,11142,11511.53,35.54,1.072716e+24,5.040092e+22,-0.01041968,731.118,18842950000000,-0.02050766,39.773,81252650000000,4983.777,45.764,113.072,-0.0920542,1862.781616,5.116,101.849,59.354,13663,2024-05-04 18:10:00,M,,,,
3267,2024-05-06 11:24:00,11142,11511.53,35.54,1.072716e+24,5.040092e+22,-0.01041968,731.118,18842950000000,-0.02050766,39.773,81252650000000,4983.777,45.764,113.072,-0.0920542,1862.781616,5.116,101.849,59.354,13663,2024-05-04 22:23:00,M,,,,
3273,2024-05-06 11:24:00,11142,11511.53,35.54,1.072716e+24,5.040092e+22,-0.01041968,731.118,18842950000000,-0.02050766,39.773,81252650000000,4983.777,45.764,113.072,-0.0920542,1862.781616,5.116,101.849,59.354,13663,2024-05-05 09:53:00,M,,,,
3275,2024-05-06 11:24:00,11142,11511.53,35.54,1.072716e+24,5.040092e+22,-0.01041968,731.118,18842950000000,-0.02050766,39.773,81252650000000,4983.777,45.764,113.072,-0.0920542,1862.781616,5.116,101.849,59.354,13663,2024-05-05 14:33:00,M,,,,
3276,2024-05-06 11:24:00,11142,11511.53,35.54,1.072716e+24,5.040092e+22,-0.01041968,731.118,18842950000000,-0.02050766,39.773,81252650000000,4983.777,45.764,113.072,-0.0920542,1862.781616,5.116,101.849,59.354,13663,2024-05-05 15:28:00,M,,,,
3277,2024-05-06 11:24:00,11142,11511.53,35.54,1.072716e+24,5.040092e+22,-0.01041968,731.118,18842950000000,-0.02050766,39.773,81252650000000,4983.777,45.764,113.072,-0.0920542,1862.781616,5.116,101.849,59.354,13663,2024-05-05 19:44:00,M,,,,
3278,2024-05-06 11:24:00,11142,11511.53,35.54,1.072716e+24,5.040092e+22,-0.01041968,731.118,18842950000000,-0.02050766,39.773,81252650000000,4983.777,45.764,113.072,-0.0920542,1862.781616,5.116,101.849,59.354,13663,2024-05-06 00:47:00,M,,,,
3279,2024-05-06 11:24:00,11142,11511.53,35.54,1.072716e+24,5.040092e+22,-0.01041968,731.118,18842950000000,-0.02050766,39.773,81252650000000,4983.777,45.764,113.072,-0.0920542,1862.781616,5.116,101.849,59.354,13663,2024-05-06 05:09:00,M,,,,
3281,2024-05-06 11:24:00,11142,11511.53,35.54,1.072716e+24,5.040092e+22,-0.01041968,731.118,18842950000000,-0.02050766,39.773,81252650000000,4983.777,45.764,113.072,-0.0920542,1862.781616,5.116,101.849,59.354,13663,2024-05-06 09:49:00,M,,,,
3282,2024-05-06 11:24:00,11142,11511.53,35.54,1.072716e+24,5.040092e+22,-0.01041968,731.118,18842950000000,-0.02050766,39.773,81252650000000,4983.777,45.764,113.072,-0.0920542,1862.781616,5.116,101.849,59.354,13663,2024-05-06 21:37:00,M,,,,
3283,2024-05-06 11:24:00,11142,11511.53,35.54,1.072716e+24,5.040092e+22,-0.01041968,731.118,18842950000000,-0.02050766,39.773,81252650000000,4983.777,45.764,113.072,-0.0920542,1862.781616,5.116,101.849,59.354,13663,2024-05-06 21:58:00,M,,,,
3284,2024-05-06 11:24:00,11142,11511.53,35.54,1.072716e+24,5.040092e+22,-0.01041968,731.118,18842950000000,-0.02050766,39.773,81252650000000,4983.777,45.764,113.072,-0.0920542,1862.781616,5.116,101.849,59.354,13663,2024-05-07 00:41:00,M,,,,
3285,2024-05-06 11:24:00,11142,11511.53,35.54,1.072716e+24,5.040092e+22,-0.01041968,731.118,18842950000000,-0.02050766,39.773,81252650000000,4983.777,45.764,113.072,-0.0920542,1862.781616,5.116,101.849,59.354,13663,2024-05-07 05:58:00,M,,,,
3286,2024-05-06 11:24:00,11142,11511.53,35.54,1.072716e+24,5.040092e+22,-0.01041968,731.118,18842950000000,-0.02050766,39.773,81252650000000,4983.777,45.764,113.072,-0.0920542,1862.781616,5.116,101.849,59.354,13663,2024-05-07 08:18:00,M,,,,
3287,2024-05-06 11:24:00,11142,11511.53,35.54,1.072716e+24,5.040092e+22,-0.01041968,731.118,18842950000000,-0.02050766,39.773,81252650000000,4983.777,45.764,113.072,-0.0920542,1862.781616,5.116,101.849,59.354,13663,2024-05-07 12:43:00,M,,,,
3288,2024-05-06 11:24:00,11142,11511.53,35.54,1.072716e+24,5.040092e+22,-0.01041968,731.118,18842950000000,-0.02050766,39.773,81252650000000,4983.777,45.764,113.072,-0.0920542,1862.781616,5.116,101.849,59.354,13663,2024-05-07 13:16:00,M,,,,
3289,2024-05-06 11:24:00,11142,11511.53,35.54,1.072716e+24,5.040092e+22,-0.01041968,731.118,18842950000000,-0.02050766,39.773,81252650000000,4983.777,45.764,113.072,-0.0920542,1862.781616,5.116,101.849,59.354,13663,2024-05-07 13:32:00,M,,,,
3290,2024-05-06 11:24:00,11142,11511.53,35.54,1.072716e+24,5.040092e+22,-0.01041968,731.118,18842950000000,-0.02050766,39.773,81252650000000,4983.777,45.764,113.072,-0.0920542,1862.781616,5.116,101.849,59.354,13663,2024-05-07 16:21:00,M,,,,
3291,2024-05-06 11:24:00,11142,11511.53,35.54,1.072716e+24,5.040092e+22,-0.01041968,731.118,18842950000000,-0.02050766,39.773,81252650000000,4983.777,45.764,113.072,-0.0920542,1862.781616,5.116,101.849,59.354,13663,2024-05-07 21:13:00,M,,,,
3292,2024-05-06 11:24:00,11142,11511.53,35.54,1.072716e+24,5.040092e+22,-0.01041968,731.118,18842950000000,-0.02050766,39.773,81252650000000,4983.777,45.764,113.072,-0.0920542,1862.781616,5.116,101.849,59.354,13663,2024-05-07 21:42:00,M,,,,
3293,2024-05-06 11:24:00,11142,11511.53,35.54,1.072716e+24,5.040092e+22,-0.01041968,731.118,18842950000000,-0.02050766,39.773,81252650000000,4983.777,45.764,113.072,-0.0920542,1862.781616,5.116,101.849,59.354,13663,2024-05-08 01:33:00,X,,,,
3294,2024-05-06 11:24:00,11142,11511.53,35.54,1.072716e+24,5.040092e+22,-0.01041968,731.118,18842950000000,-0.02050766,39.773,81252650000000,4983.777,45.764,113.072,-0.0920542,1862.781616,5.116,101.849,59.354,13663,2024-05-08 07:29:00,M,,,,
3295,2024-05-06 11:24:00,11142,11511.53,35.54,1.072716e+24,5.040092e+22,-0.01041968,731.118,18842950000000,-0.02050766,39.773,81252650000000,4983.777,45.764,113.072,-0.0920542,1862.781616,5.116,101.849,59.354,13663,2024-05-08 09:43:00,M,,,,
3296,2024-05-06 11:24:00,11142,11511.53,35.54,1.072716e+24,5.040092e+22,-0.01041968,731.118,18842950000000,-0.02050766,39.773,81252650000000,4983.777,45.764,113.072,-0.0920542,1862.781616,5.116,101.849,59.354,13663,2024-05-08 11:09:00,M,,,,
3297,2024-05-06 11:24:00,11142,11511.53,35.54,1.072716e+24,5.040092e+22,-0.01041968,731.118,18842950000000,-0.02050766,39.773,81252650000000,4983.777,45.764,113.072,-0.0920542,1862.781616,5.116,101.849,59.354,13663,2024-05-08 18:14:00,M,,,,
3298,2024-05-06 11:24:00,11142,11511.53,35.54,1.072716e+24,5.040092e+22,-0.01041968,731.118,18842950000000,-0.02050766,39.773,81252650000000,4983.777,45.764,113.072,-0.0920542,1862.781616,5.116,101.849,59.354,13663,2024-05-09 21:15:00,M,,,,
3299,2024-05-06 11:36:00,11142,11470.36,34.849,1.075659e+24,5.073841e+22,-0.01016592,717.836,20371290000000,-0.02003025,39.499,81045510000000,4971.544,45.651,113.156,-0.0784226,1857.954834,5.097,102.04,59.208,13661,,,,,,
3300,2024-05-06 11:36:00,11142,11470.36,34.849,1.075659e+24,5.073841e+22,-0.01016592,717.836,20371290000000,-0.02003025,39.499,81045510000000,4971.544,45.651,113.156,-0.0784226,1857.954834,5.097,102.04,59.208,13662,,,,,,
3302,2024-05-06 11:36:00,11142,11470.36,34.849,1.075659e+24,5.073841e+22,-0.01016592,717.836,20371290000000,-0.02003025,39.499,81045510000000,4971.544,45.651,113.156,-0.0784226,1857.954834,5.097,102.04,59.208,13663,2024-05-02 02:07:00,M,,,,
3309,2024-05-06 11:36:00,11142,11470.36,34.849,1.075659e+24,5.073841e+22,-0.01016592,717.836,20371290000000,-0.02003025,39.499,81045510000000,4971.544,45.651,113.156,-0.0784226,1857.954834,5.097,102.04,59.208,13663,2024-05-04 07:04:00,M,,,,
3310,2024-05-06 11:36:00,11142,11470.36,34.849,1.075659e+24,5.073841e+22,-0.01016592,717.836,20371290000000,-0.02003025,39.499,81045510000000,4971.544,45.651,113.156,-0.0784226,1857.954834,5.097,102.04,59.208,13663,2024-05-04 18:10:00,M,,,,
3311,2024-05-06 11:36:00,11142,11470.36,34.849,1.075659e+24,5.073841e+22,-0.01016592,717.836,20371290000000,-0.02003025,39.499,81045510000000,4971.544,45.651,113.156,-0.0784226,1857.954834,5.097,102.04,59.208,13663,2024-05-04 22:23:00,M,,,,
3317,2024-05-06 11:36:00,11142,11470.36,34.849,1.075659e+24,5.073841e+22,-0.01016592,717.836,20371290000000,-0.02003025,39.499,81045510000000,4971.544,45.651,113.156,-0.0784226,1857.954834,5.097,102.04,59.208,13663,2024-05-05 09:53:00,M,,,,
3319,2024-05-06 11:36:00,11142,11470.36,34.849,1.075659e+24,5.073841e+22,-0.01016592,717.836,20371290000000,-0.02003025,39.499,81045510000000,4971.544,45.651,113.156,-0.0784226,1857.954834,5.097,102.04,59.208,13663,2024-05-05 14:33:00,M,,,,
3320,2024-05-06 11:36:00,11142,11470.36,34.849,1.075659e+24,5.073841e+22,-0.01016592,717.836,20371290000000,-0.02003025,39.499,81045510000000,4971.544,45.651,113.156,-0.0784226,1857.954834,5.097,102.04,59.208,13663,2024-05-05 15:28:00,M,,,,
3321,2024-05-06 11:36:00,11142,11470.36,34.849,1.075659e+24,5.073841e+22,-0.01016592,717.836,20371290000000,-0.02003025,39.499,81045510000000,4971.544,45.651,113.156,-0.0784226,1857.954834,5.097,102.04,59.208,13663,2024-05-05 19:44:00,M,,,,
3322,2024-05-06 11:36:00,11142,11470.36,34.849,1.075659e+24,5.073841e+22,-0.01016592,717.836,20371290000000,-0.02003025,39.499,81045510000000,4971.544,45.651,113.156,-0.0784226,1857.954834,5.097,102.04,59.208,13663,2024-05-06 00:47:00,M,,,,
3323,2024-05-06 11:36:00,11142,11470.36,34.849,1.075659e+24,5.073841e+22,-0.01016592,717.836,20371290000000,-0.02003025,39.499,81045510000000,4971.544,45.651,113.156,-0.0784226,1857.954834,5.097,102.04,59.208,13663,2024-05-06 05:09:00,M,,,,
3325,2024-05-06 11:36:00,11142,11470.36,34.849,1.075659e+24,5.073841e+22,-0.01016592,717.836,20371290000000,-0.02003025,39.499,81045510000000,4971.544,45.651,113.156,-0.0784226,1857.954834,5.097,102.04,59.208,13663,2024-05-06 09:49:00,M,,,,
3326,2024-05-06 11:36:00,11142,11470.36,34.849,1.075659e+24,5.073841e+22,-0.01016592,717.836,20371290000000,-0.02003025,39.499,81045510000000,4971.544,45.651,113.156,-0.0784226,1857.954834,5.097,102.04,59.208,13663,2024-05-06 21:37:00,M,,,,
3327,2024-05-06 11:36:00,11142,11470.36,34.849,1.075659e+24,5.073841e+22,-0.01016592,717.836,20371290000000,-0.02003025,39.499,81045510000000,4971.544,45.651,113.156,-0.0784226,1857.954834,5.097,102.04,59.208,13663,2024-05-06 21:58:00,M,,,,
3328,2024-05-06 11:36:00,11142,11470.36,34.849,1.075659e+24,5.073841e+22,-0.01016592,717.836,20371290000000,-0.02003025,39.499,81045510000000,4971.544,45.651,113.156,-0.0784226,1857.954834,5.097,102.04,59.208,13663,2024-05-07 00:41:00,M,,,,
3329,2024-05-06 11:36:00,11142,11470.36,34.849,1.075659e+24,5.073841e+22,-0.01016592,717.836,20371290000000,-0.02003025,39.499,81045510000000,4971.544,45.651,113.156,-0.0784226,1857.954834,5.097,102.04,59.208,13663,2024-05-07 05:58:00,M,,,,
3330,2024-05-06 11:36:00,11142,11470.36,34.849,1.075659e+24,5.073841e+22,-0.01016592,717.836,20371290000000,-0.02003025,39.499,81045510000000,4971.544,45.651,113.156,-0.0784226,1857.954834,5.097,102.04,59.208,13663,2024-05-07 08:18:00,M,,,,
3331,2024-05-06 11:36:00,11142,11470.36,34.849,1.075659e+24,5.073841e+22,-0.01016592,717.836,20371290000000,-0.02003025,39.499,81045510000000,4971.544,45.651,113.156,-0.0784226,1857.954834,5.097,102.04,59.208,13663,2024-05-07 12:43:00,M,,,,
3332,2024-05-06 11:36:00,11142,11470.36,34.849,1.075659e+24,5.073841e+22,-0.01016592,717.836,20371290000000,-0.02003025,39.499,81045510000000,4971.544,45.651,113.156,-0.0784226,1857.954834,5.097,102.04,59.208,13663,2024-05-07 13:16:00,M,,,,
3333,2024-05-06 11:36:00,11142,11470.36,34.849,1.075659e+24,5.073841e+22,-0.01016592,717.836,20371290000000,-0.02003025,39.499,81045510000000,4971.544,45.651,113.156,-0.0784226,1857.954834,5.097,102.04,59.208,13663,2024-05-07 13:32:00,M,,,,
3334,2024-05-06 11:36:00,11142,11470.36,34.849,1.075659e+24,5.073841e+22,-0.01016592,717.836,20371290000000,-0.02003025,39.499,81045510000000,4971.544,45.651,113.156,-0.0784226,1857.954834,5.097,102.04,59.208,13663,2024-05-07 16:21:00,M,,,,
3335,2024-05-06 11:36:00,11142,11470.36,34.849,1.075659e+24,5.073841e+22,-0.01016592,717.836,20371290000000,-0.02003025,39.499,81045510000000,4971.544,45.651,113.156,-0.0784226,1857.954834,5.097,102.04,59.208,13663,2024-05-07 21:13:00,M,,,,
3336,2024-05-06 11:36:00,11142,11470.36,34.849,1.075659e+24,5.073841e+22,-0.01016592,717.836,20371290000000,-0.02003025,39.499,81045510000000,4971.544,45.651,113.156,-0.0784226,1857.954834,5.097,102.04,59.208,13663,2024-05-07 21:42:00,M,,,,
3337,2024-05-06 11:36:00,11142,11470.36,34.849,1.075659e+24,5.073841e+22,-0.01016592,717.836,20371290000000,-0.02003025,39.499,81045510000000,4971.544,45.651,113.156,-0.0784226,1857.954834,5.097,102.04,59.208,13663,2024-05-08 01:33:00,X,,,,
3338,2024-05-06 11:36:00,11142,11470.36,34.849,1.075659e+24,5.073841e+22,-0.01016592,717.836,20371290000000,-0.02003025,39.499,81045510000000,4971.544,45.651,113.156,-0.0784226,1857.954834,5.097,102.04,59.208,13663,2024-05-08 07:29:00,M,,,,
3339,2024-05-06 11:36:00,11142,11470.36,34.849,1.075659e+24,5.073841e+22,-0.01016592,717.836,20371290000000,-0.02003025,39.499,81045510000000,4971.544,45.651,113.156,-0.0784226,1857.954834,5.097,102.04,59.208,13663,2024-05-08 09:43:00,M,,,,
3340,2024-05-06 11:36:00,11142,11470.36,34.849,1.075659e+24,5.073841e+22,-0.01016592,717.836,20371290000000,-0.02003025,39.499,81045510000000,4971.544,45.651,113.156,-0.0784226,1857.954834,5.097,102.04,59.208,13663,2024-05-08 11:09:00,M,,,,
3341,2024-05-06 11:36:00,11142,11470.36,34.849,1.075659e+24,5.073841e+22,-0.01016592,717.836,20371290000000,-0.02003025,39.499,81045510000000,4971.544,45.651,113.156,-0.0784226,1857.954834,5.097,102.04,59.208,13663,2024-05-08 18:14:00,M,,,,
3342,2024-05-06 11:36:00,11142,11470.36,34.849,1.075659e+24,5.073841e+22,-0.01016592,717.836,20371290000000,-0.02003025,39.499,81045510000000,4971.544,45.651,113.156,-0.0784226,1857.954834,5.097,102.04,59.208,13663,2024-05-09 21:15:00,M,,,,
3343,2024-05-06 10:00:00,11149,12655.71,50.15,1.159186e+24,4.436128e+22,0.01298352,895.421,41268710000000,0.0275048,47.118,85464430000000,4694.4,55.822,111.03,0.089231,2347.317627,4.952,103.786,69.894,13664,2024-05-02 20:52:00,M,,,,
3344,2024-05-06 10:00:00,11149,12655.71,50.15,1.159186e+24,4.436128e+22,0.01298352,895.421,41268710000000,0.0275048,47.118,85464430000000,4694.4,55.822,111.03,0.089231,2347.317627,4.952,103.786,69.894,13664,2024-05-03 00:08:00,M,,,,
3345,2024-05-06 10:00:00,11149,12655.71,50.15,1.159186e+24,4.436128e+22,0.01298352,895.421,41268710000000,0.0275048,47.118,85464430000000,4694.4,55.822,111.03,0.089231,2347.317627,4.952,103.786,69.894,13664,2024-05-05 09:23:00,M,,,,
3346,2024-05-06 10:00:00,11149,12655.71,50.15,1.159186e+24,4.436128e+22,0.01298352,895.421,41268710000000,0.0275048,47.118,85464430000000,4694.4,55.822,111.03,0.089231,2347.317627,4.952,103.786,69.894,13664,2024-05-05 16:55:00,M,,,,
3347,2024-05-06 10:00:00,11149,12655.71,50.15,1.159186e+24,4.436128e+22,0.01298352,895.421,41268710000000,0.0275048,47.118,85464430000000,4694.4,55.822,111.03,0.089231,2347.317627,4.952,103.786,69.894,13664,2024-05-05 18:34:00,M,,,,
3348,2024-05-06 10:00:00,11149,12655.71,50.15,1.159186e+24,4.436128e+22,0.01298352,895.421,41268710000000,0.0275048,47.118,85464430000000,4694.4,55.822,111.03,0.089231,2347.317627,4.952,103.786,69.894,13664,2024-05-07 11:40:00,M,,,,
3349,2024-05-06 10:00:00,11149,12655.71,50.15,1.159186e+24,4.436128e+22,0.01298352,895.421,41268710000000,0.0275048,47.118,85464430000000,4694.4,55.822,111.03,0.089231,2347.317627,4.952,103.786,69.894,13664,2024-05-07 19:58:00,M,,,,
3350,2024-05-06 10:00:00,11149,12655.71,50.15,1.159186e+24,4.436128e+22,0.01298352,895.421,41268710000000,0.0275048,47.118,85464430000000,4694.4,55.822,111.03,0.089231,2347.317627,4.952,103.786,69.894,13664,2024-05-07 20:45:00,M,,,,
3351,2024-05-06 10:00:00,11149,12655.71,50.15,1.159186e+24,4.436128e+22,0.01298352,895.421,41268710000000,0.0275048,47.118,85464430000000,4694.4,55.822,111.03,0.089231,2347.317627,4.952,103.786,69.894,13664,2024-05-07 22:55:00,M,,,,
3352,2024-05-06 10:00:00,11149,12655.71,50.15,1.159186e+24,4.436128e+22,0.01298352,895.421,41268710000000,0.0275048,47.118,85464430000000,4694.4,55.822,111.03,0.089231,2347.317627,4.952,103.786,69.894,13664,2024-05-08 02:16:00,M,,,,
3353,2024-05-06 10:00:00,11149,12655.71,50.15,1.159186e+24,4.436128e+22,0.01298352,895.421,41268710000000,0.0275048,47.118,85464430000000,4694.4,55.822,111.03,0.089231,2347.317627,4.952,103.786,69.894,13664,2024-05-08 03:19:00,M,,,,
3354,2024-05-06 10:00:00,11149,12655.71,50.15,1.159186e+24,4.436128e+22,0.01298352,895.421,41268710000000,0.0275048,47.118,85464430000000,4694.4,55.822,111.03,0.089231,2347.317627,4.952,103.786,69.894,13664,2024-05-08 03:38:00,M,,,,
3355,2024-05-06 10:00:00,11149,12655.71,50.15,1.159186e+24,4.436128e+22,0.01298352,895.421,41268710000000,0.0275048,47.118,85464430000000,4694.4,55.822,111.03,0.089231,2347.317627,4.952,103.786,69.894,13664,2024-05-08 04:20:00,M,2024-05-08 05:36:00,CME,2024-05-10 13:35:00,SEP
3356,2024-05-06 10:00:00,11149,12655.71,50.15,1.159186e+24,4.436128e+22,0.01298352,895.421,41268710000000,0.0275048,47.118,85464430000000,4694.4,55.822,111.03,0.089231,2347.317627,4.952,103.786,69.894,13664,2024-05-08 04:20:00,M,2024-05-08 05:36:00,CME,2024-05-10 14:50:00,SEP
3357,2024-05-06 10:00:00,11149,12655.71,50.15,1.159186e+24,4.436128e+22,0.01298352,895.421,41268710000000,0.0275048,47.118,85464430000000,4694.4,55.822,111.03,0.089231,2347.317627,4.952,103.786,69.894,13664,2024-05-08 04:20:00,M,2024-05-08 05:36:00,CME,2024-05-10 13:35:00,SEP
3358,2024-05-06 10:00:00,11149,12655.71,50.15,1.159186e+24,4.436128e+22,0.01298352,895.421,41268710000000,0.0275048,47.118,85464430000000,4694.4,55.822,111.03,0.089231,2347.317627,4.952,103.786,69.894,13664,2024-05-08 04:20:00,M,2024-05-08 05:36:00,CME,2024-05-10 14:50:00,SEP
3359,2024-05-06 10:00:00,11149,12655.71,50.15,1.159186e+24,4.436128e+22,0.01298352,895.421,41268710000000,0.0275048,47.118,85464430000000,4694.4,55.822,111.03,0.089231,2347.317627,4.952,103.786,69.894,13664,2024-05-08 04:20:00,M,2024-05-08 05:36:00,CME,2024-05-10 13:35:00,SEP
3360,2024-05-06 10:00:00,11149,12655.71,50.15,1.159186e+24,4.436128e+22,0.01298352,895.421,41268710000000,0.0275048,47.118,85464430000000,4694.4,55.822,111.03,0.089231,2347.317627,4.952,103.786,69.894,13664,2024-05-08 04:20:00,M,2024-05-08 05:36:00,CME,2024-05-10 14:50:00,SEP
3361,2024-05-06 10:00:00,11149,12655.71,50.15,1.159186e+24,4.436128e+22,0.01298352,895.421,41268710000000,0.0275048,47.118,85464430000000,4694.4,55.822,111.03,0.089231,2347.317627,4.952,103.786,69.894,13664,2024-05-08 04:37:00,X,2024-05-08 05:36:00,CME,2024-05-10 13:35:00,SEP
3362,2024-05-06 10:00:00,11149,12655.71,50.15,1.159186e+24,4.436128e+22,0.01298352,895.421,41268710000000,0.0275048,47.118,85464430000000,4694.4,55.822,111.03,0.089231,2347.317627,4.952,103.786,69.894,13664,2024-05-08 04:37:00,X,2024-05-08 05:36:00,CME,2024-05-10 14:50:00,SEP
3363,2024-05-06 10:00:00,11149,12655.71,50.15,1.159186e+24,4.436128e+22,0.01298352,895.421,41268710000000,0.0275048,47.118,85464430000000,4694.4,55.822,111.03,0.089231,2347.317627,4.952,103.786,69.894,13664,2024-05-08 04:37:00,X,2024-05-08 05:36:00,CME,2024-05-10 13:35:00,SEP
3364,2024-05-06 10:00:00,11149,12655.71,50.15,1.159186e+24,4.436128e+22,0.01298352,895.421,41268710000000,0.0275048,47.118,85464430000000,4694.4,55.822,111.03,0.089231,2347.317627,4.952,103.786,69.894,13664,2024-05-08 04:37:00,X,2024-05-08 05:36:00,CME,2024-05-10 14:50:00,SEP
3365,2024-05-06 10:00:00,11149,12655.71,50.15,1.159186e+24,4.436128e+22,0.01298352,895.421,41268710000000,0.0275048,47.118,85464430000000,4694.4,55.822,111.03,0.089231,2347.317627,4.952,103.786,69.894,13664,2024-05-08 04:37:00,X,2024-05-08 05:36:00,CME,2024-05-10 13:35:00,SEP
3366,2024-05-06 10:00:00,11149,12655.71,50.15,1.159186e+24,4.436128e+22,0.01298352,895.421,41268710000000,0.0275048,47.118,85464430000000,4694.4,55.822,111.03,0.089231,2347.317627,4.952,103.786,69.894,13664,2024-05-08 04:37:00,X,2024-05-08 05:36:00,CME,2024-05-10 14:50:00,SEP
3367,2024-05-06 10:00:00,11149,12655.71,50.15,1.159186e+24,4.436128e+22,0.01298352,895.421,41268710000000,0.0275048,47.118,85464430000000,4694.4,55.822,111.03,0.089231,2347.317627,4.952,103.786,69.894,13664,2024-05-08 06:44:00,M,,,,
3368,2024-05-06 10:00:00,11149,12655.71,50.15,1.159186e+24,4.436128e+22,0.01298352,895.421,41268710000000,0.0275048,47.118,85464430000000,4694.4,55.822,111.03,0.089231,2347.317627,4.952,103.786,69.894,13664,2024-05-08 09:31:00,M,,,,
3375,2024-05-06 10:00:00,11149,12655.71,50.15,1.159186e+24,4.436128e+22,0.01298352,895.421,41268710000000,0.0275048,47.118,85464430000000,4694.4,55.822,111.03,0.089231,2347.317627,4.952,103.786,69.894,13664,2024-05-08 17:32:00,M,,,,
3376,2024-05-06 10:00:00,11149,12655.71,50.15,1.159186e+24,4.436128e+22,0.01298352,895.421,41268710000000,0.0275048,47.118,85464430000000,4694.4,55.822,111.03,0.089231,2347.317627,4.952,103.786,69.894,13664,2024-05-08 19:15:00,M,,,,
3377,2024-05-06 10:00:00,11149,12655.71,50.15,1.159186e+24,4.436128e+22,0.01298352,895.421,41268710000000,0.0275048,47.118,85464430000000,4694.4,55.822,111.03,0.089231,2347.317627,4.952,103.786,69.894,13664,2024-05-08 20:27:00,M,,,,
3390,2024-05-06 10:00:00,11149,12655.71,50.15,1.159186e+24,4.436128e+22,0.01298352,895.421,41268710000000,0.0275048,47.118,85464430000000,4694.4,55.822,111.03,0.089231,2347.317627,4.952,103.786,69.894,13664,2024-05-09 00:58:00,M,,,,
3391,2024-05-06 10:00:00,11149,12655.71,50.15,1.159186e+24,4.436128e+22,0.01298352,895.421,41268710000000,0.0275048,47.118,85464430000000,4694.4,55.822,111.03,0.089231,2347.317627,4.952,103.786,69.894,13664,2024-05-09 03:07:00,M,,,,
3392,2024-05-06 10:00:00,11149,12655.71,50.15,1.159186e+24,4.436128e+22,0.01298352,895.421,41268710000000,0.0275048,47.118,85464430000000,4694.4,55.822,111.03,0.089231,2347.317627,4.952,103.786,69.894,13664,2024-05-09 03:23:00,M,,,,
3393,2024-05-06 10:00:00,11149,12655.71,50.15,1.159186e+24,4.436128e+22,0.01298352,895.421,41268710000000,0.0275048,47.118,85464430000000,4694.4,55.822,111.03,0.089231,2347.317627,4.952,103.786,69.894,13664,2024-05-09 04:44:00,M,,,,
3394,2024-05-06 10:00:00,11149,12655.71,50.15,1.159186e+24,4.436128e+22,0.01298352,895.421,41268710000000,0.0275048,47.118,85464430000000,4694.4,55.822,111.03,0.089231,2347.317627,4.952,103.786,69.894,13664,2024-05-09 05:35:00,M,,,,
3395,2024-05-06 10:00:00,11149,12655.71,50.15,1.159186e+24,4.436128e+22,0.01298352,895.421,41268710000000,0.0275048,47.118,85464430000000,4694.4,55.822,111.03,0.089231,2347.317627,4.952,103.786,69.894,13664,2024-05-09 06:03:00,M,,,,
3396,2024-05-06 10:00:00,11149,12655.71,50.15,1.159186e+24,4.436128e+22,0.01298352,895.421,41268710000000,0.0275048,47.118,85464430000000,4694.4,55.822,111.03,0.089231,2347.317627,4.952,103.786,69.894,13664,2024-05-09 06:24:00,M,,,,
3397,2024-05-06 10:00:00,11149,12655.71,50.15,1.159186e+24,4.436128e+22,0.01298352,895.421,41268710000000,0.0275048,47.118,85464430000000,4694.4,55.822,111.03,0.089231,2347.317627,4.952,103.786,69.894,13664,2024-05-09 07:54:00,M,,,,
3398,2024-05-06 10:00:00,11149,12655.71,50.15,1.159186e+24,4.436128e+22,0.01298352,895.421,41268710000000,0.0275048,47.118,85464430000000,4694.4,55.822,111.03,0.089231,2347.317627,4.952,103.786,69.894,13664,2024-05-09 08:30:00,M,,,,
3441,2024-05-06 10:00:00,11149,12655.71,50.15,1.159186e+24,4.436128e+22,0.01298352,895.421,41268710000000,0.0275048,47.118,85464430000000,4694.4,55.822,111.03,0.089231,2347.317627,4.952,103.786,69.894,13664,2024-05-09 11:52:00,M,,,,
3442,2024-05-06 10:00:00,11149,12655.71,50.15,1.159186e+24,4.436128e+22,0.01298352,895.421,41268710000000,0.0275048,47.118,85464430000000,4694.4,55.822,111.03,0.089231,2347.317627,4.952,103.786,69.894,13664,2024-05-09 12:05:00,M,,,,
3443,2024-05-06 10:00:00,11149,12655.71,50.15,1.159186e+24,4.436128e+22,0.01298352,895.421,41268710000000,0.0275048,47.118,85464430000000,4694.4,55.822,111.03,0.089231,2347.317627,4.952,103.786,69.894,13664,2024-05-09 13:16:00,M,,,,
3444,2024-05-06 10:00:00,11149,12655.71,50.15,1.159186e+24,4.436128e+22,0.01298352,895.421,41268710000000,0.0275048,47.118,85464430000000,4694.4,55.822,111.03,0.089231,2347.317627,4.952,103.786,69.894,13664,2024-05-09 14:01:00,M,,,,
3465,2024-05-06 10:00:00,11149,12655.71,50.15,1.159186e+24,4.436128e+22,0.01298352,895.421,41268710000000,0.0275048,47.118,85464430000000,4694.4,55.822,111.03,0.089231,2347.317627,4.952,103.786,69.894,13664,2024-05-09 22:08:00,M,,,,
3466,2024-05-06 10:00:00,11149,12655.71,50.15,1.159186e+24,4.436128e+22,0.01298352,895.421,41268710000000,0.0275048,47.118,85464430000000,4694.4,55.822,111.03,0.089231,2347.317627,4.952,103.786,69.894,13664,2024-05-09 22:24:00,M,,,,
3467,2024-05-06 10:00:00,11149,12655.71,50.15,1.159186e+24,4.436128e+22,0.01298352,895.421,41268710000000,0.0275048,47.118,85464430000000,4694.4,55.822,111.03,0.089231,2347.317627,4.952,103.786,69.894,13664,2024-05-09 23:44:00,M,,,,
3468,2024-05-06 10:00:00,11149,12655.71,50.15,1.159186e+24,4.436128e+22,0.01298352,895.421,41268710000000,0.0275048,47.118,85464430000000,4694.4,55.822,111.03,0.089231,2347.317627,4.952,103.786,69.894,13664,2024-05-10 00:10:00,M,,,,
3469,2024-05-06 10:00:00,11149,12655.71,50.15,1.159186e+24,4.436128e+22,0.01298352,895.421,41268710000000,0.0275048,47.118,85464430000000,4694.4,55.822,111.03,0.089231,2347.317627,4.952,103.786,69.894,13664,2024-05-10 06:14:00,M,,,,
3490,2024-05-06 10:00:00,11149,12655.71,50.15,1.159186e+24,4.436128e+22,0.01298352,895.421,41268710000000,0.0275048,47.118,85464430000000,4694.4,55.822,111.03,0.089231,2347.317627,4.952,103.786,69.894,13664,2024-05-10 10:10:00,M,,,,
3492,2024-05-06 10:00:00,11149,12655.71,50.15,1.159186e+24,4.436128e+22,0.01298352,895.421,41268710000000,0.0275048,47.118,85464430000000,4694.4,55.822,111.03,0.089231,2347.317627,4.952,103.786,69.894,13664,2024-05-10 17:14:00,M,,,,
3493,2024-05-06 10:00:00,11149,12655.71,50.15,1.159186e+24,4.436128e+22,0.01298352,895.421,41268710000000,0.0275048,47.118,85464430000000,4694.4,55.822,111.03,0.089231,2347.317627,4.952,103.786,69.894,13664,2024-05-10 17:54:00,M,,,,
3494,2024-05-06 10:00:00,11149,12655.71,50.15,1.159186e+24,4.436128e+22,0.01298352,895.421,41268710000000,0.0275048,47.118,85464430000000,4694.4,55.822,111.03,0.089231,2347.317627,4.952,103.786,69.894,13664,2024-05-10 18:26:00,M,,,,
3495,2024-05-06 10:00:00,11149,12655.71,50.15,1.159186e+24,4.436128e+22,0.01298352,895.421,41268710000000,0.0275048,47.118,85464430000000,4694.4,55.822,111.03,0.089231,2347.317627,4.952,103.786,69.894,13664,2024-05-10 18:38:00,M,,,,
3496,2024-05-06 10:00:00,11149,12655.71,50.15,1.159186e+24,4.436128e+22,0.01298352,895.421,41268710000000,0.0275048,47.118,85464430000000,4694.4,55.822,111.03,0.089231,2347.317627,4.952,103.786,69.894,13664,2024-05-10 18:57:00,M,,,,
3497,2024-05-06 10:00:00,11149,12655.71,50.15,1.159186e+24,4.436128e+22,0.01298352,895.421,41268710000000,0.0275048,47.118,85464430000000,4694.4,55.822,111.03,0.089231,2347.317627,4.952,103.786,69.894,13664,2024-05-10 19:35:00,M,,,,
3498,2024-05-06 10:00:00,11149,12655.71,50.15,1.159186e+24,4.436128e+22,0.01298352,895.421,41268710000000,0.0275048,47.118,85464430000000,4694.4,55.822,111.03,0.089231,2347.317627,4.952,103.786,69.894,13664,2024-05-10 19:56:00,M,,,,
3499,2024-05-06 10:00:00,11149,12655.71,50.15,1.159186e+24,4.436128e+22,0.01298352,895.421,41268710000000,0.0275048,47.118,85464430000000,4694.4,55.822,111.03,0.089231,2347.317627,4.952,103.786,69.894,13664,2024-05-10 20:59:00,M,,,,
3500,2024-05-06 10:00:00,11149,12655.71,50.15,1.159186e+24,4.436128e+22,0.01298352,895.421,41268710000000,0.0275048,47.118,85464430000000,4694.4,55.822,111.03,0.089231,2347.317627,4.952,103.786,69.894,13664,2024-05-10 21:15:00,M,,,,
3507,2024-05-06 10:00:00,11149,12655.71,50.15,1.159186e+24,4.436128e+22,0.01298352,895.421,41268710000000,0.0275048,47.118,85464430000000,4694.4,55.822,111.03,0.089231,2347.317627,4.952,103.786,69.894,13664,2024-05-11 04:28:00,M,,,,
3508,2024-05-06 10:00:00,11149,12655.71,50.15,1.159186e+24,4.436128e+22,0.01298352,895.421,41268710000000,0.0275048,47.118,85464430000000,4694.4,55.822,111.03,0.089231,2347.317627,4.952,103.786,69.894,13664,2024-05-11 07:26:00,M,,,,
3509,2024-05-06 10:00:00,11149,12655.71,50.15,1.159186e+24,4.436128e+22,0.01298352,895.421,41268710000000,0.0275048,47.118,85464430000000,4694.4,55.822,111.03,0.089231,2347.317627,4.952,103.786,69.894,13664,2024-05-11 08:14:00,M,,,,
3510,2024-05-06 10:00:00,11149,12655.71,50.15,1.159186e+24,4.436128e+22,0.01298352,895.421,41268710000000,0.0275048,47.118,85464430000000,4694.4,55.822,111.03,0.089231,2347.317627,4.952,103.786,69.894,13664,2024-05-11 08:45:00,M,,,,
3511,2024-05-06 10:00:00,11149,12655.71,50.15,1.159186e+24,4.436128e+22,0.01298352,895.421,41268710000000,0.0275048,47.118,85464430000000,4694.4,55.822,111.03,0.089231,2347.317627,4.952,103.786,69.894,13664,2024-05-11 09:05:00,M,,,,
3512,2024-05-06 10:00:00,11149,12655.71,50.15,1.159186e+24,4.436128e+22,0.01298352,895.421,41268710000000,0.0275048,47.118,85464430000000,4694.4,55.822,111.03,0.089231,2347.317627,4.952,103.786,69.894,13664,2024-05-11 10:03:00,M,,,,
3513,2024-05-06 10:00:00,11149,12655.71,50.15,1.159186e+24,4.436128e+22,0.01298352,895.421,41268710000000,0.0275048,47.118,85464430000000,4694.4,55.822,111.03,0.089231,2347.317627,4.952,103.786,69.894,13664,2024-05-11 10:53:00,M,,,,
3514,2024-05-06 10:00:00,11149,12655.71,50.15,1.159186e+24,4.436128e+22,0.01298352,895.421,41268710000000,0.0275048,47.118,85464430000000,4694.4,55.822,111.03,0.089231,2347.317627,4.952,103.786,69.894,13664,2024-05-11 11:15:00,X,,,,
3515,2024-05-06 10:00:00,11149,12655.71,50.15,1.159186e+24,4.436128e+22,0.01298352,895.421,41268710000000,0.0275048,47.118,85464430000000,4694.4,55.822,111.03,0.089231,2347.317627,4.952,103.786,69.894,13664,2024-05-11 13:45:00,M,,,,
3517,2024-05-06 10:00:00,11149,12655.71,50.15,1.159186e+24,4.436128e+22,0.01298352,895.421,41268710000000,0.0275048,47.118,85464430000000,4694.4,55.822,111.03,0.089231,2347.317627,4.952,103.786,69.894,13664,2024-05-11 16:27:00,M,,,,
3518,2024-05-06 10:00:00,11149,12655.71,50.15,1.159186e+24,4.436128e+22,0.01298352,895.421,41268710000000,0.0275048,47.118,85464430000000,4694.4,55.822,111.03,0.089231,2347.317627,4.952,103.786,69.894,13664,2024-05-11 20:32:00,M,,,,
3519,2024-05-06 10:00:00,11149,12655.71,50.15,1.159186e+24,4.436128e+22,0.01298352,895.421,41268710000000,0.0275048,47.118,85464430000000,4694.4,55.822,111.03,0.089231,2347.317627,4.952,103.786,69.894,13664,2024-05-12 00:41:00,M,,,,
3520,2024-05-06 10:00:00,11149,12655.71,50.15,1.159186e+24,4.436128e+22,0.01298352,895.421,41268710000000,0.0275048,47.118,85464430000000,4694.4,55.822,111.03,0.089231,2347.317627,4.952,103.786,69.894,13664,2024-05-12 12:27:00,M,,,,
3521,2024-05-06 10:00:00,11149,12655.71,50.15,1.159186e+24,4.436128e+22,0.01298352,895.421,41268710000000,0.0275048,47.118,85464430000000,4694.4,55.822,111.03,0.089231,2347.317627,4.952,103.786,69.894,13664,2024-05-12 13:49:00,M,,,,
3522,2024-05-06 10:00:00,11149,12655.71,50.15,1.159186e+24,4.436128e+22,0.01298352,895.421,41268710000000,0.0275048,47.118,85464430000000,4694.4,55.822,111.03,0.089231,2347.317627,4.952,103.786,69.894,13664,2024-05-12 16:11:00,X,,,,
3523,2024-05-06 10:00:00,11149,12655.71,50.15,1.159186e+24,4.436128e+22,0.01298352,895.421,41268710000000,0.0275048,47.118,85464430000000,4694.4,55.822,111.03,0.089231,2347.317627,4.952,103.786,69.894,13664,2024-05-12 20:17:00,M,,,,
3524,2024-05-06 10:00:00,11149,12655.71,50.15,1.159186e+24,4.436128e+22,0.01298352,895.421,41268710000000,0.0275048,47.118,85464430000000,4694.4,55.822,111.03,0.089231,2347.317627,4.952,103.786,69.894,13664,2024-05-12 22:01:00,M,,,,
3525,2024-05-06 10:00:00,11149,12655.71,50.15,1.159186e+24,4.436128e+22,0.01298352,895.421,41268710000000,0.0275048,47.118,85464430000000,4694.4,55.822,111.03,0.089231,2347.317627,4.952,103.786,69.894,13664,2024-05-12 22:14:00,M,,,,
3526,2024-05-06 10:00:00,11149,12655.71,50.15,1.159186e+24,4.436128e+22,0.01298352,895.421,41268710000000,0.0275048,47.118,85464430000000,4694.4,55.822,111.03,0.089231,2347.317627,4.952,103.786,69.894,13664,2024-05-12 23:00:00,M,,,,
3527,2024-05-06 10:00:00,11149,12655.71,50.15,1.159186e+24,4.436128e+22,0.01298352,895.421,41268710000000,0.0275048,47.118,85464430000000,4694.4,55.822,111.03,0.089231,2347.317627,4.952,103.786,69.894,13664,2024-05-13 01:23:00,M,,,,
3696,2024-05-06 10:00:00,11149,12655.71,50.15,1.159186e+24,4.436128e+22,0.01298352,895.421,41268710000000,0.0275048,47.118,85464430000000,4694.4,55.822,111.03,0.089231,2347.317627,4.952,103.786,69.894,13664,2024-05-13 12:56:00,M,,,,
3697,2024-05-06 10:00:00,11149,12655.71,50.15,1.159186e+24,4.436128e+22,0.01298352,895.421,41268710000000,0.0275048,47.118,85464430000000,4694.4,55.822,111.03,0.089231,2347.317627,4.952,103.786,69.894,13664,2024-05-13 14:12:00,M,,,,
3698,2024-05-06 10:00:00,11149,12655.71,50.15,1.159186e+24,4.436128e+22,0.01298352,895.421,41268710000000,0.0275048,47.118,85464430000000,4694.4,55.822,111.03,0.089231,2347.317627,4.952,103.786,69.894,13664,2024-05-13 18:38:00,M,,,,
3699,2024-05-06 10:00:00,11149,12655.71,50.15,1.159186e+24,4.436128e+22,0.01298352,895.421,41268710000000,0.0275048,47.118,85464430000000,4694.4,55.822,111.03,0.089231,2347.317627,4.952,103.786,69.894,13664,2024-05-13 21:48:00,M,,,,
3700,2024-05-06 10:00:00,11149,12655.71,50.15,1.159186e+24,4.436128e+22,0.01298352,895.421,41268710000000,0.0275048,47.118,85464430000000,4694.4,55.822,111.03,0.089231,2347.317627,4.952,103.786,69.894,13664,2024-05-14 01:23:00,M,,,,
3706,2024-05-06 10:00:00,11149,12655.71,50.15,1.159186e+24,4.436128e+22,0.01298352,895.421,41268710000000,0.0275048,47.118,85464430000000,4694.4,55.822,111.03,0.089231,2347.317627,4.952,103.786,69.894,13668,2024-05-07 08:28:00,M,,,,
3707,2024-05-06 10:12:00,11149,12486.75,50.156,1.157259e+24,4.438924e+22,0.01292314,901.815,41663590000000,0.02786334,47.251,86086040000000,4683.448,55.948,109.885,0.0810409,2350.470703,4.945,103.01,69.422,13664,2024-05-02 20:52:00,M,,,,
3708,2024-05-06 10:12:00,11149,12486.75,50.156,1.157259e+24,4.438924e+22,0.01292314,901.815,41663590000000,0.02786334,47.251,86086040000000,4683.448,55.948,109.885,0.0810409,2350.470703,4.945,103.01,69.422,13664,2024-05-03 00:08:00,M,,,,
3709,2024-05-06 10:12:00,11149,12486.75,50.156,1.157259e+24,4.438924e+22,0.01292314,901.815,41663590000000,0.02786334,47.251,86086040000000,4683.448,55.948,109.885,0.0810409,2350.470703,4.945,103.01,69.422,13664,2024-05-05 09:23:00,M,,,,
3710,2024-05-06 10:12:00,11149,12486.75,50.156,1.157259e+24,4.438924e+22,0.01292314,901.815,41663590000000,0.02786334,47.251,86086040000000,4683.448,55.948,109.885,0.0810409,2350.470703,4.945,103.01,69.422,13664,2024-05-05 16:55:00,M,,,,
3711,2024-05-06 10:12:00,11149,12486.75,50.156,1.157259e+24,4.438924e+22,0.01292314,901.815,41663590000000,0.02786334,47.251,86086040000000,4683.448,55.948,109.885,0.0810409,2350.470703,4.945,103.01,69.422,13664,2024-05-05 18:34:00,M,,,,
3712,2024-05-06 10:12:00,11149,12486.75,50.156,1.157259e+24,4.438924e+22,0.01292314,901.815,41663590000000,0.02786334,47.251,86086040000000,4683.448,55.948,109.885,0.0810409,2350.470703,4.945,103.01,69.422,13664,2024-05-07 11:40:00,M,,,,
3713,2024-05-06 10:12:00,11149,12486.75,50.156,1.157259e+24,4.438924e+22,0.01292314,901.815,41663590000000,0.02786334,47.251,86086040000000,4683.448,55.948,109.885,0.0810409,2350.470703,4.945,103.01,69.422,13664,2024-05-07 19:58:00,M,,,,
3714,2024-05-06 10:12:00,11149,12486.75,50.156,1.157259e+24,4.438924e+22,0.01292314,901.815,41663590000000,0.02786334,47.251,86086040000000,4683.448,55.948,109.885,0.0810409,2350.470703,4.945,103.01,69.422,13664,2024-05-07 20:45:00,M,,,,
3715,2024-05-06 10:12:00,11149,12486.75,50.156,1.157259e+24,4.438924e+22,0.01292314,901.815,41663590000000,0.02786334,47.251,86086040000000,4683.448,55.948,109.885,0.0810409,2350.470703,4.945,103.01,69.422,13664,2024-05-07 22:55:00,M,,,,
3716,2024-05-06 10:12:00,11149,12486.75,50.156,1.157259e+24,4.438924e+22,0.01292314,901.815,41663590000000,0.02786334,47.251,86086040000000,4683.448,55.948,109.885,0.0810409,2350.470703,4.945,103.01,69.422,13664,2024-05-08 02:16:00,M,,,,
3717,2024-05-06 10:12:00,11149,12486.75,50.156,1.157259e+24,4.438924e+22,0.01292314,901.815,41663590000000,0.02786334,47.251,86086040000000,4683.448,55.948,109.885,0.0810409,2350.470703,4.945,103.01,69.422,13664,2024-05-08 03:19:00,M,,,,
3718,2024-05-06 10:12:00,11149,12486.75,50.156,1.157259e+24,4.438924e+22,0.01292314,901.815,41663590000000,0.02786334,47.251,86086040000000,4683.448,55.948,109.885,0.0810409,2350.470703,4.945,103.01,69.422,13664,2024-05-08 03:38:00,M,,,,
3719,2024-05-06 10:12:00,11149,12486.75,50.156,1.157259e+24,4.438924e+22,0.01292314,901.815,41663590000000,0.02786334,47.251,86086040000000,4683.448,55.948,109.885,0.0810409,2350.470703,4.945,103.01,69.422,13664,2024-05-08 04:20:00,M,2024-05-08 05:36:00,CME,2024-05-10 13:35:00,SEP
3720,2024-05-06 10:12:00,11149,12486.75,50.156,1.157259e+24,4.438924e+22,0.01292314,901.815,41663590000000,0.02786334,47.251,86086040000000,4683.448,55.948,109.885,0.0810409,2350.470703,4.945,103.01,69.422,13664,2024-05-08 04:20:00,M,2024-05-08 05:36:00,CME,2024-05-10 14:50:00,SEP
3721,2024-05-06 10:12:00,11149,12486.75,50.156,1.157259e+24,4.438924e+22,0.01292314,901.815,41663590000000,0.02786334,47.251,86086040000000,4683.448,55.948,109.885,0.0810409,2350.470703,4.945,103.01,69.422,13664,2024-05-08 04:20:00,M,2024-05-08 05:36:00,CME,2024-05-10 13:35:00,SEP
3722,2024-05-06 10:12:00,11149,12486.75,50.156,1.157259e+24,4.438924e+22,0.01292314,901.815,41663590000000,0.02786334,47.251,86086040000000,4683.448,55.948,109.885,0.0810409,2350.470703,4.945,103.01,69.422,13664,2024-05-08 04:20:00,M,2024-05-08 05:36:00,CME,2024-05-10 14:50:00,SEP
3723,2024-05-06 10:12:00,11149,12486.75,50.156,1.157259e+24,4.438924e+22,0.01292314,901.815,41663590000000,0.02786334,47.251,86086040000000,4683.448,55.948,109.885,0.0810409,2350.470703,4.945,103.01,69.422,13664,2024-05-08 04:20:00,M,2024-05-08 05:36:00,CME,2024-05-10 13:35:00,SEP
3724,2024-05-06 10:12:00,11149,12486.75,50.156,1.157259e+24,4.438924e+22,0.01292314,901.815,41663590000000,0.02786334,47.251,86086040000000,4683.448,55.948,109.885,0.0810409,2350.470703,4.945,103.01,69.422,13664,2024-05-08 04:20:00,M,2024-05-08 05:36:00,CME,2024-05-10 14:50:00,SEP
3725,2024-05-06 10:12:00,11149,12486.75,50.156,1.157259e+24,4.438924e+22,0.01292314,901.815,41663590000000,0.02786334,47.251,86086040000000,4683.448,55.948,109.885,0.0810409,2350.470703,4.945,103.01,69.422,13664,2024-05-08 04:37:00,X,2024-05-08 05:36:00,CME,2024-05-10 13:35:00,SEP
3726,2024-05-06 10:12:00,11149,12486.75,50.156,1.157259e+24,4.438924e+22,0.01292314,901.815,41663590000000,0.02786334,47.251,86086040000000,4683.448,55.948,109.885,0.0810409,2350.470703,4.945,103.01,69.422,13664,2024-05-08 04:37:00,X,2024-05-08 05:36:00,CME,2024-05-10 14:50:00,SEP
3727,2024-05-06 10:12:00,11149,12486.75,50.156,1.157259e+24,4.438924e+22,0.01292314,901.815,41663590000000,0.02786334,47.251,86086040000000,4683.448,55.948,109.885,0.0810409,2350.470703,4.945,103.01,69.422,13664,2024-05-08 04:37:00,X,2024-05-08 05:36:00,CME,2024-05-10 13:35:00,SEP
3728,2024-05-06 10:12:00,11149,12486.75,50.156,1.157259e+24,4.438924e+22,0.01292314,901.815,41663590000000,0.02786334,47.251,86086040000000,4683.448,55.948,109.885,0.0810409,2350.470703,4.945,103.01,69.422,13664,2024-05-08 04:37:00,X,2024-05-08 05:36:00,CME,2024-05-10 14:50:00,SEP
3729,2024-05-06 10:12:00,11149,12486.75,50.156,1.157259e+24,4.438924e+22,0.01292314,901.815,41663590000000,0.02786334,47.251,86086040000000,4683.448,55.948,109.885,0.0810409,2350.470703,4.945,103.01,69.422,13664,2024-05-08 04:37:00,X,2024-05-08 05:36:00,CME,2024-05-10 13:35:00,SEP
3730,2024-05-06 10:12:00,11149,12486.75,50.156,1.157259e+24,4.438924e+22,0.01292314,901.815,41663590000000,0.02786334,47.251,86086040000000,4683.448,55.948,109.885,0.0810409,2350.470703,4.945,103.01,69.422,13664,2024-05-08 04:37:00,X,2024-05-08 05:36:00,CME,2024-05-10 14:50:00,SEP
3731,2024-05-06 10:12:00,11149,12486.75,50.156,1.157259e+24,4.438924e+22,0.01292314,901.815,41663590000000,0.02786334,47.251,86086040000000,4683.448,55.948,109.885,0.0810409,2350.470703,4.945,103.01,69.422,13664,2024-05-08 06:44:00,M,,,,
3732,2024-05-06 10:12:00,11149,12486.75,50.156,1.157259e+24,4.438924e+22,0.01292314,901.815,41663590000000,0.02786334,47.251,86086040000000,4683.448,55.948,109.885,0.0810409,2350.470703,4.945,103.01,69.422,13664,2024-05-08 09:31:00,M,,,,
3739,2024-05-06 10:12:00,11149,12486.75,50.156,1.157259e+24,4.438924e+22,0.01292314,901.815,41663590000000,0.02786334,47.251,86086040000000,4683.448,55.948,109.885,0.0810409,2350.470703,4.945,103.01,69.422,13664,2024-05-08 17:32:00,M,,,,
3740,2024-05-06 10:12:00,11149,12486.75,50.156,1.157259e+24,4.438924e+22,0.01292314,901.815,41663590000000,0.02786334,47.251,86086040000000,4683.448,55.948,109.885,0.0810409,2350.470703,4.945,103.01,69.422,13664,2024-05-08 19:15:00,M,,,,
3741,2024-05-06 10:12:00,11149,12486.75,50.156,1.157259e+24,4.438924e+22,0.01292314,901.815,41663590000000,0.02786334,47.251,86086040000000,4683.448,55.948,109.885,0.0810409,2350.470703,4.945,103.01,69.422,13664,2024-05-08 20:27:00,M,,,,
3754,2024-05-06 10:12:00,11149,12486.75,50.156,1.157259e+24,4.438924e+22,0.01292314,901.815,41663590000000,0.02786334,47.251,86086040000000,4683.448,55.948,109.885,0.0810409,2350.470703,4.945,103.01,69.422,13664,2024-05-09 00:58:00,M,,,,
3755,2024-05-06 10:12:00,11149,12486.75,50.156,1.157259e+24,4.438924e+22,0.01292314,901.815,41663590000000,0.02786334,47.251,86086040000000,4683.448,55.948,109.885,0.0810409,2350.470703,4.945,103.01,69.422,13664,2024-05-09 03:07:00,M,,,,
3756,2024-05-06 10:12:00,11149,12486.75,50.156,1.157259e+24,4.438924e+22,0.01292314,901.815,41663590000000,0.02786334,47.251,86086040000000,4683.448,55.948,109.885,0.0810409,2350.470703,4.945,103.01,69.422,13664,2024-05-09 03:23:00,M,,,,
3757,2024-05-06 10:12:00,11149,12486.75,50.156,1.157259e+24,4.438924e+22,0.01292314,901.815,41663590000000,0.02786334,47.251,86086040000000,4683.448,55.948,109.885,0.0810409,2350.470703,4.945,103.01,69.422,13664,2024-05-09 04:44:00,M,,,,
3758,2024-05-06 10:12:00,11149,12486.75,50.156,1.157259e+24,4.438924e+22,0.01292314,901.815,41663590000000,0.02786334,47.251,86086040000000,4683.448,55.948,109.885,0.0810409,2350.470703,4.945,103.01,69.422,13664,2024-05-09 05:35:00,M,,,,
3759,2024-05-06 10:12:00,11149,12486.75,50.156,1.157259e+24,4.438924e+22,0.01292314,901.815,41663590000000,0.02786334,47.251,86086040000000,4683.448,55.948,109.885,0.0810409,2350.470703,4.945,103.01,69.422,13664,2024-05-09 06:03:00,M,,,,
3760,2024-05-06 10:12:00,11149,12486.75,50.156,1.157259e+24,4.438924e+22,0.01292314,901.815,41663590000000,0.02786334,47.251,86086040000000,4683.448,55.948,109.885,0.0810409,2350.470703,4.945,103.01,69.422,13664,2024-05-09 06:24:00,M,,,,
3761,2024-05-06 10:12:00,11149,12486.75,50.156,1.157259e+24,4.438924e+22,0.01292314,901.815,41663590000000,0.02786334,47.251,86086040000000,4683.448,55.948,109.885,0.0810409,2350.470703,4.945,103.01,69.422,13664,2024-05-09 07:54:00,M,,,,
3762,2024-05-06 10:12:00,11149,12486.75,50.156,1.157259e+24,4.438924e+22,0.01292314,901.815,41663590000000,0.02786334,47.251,86086040000000,4683.448,55.948,109.885,0.0810409,2350.470703,4.945,103.01,69.422,13664,2024-05-09 08:30:00,M,,,,
3805,2024-05-06 10:12:00,11149,12486.75,50.156,1.157259e+24,4.438924e+22,0.01292314,901.815,41663590000000,0.02786334,47.251,86086040000000,4683.448,55.948,109.885,0.0810409,2350.470703,4.945,103.01,69.422,13664,2024-05-09 11:52:00,M,,,,
3806,2024-05-06 10:12:00,11149,12486.75,50.156,1.157259e+24,4.438924e+22,0.01292314,901.815,41663590000000,0.02786334,47.251,86086040000000,4683.448,55.948,109.885,0.0810409,2350.470703,4.945,103.01,69.422,13664,2024-05-09 12:05:00,M,,,,
3807,2024-05-06 10:12:00,11149,12486.75,50.156,1.157259e+24,4.438924e+22,0.01292314,901.815,41663590000000,0.02786334,47.251,86086040000000,4683.448,55.948,109.885,0.0810409,2350.470703,4.945,103.01,69.422,13664,2024-05-09 13:16:00,M,,,,
3808,2024-05-06 10:12:00,11149,12486.75,50.156,1.157259e+24,4.438924e+22,0.01292314,901.815,41663590000000,0.02786334,47.251,86086040000000,4683.448,55.948,109.885,0.0810409,2350.470703,4.945,103.01,69.422,13664,2024-05-09 14:01:00,M,,,,
3829,2024-05-06 10:12:00,11149,12486.75,50.156,1.157259e+24,4.438924e+22,0.01292314,901.815,41663590000000,0.02786334,47.251,86086040000000,4683.448,55.948,109.885,0.0810409,2350.470703,4.945,103.01,69.422,13664,2024-05-09 22:08:00,M,,,,
3830,2024-05-06 10:12:00,11149,12486.75,50.156,1.157259e+24,4.438924e+22,0.01292314,901.815,41663590000000,0.02786334,47.251,86086040000000,4683.448,55.948,109.885,0.0810409,2350.470703,4.945,103.01,69.422,13664,2024-05-09 22:24:00,M,,,,
3831,2024-05-06 10:12:00,11149,12486.75,50.156,1.157259e+24,4.438924e+22,0.01292314,901.815,41663590000000,0.02786334,47.251,86086040000000,4683.448,55.948,109.885,0.0810409,2350.470703,4.945,103.01,69.422,13664,2024-05-09 23:44:00,M,,,,
3832,2024-05-06 10:12:00,11149,12486.75,50.156,1.157259e+24,4.438924e+22,0.01292314,901.815,41663590000000,0.02786334,47.251,86086040000000,4683.448,55.948,109.885,0.0810409,2350.470703,4.945,103.01,69.422,13664,2024-05-10 00:10:00,M,,,,
3833,2024-05-06 10:12:00,11149,12486.75,50.156,1.157259e+24,4.438924e+22,0.01292314,901.815,41663590000000,0.02786334,47.251,86086040000000,4683.448,55.948,109.885,0.0810409,2350.470703,4.945,103.01,69.422,13664,2024-05-10 06:14:00,M,,,,
3854,2024-05-06 10:12:00,11149,12486.75,50.156,1.157259e+24,4.438924e+22,0.01292314,901.815,41663590000000,0.02786334,47.251,86086040000000,4683.448,55.948,109.885,0.0810409,2350.470703,4.945,103.01,69.422,13664,2024-05-10 10:10:00,M,,,,
3856,2024-05-06 10:12:00,11149,12486.75,50.156,1.157259e+24,4.438924e+22,0.01292314,901.815,41663590000000,0.02786334,47.251,86086040000000,4683.448,55.948,109.885,0.0810409,2350.470703,4.945,103.01,69.422,13664,2024-05-10 17:14:00,M,,,,
3857,2024-05-06 10:12:00,11149,12486.75,50.156,1.157259e+24,4.438924e+22,0.01292314,901.815,41663590000000,0.02786334,47.251,86086040000000,4683.448,55.948,109.885,0.0810409,2350.470703,4.945,103.01,69.422,13664,2024-05-10 17:54:00,M,,,,
3858,2024-05-06 10:12:00,11149,12486.75,50.156,1.157259e+24,4.438924e+22,0.01292314,901.815,41663590000000,0.02786334,47.251,86086040000000,4683.448,55.948,109.885,0.0810409,2350.470703,4.945,103.01,69.422,13664,2024-05-10 18:26:00,M,,,,
3859,2024-05-06 10:12:00,11149,12486.75,50.156,1.157259e+24,4.438924e+22,0.01292314,901.815,41663590000000,0.02786334,47.251,86086040000000,4683.448,55.948,109.885,0.0810409,2350.470703,4.945,103.01,69.422,13664,2024-05-10 18:38:00,M,,,,
3860,2024-05-06 10:12:00,11149,12486.75,50.156,1.157259e+24,4.438924e+22,0.01292314,901.815,41663590000000,0.02786334,47.251,86086040000000,4683.448,55.948,109.885,0.0810409,2350.470703,4.945,103.01,69.422,13664,2024-05-10 18:57:00,M,,,,
3861,2024-05-06 10:12:00,11149,12486.75,50.156,1.157259e+24,4.438924e+22,0.01292314,901.815,41663590000000,0.02786334,47.251,86086040000000,4683.448,55.948,109.885,0.0810409,2350.470703,4.945,103.01,69.422,13664,2024-05-10 19:35:00,M,,,,
3862,2024-05-06 10:12:00,11149,12486.75,50.156,1.157259e+24,4.438924e+22,0.01292314,901.815,41663590000000,0.02786334,47.251,86086040000000,4683.448,55.948,109.885,0.0810409,2350.470703,4.945,103.01,69.422,13664,2024-05-10 19:56:00,M,,,,
3863,2024-05-06 10:12:00,11149,12486.75,50.156,1.157259e+24,4.438924e+22,0.01292314,901.815,41663590000000,0.02786334,47.251,86086040000000,4683.448,55.948,109.885,0.0810409,2350.470703,4.945,103.01,69.422,13664,2024-05-10 20:59:00,M,,,,
3864,2024-05-06 10:12:00,11149,12486.75,50.156,1.157259e+24,4.438924e+22,0.01292314,901.815,41663590000000,0.02786334,47.251,86086040000000,4683.448,55.948,109.885,0.0810409,2350.470703,4.945,103.01,69.422,13664,2024-05-10 21:15:00,M,,,,
3871,2024-05-06 10:12:00,11149,12486.75,50.156,1.157259e+24,4.438924e+22,0.01292314,901.815,41663590000000,0.02786334,47.251,86086040000000,4683.448,55.948,109.885,0.0810409,2350.470703,4.945,103.01,69.422,13664,2024-05-11 04:28:00,M,,,,
3872,2024-05-06 10:12:00,11149,12486.75,50.156,1.157259e+24,4.438924e+22,0.01292314,901.815,41663590000000,0.02786334,47.251,86086040000000,4683.448,55.948,109.885,0.0810409,2350.470703,4.945,103.01,69.422,13664,2024-05-11 07:26:00,M,,,,
3873,2024-05-06 10:12:00,11149,12486.75,50.156,1.157259e+24,4.438924e+22,0.01292314,901.815,41663590000000,0.02786334,47.251,86086040000000,4683.448,55.948,109.885,0.0810409,2350.470703,4.945,103.01,69.422,13664,2024-05-11 08:14:00,M,,,,
3874,2024-05-06 10:12:00,11149,12486.75,50.156,1.157259e+24,4.438924e+22,0.01292314,901.815,41663590000000,0.02786334,47.251,86086040000000,4683.448,55.948,109.885,0.0810409,2350.470703,4.945,103.01,69.422,13664,2024-05-11 08:45:00,M,,,,
3875,2024-05-06 10:12:00,11149,12486.75,50.156,1.157259e+24,4.438924e+22,0.01292314,901.815,41663590000000,0.02786334,47.251,86086040000000,4683.448,55.948,109.885,0.0810409,2350.470703,4.945,103.01,69.422,13664,2024-05-11 09:05:00,M,,,,
3876,2024-05-06 10:12:00,11149,12486.75,50.156,1.157259e+24,4.438924e+22,0.01292314,901.815,41663590000000,0.02786334,47.251,86086040000000,4683.448,55.948,109.885,0.0810409,2350.470703,4.945,103.01,69.422,13664,2024-05-11 10:03:00,M,,,,
3877,2024-05-06 10:12:00,11149,12486.75,50.156,1.157259e+24,4.438924e+22,0.01292314,901.815,41663590000000,0.02786334,47.251,86086040000000,4683.448,55.948,109.885,0.0810409,2350.470703,4.945,103.01,69.422,13664,2024-05-11 10:53:00,M,,,,
3878,2024-05-06 10:12:00,11149,12486.75,50.156,1.157259e+24,4.438924e+22,0.01292314,901.815,41663590000000,0.02786334,47.251,86086040000000,4683.448,55.948,109.885,0.0810409,2350.470703,4.945,103.01,69.422,13664,2024-05-11 11:15:00,X,,,,
3879,2024-05-06 10:12:00,11149,12486.75,50.156,1.157259e+24,4.438924e+22,0.01292314,901.815,41663590000000,0.02786334,47.251,86086040000000,4683.448,55.948,109.885,0.0810409,2350.470703,4.945,103.01,69.422,13664,2024-05-11 13:45:00,M,,,,
3881,2024-05-06 10:12:00,11149,12486.75,50.156,1.157259e+24,4.438924e+22,0.01292314,901.815,41663590000000,0.02786334,47.251,86086040000000,4683.448,55.948,109.885,0.0810409,2350.470703,4.945,103.01,69.422,13664,2024-05-11 16:27:00,M,,,,
3882,2024-05-06 10:12:00,11149,12486.75,50.156,1.157259e+24,4.438924e+22,0.01292314,901.815,41663590000000,0.02786334,47.251,86086040000000,4683.448,55.948,109.885,0.0810409,2350.470703,4.945,103.01,69.422,13664,2024-05-11 20:32:00,M,,,,
3883,2024-05-06 10:12:00,11149,12486.75,50.156,1.157259e+24,4.438924e+22,0.01292314,901.815,41663590000000,0.02786334,47.251,86086040000000,4683.448,55.948,109.885,0.0810409,2350.470703,4.945,103.01,69.422,13664,2024-05-12 00:41:00,M,,,,
3884,2024-05-06 10:12:00,11149,12486.75,50.156,1.157259e+24,4.438924e+22,0.01292314,901.815,41663590000000,0.02786334,47.251,86086040000000,4683.448,55.948,109.885,0.0810409,2350.470703,4.945,103.01,69.422,13664,2024-05-12 12:27:00,M,,,,
3885,2024-05-06 10:12:00,11149,12486.75,50.156,1.157259e+24,4.438924e+22,0.01292314,901.815,41663590000000,0.02786334,47.251,86086040000000,4683.448,55.948,109.885,0.0810409,2350.470703,4.945,103.01,69.422,13664,2024-05-12 13:49:00,M,,,,
3886,2024-05-06 10:12:00,11149,12486.75,50.156,1.157259e+24,4.438924e+22,0.01292314,901.815,41663590000000,0.02786334,47.251,86086040000000,4683.448,55.948,109.885,0.0810409,2350.470703,4.945,103.01,69.422,13664,2024-05-12 16:11:00,X,,,,
3887,2024-05-06 10:12:00,11149,12486.75,50.156,1.157259e+24,4.438924e+22,0.01292314,901.815,41663590000000,0.02786334,47.251,86086040000000,4683.448,55.948,109.885,0.0810409,2350.470703,4.945,103.01,69.422,13664,2024-05-12 20:17:00,M,,,,
3888,2024-05-06 10:12:00,11149,12486.75,50.156,1.157259e+24,4.438924e+22,0.01292314,901.815,41663590000000,0.02786334,47.251,86086040000000,4683.448,55.948,109.885,0.0810409,2350.470703,4.945,103.01,69.422,13664,2024-05-12 22:01:00,M,,,,
3889,2024-05-06 10:12:00,11149,12486.75,50.156,1.157259e+24,4.438924e+22,0.01292314,901.815,41663590000000,0.02786334,47.251,86086040000000,4683.448,55.948,109.885,0.0810409,2350.470703,4.945,103.01,69.422,13664,2024-05-12 22:14:00,M,,,,
3890,2024-05-06 10:12:00,11149,12486.75,50.156,1.157259e+24,4.438924e+22,0.01292314,901.815,41663590000000,0.02786334,47.251,86086040000000,4683.448,55.948,109.885,0.0810409,2350.470703,4.945,103.01,69.422,13664,2024-05-12 23:00:00,M,,,,
3891,2024-05-06 10:12:00,11149,12486.75,50.156,1.157259e+24,4.438924e+22,0.01292314,901.815,41663590000000,0.02786334,47.251,86086040000000,4683.448,55.948,109.885,0.0810409,2350.470703,4.945,103.01,69.422,13664,2024-05-13 01:23:00,M,,,,
4060,2024-05-06 10:12:00,11149,12486.75,50.156,1.157259e+24,4.438924e+22,0.01292314,901.815,41663590000000,0.02786334,47.251,86086040000000,4683.448,55.948,109.885,0.0810409,2350.470703,4.945,103.01,69.422,13664,2024-05-13 12:56:00,M,,,,
4061,2024-05-06 10:12:00,11149,12486.75,50.156,1.157259e+24,4.438924e+22,0.01292314,901.815,41663590000000,0.02786334,47.251,86086040000000,4683.448,55.948,109.885,0.0810409,2350.470703,4.945,103.01,69.422,13664,2024-05-13 14:12:00,M,,,,
4062,2024-05-06 10:12:00,11149,12486.75,50.156,1.157259e+24,4.438924e+22,0.01292314,901.815,41663590000000,0.02786334,47.251,86086040000000,4683.448,55.948,109.885,0.0810409,2350.470703,4.945,103.01,69.422,13664,2024-05-13 18:38:00,M,,,,
4063,2024-05-06 10:12:00,11149,12486.75,50.156,1.157259e+24,4.438924e+22,0.01292314,901.815,41663590000000,0.02786334,47.251,86086040000000,4683.448,55.948,109.885,0.0810409,2350.470703,4.945,103.01,69.422,13664,2024-05-13 21:48:00,M,,,,
4064,2024-05-06 10:12:00,11149,12486.75,50.156,1.157259e+24,4.438924e+22,0.01292314,901.815,41663590000000,0.02786334,47.251,86086040000000,4683.448,55.948,109.885,0.0810409,2350.470703,4.945,103.01,69.422,13664,2024-05-14 01:23:00,M,,,,
4070,2024-05-06 10:12:00,11149,12486.75,50.156,1.157259e+24,4.438924e+22,0.01292314,901.815,41663590000000,0.02786334,47.251,86086040000000,4683.448,55.948,109.885,0.0810409,2350.470703,4.945,103.01,69.422,13668,2024-05-07 08:28:00,M,,,,
4071,2024-05-06 10:24:00,11149,12408.1,49.984,1.153973e+24,4.417299e+22,0.01199937,840.268,33783060000000,0.02624112,47.279,85225020000000,4610.35,56.003,109.406,0.09299605,2347.197998,4.914,102.229,68.61,13664,2024-05-02 20:52:00,M,,,,
4072,2024-05-06 10:24:00,11149,12408.1,49.984,1.153973e+24,4.417299e+22,0.01199937,840.268,33783060000000,0.02624112,47.279,85225020000000,4610.35,56.003,109.406,0.09299605,2347.197998,4.914,102.229,68.61,13664,2024-05-03 00:08:00,M,,,,
4073,2024-05-06 10:24:00,11149,12408.1,49.984,1.153973e+24,4.417299e+22,0.01199937,840.268,33783060000000,0.02624112,47.279,85225020000000,4610.35,56.003,109.406,0.09299605,2347.197998,4.914,102.229,68.61,13664,2024-05-05 09:23:00,M,,,,
4074,2024-05-06 10:24:00,11149,12408.1,49.984,1.153973e+24,4.417299e+22,0.01199937,840.268,33783060000000,0.02624112,47.279,85225020000000,4610.35,56.003,109.406,0.09299605,2347.197998,4.914,102.229,68.61,13664,2024-05-05 16:55:00,M,,,,
4075,2024-05-06 10:24:00,11149,12408.1,49.984,1.153973e+24,4.417299e+22,0.01199937,840.268,33783060000000,0.02624112,47.279,85225020000000,4610.35,56.003,109.406,0.09299605,2347.197998,4.914,102.229,68.61,13664,2024-05-05 18:34:00,M,,,,
4076,2024-05-06 10:24:00,11149,12408.1,49.984,1.153973e+24,4.417299e+22,0.01199937,840.268,33783060000000,0.02624112,47.279,85225020000000,4610.35,56.003,109.406,0.09299605,2347.197998,4.914,102.229,68.61,13664,2024-05-07 11:40:00,M,,,,
4077,2024-05-06 10:24:00,11149,12408.1,49.984,1.153973e+24,4.417299e+22,0.01199937,840.268,33783060000000,0.02624112,47.279,85225020000000,4610.35,56.003,109.406,0.09299605,2347.197998,4.914,102.229,68.61,13664,2024-05-07 19:58:00,M,,,,
4078,2024-05-06 10:24:00,11149,12408.1,49.984,1.153973e+24,4.417299e+22,0.01199937,840.268,33783060000000,0.02624112,47.279,85225020000000,4610.35,56.003,109.406,0.09299605,2347.197998,4.914,102.229,68.61,13664,2024-05-07 20:45:00,M,,,,
4079,2024-05-06 10:24:00,11149,12408.1,49.984,1.153973e+24,4.417299e+22,0.01199937,840.268,33783060000000,0.02624112,47.279,85225020000000,4610.35,56.003,109.406,0.09299605,2347.197998,4.914,102.229,68.61,13664,2024-05-07 22:55:00,M,,,,
4080,2024-05-06 10:24:00,11149,12408.1,49.984,1.153973e+24,4.417299e+22,0.01199937,840.268,33783060000000,0.02624112,47.279,85225020000000,4610.35,56.003,109.406,0.09299605,2347.197998,4.914,102.229,68.61,13664,2024-05-08 02:16:00,M,,,,
4081,2024-05-06 10:24:00,11149,12408.1,49.984,1.153973e+24,4.417299e+22,0.01199937,840.268,33783060000000,0.02624112,47.279,85225020000000,4610.35,56.003,109.406,0.09299605,2347.197998,4.914,102.229,68.61,13664,2024-05-08 03:19:00,M,,,,
4082,2024-05-06 10:24:00,11149,12408.1,49.984,1.153973e+24,4.417299e+22,0.01199937,840.268,33783060000000,0.02624112,47.279,85225020000000,4610.35,56.003,109.406,0.09299605,2347.197998,4.914,102.229,68.61,13664,2024-05-08 03:38:00,M,,,,
4083,2024-05-06 10:24:00,11149,12408.1,49.984,1.153973e+24,4.417299e+22,0.01199937,840.268,33783060000000,0.02624112,47.279,85225020000000,4610.35,56.003,109.406,0.09299605,2347.197998,4.914,102.229,68.61,13664,2024-05-08 04:20:00,M,2024-05-08 05:36:00,CME,2024-05-10 13:35:00,SEP
4084,2024-05-06 10:24:00,11149,12408.1,49.984,1.153973e+24,4.417299e+22,0.01199937,840.268,33783060000000,0.02624112,47.279,85225020000000,4610.35,56.003,109.406,0.09299605,2347.197998,4.914,102.229,68.61,13664,2024-05-08 04:20:00,M,2024-05-08 05:36:00,CME,2024-05-10 14:50:00,SEP
4085,2024-05-06 10:24:00,11149,12408.1,49.984,1.153973e+24,4.417299e+22,0.01199937,840.268,33783060000000,0.02624112,47.279,85225020000000,4610.35,56.003,109.406,0.09299605,2347.197998,4.914,102.229,68.61,13664,2024-05-08 04:20:00,M,2024-05-08 05:36:00,CME,2024-05-10 13:35:00,SEP
4086,2024-05-06 10:24:00,11149,12408.1,49.984,1.153973e+24,4.417299e+22,0.01199937,840.268,33783060000000,0.02624112,47.279,85225020000000,4610.35,56.003,109.406,0.09299605,2347.197998,4.914,102.229,68.61,13664,2024-05-08 04:20:00,M,2024-05-08 05:36:00,CME,2024-05-10 14:50:00,SEP
4087,2024-05-06 10:24:00,11149,12408.1,49.984,1.153973e+24,4.417299e+22,0.01199937,840.268,33783060000000,0.02624112,47.279,85225020000000,4610.35,56.003,109.406,0.09299605,2347.197998,4.914,102.229,68.61,13664,2024-05-08 04:20:00,M,2024-05-08 05:36:00,CME,2024-05-10 13:35:00,SEP
4088,2024-05-06 10:24:00,11149,12408.1,49.984,1.153973e+24,4.417299e+22,0.01199937,840.268,33783060000000,0.02624112,47.279,85225020000000,4610.35,56.003,109.406,0.09299605,2347.197998,4.914,102.229,68.61,13664,2024-05-08 04:20:00,M,2024-05-08 05:36:00,CME,2024-05-10 14:50:00,SEP
4089,2024-05-06 10:24:00,11149,12408.1,49.984,1.153973e+24,4.417299e+22,0.01199937,840.268,33783060000000,0.02624112,47.279,85225020000000,4610.35,56.003,109.406,0.09299605,2347.197998,4.914,102.229,68.61,13664,2024-05-08 04:37:00,X,2024-05-08 05:36:00,CME,2024-05-10 13:35:00,SEP
4090,2024-05-06 10:24:00,11149,12408.1,49.984,1.153973e+24,4.417299e+22,0.01199937,840.268,33783060000000,0.02624112,47.279,85225020000000,4610.35,56.003,109.406,0.09299605,2347.197998,4.914,102.229,68.61,13664,2024-05-08 04:37:00,X,2024-05-08 05:36:00,CME,2024-05-10 14:50:00,SEP
4091,2024-05-06 10:24:00,11149,12408.1,49.984,1.153973e+24,4.417299e+22,0.01199937,840.268,33783060000000,0.02624112,47.279,85225020000000,4610.35,56.003,109.406,0.09299605,2347.197998,4.914,102.229,68.61,13664,2024-05-08 04:37:00,X,2024-05-08 05:36:00,CME,2024-05-10 13:35:00,SEP
4092,2024-05-06 10:24:00,11149,12408.1,49.984,1.153973e+24,4.417299e+22,0.01199937,840.268,33783060000000,0.02624112,47.279,85225020000000,4610.35,56.003,109.406,0.09299605,2347.197998,4.914,102.229,68.61,13664,2024-05-08 04:37:00,X,2024-05-08 05:36:00,CME,2024-05-10 14:50:00,SEP
4093,2024-05-06 10:24:00,11149,12408.1,49.984,1.153973e+24,4.417299e+22,0.01199937,840.268,33783060000000,0.02624112,47.279,85225020000000,4610.35,56.003,109.406,0.09299605,2347.197998,4.914,102.229,68.61,13664,2024-05-08 04:37:00,X,2024-05-08 05:36:00,CME,2024-05-10 13:35:00,SEP
4094,2024-05-06 10:24:00,11149,12408.1,49.984,1.153973e+24,4.417299e+22,0.01199937,840.268,33783060000000,0.02624112,47.279,85225020000000,4610.35,56.003,109.406,0.09299605,2347.197998,4.914,102.229,68.61,13664,2024-05-08 04:37:00,X,2024-05-08 05:36:00,CME,2024-05-10 14:50:00,SEP
4095,2024-05-06 10:24:00,11149,12408.1,49.984,1.153973e+24,4.417299e+22,0.01199937,840.268,33783060000000,0.02624112,47.279,85225020000000,4610.35,56.003,109.406,0.09299605,2347.197998,4.914,102.229,68.61,13664,2024-05-08 06:44:00,M,,,,
4096,2024-05-06 10:24:00,11149,12408.1,49.984,1.153973e+24,4.417299e+22,0.01199937,840.268,33783060000000,0.02624112,47.279,85225020000000,4610.35,56.003,109.406,0.09299605,2347.197998,4.914,102.229,68.61,13664,2024-05-08 09:31:00,M,,,,
4103,2024-05-06 10:24:00,11149,12408.1,49.984,1.153973e+24,4.417299e+22,0.01199937,840.268,33783060000000,0.02624112,47.279,85225020000000,4610.35,56.003,109.406,0.09299605,2347.197998,4.914,102.229,68.61,13664,2024-05-08 17:32:00,M,,,,
4104,2024-05-06 10:24:00,11149,12408.1,49.984,1.153973e+24,4.417299e+22,0.01199937,840.268,33783060000000,0.02624112,47.279,85225020000000,4610.35,56.003,109.406,0.09299605,2347.197998,4.914,102.229,68.61,13664,2024-05-08 19:15:00,M,,,,
4105,2024-05-06 10:24:00,11149,12408.1,49.984,1.153973e+24,4.417299e+22,0.01199937,840.268,33783060000000,0.02624112,47.279,85225020000000,4610.35,56.003,109.406,0.09299605,2347.197998,4.914,102.229,68.61,13664,2024-05-08 20:27:00,M,,,,
4118,2024-05-06 10:24:00,11149,12408.1,49.984,1.153973e+24,4.417299e+22,0.01199937,840.268,33783060000000,0.02624112,47.279,85225020000000,4610.35,56.003,109.406,0.09299605,2347.197998,4.914,102.229,68.61,13664,2024-05-09 00:58:00,M,,,,
4119,2024-05-06 10:24:00,11149,12408.1,49.984,1.153973e+24,4.417299e+22,0.01199937,840.268,33783060000000,0.02624112,47.279,85225020000000,4610.35,56.003,109.406,0.09299605,2347.197998,4.914,102.229,68.61,13664,2024-05-09 03:07:00,M,,,,
4120,2024-05-06 10:24:00,11149,12408.1,49.984,1.153973e+24,4.417299e+22,0.01199937,840.268,33783060000000,0.02624112,47.279,85225020000000,4610.35,56.003,109.406,0.09299605,2347.197998,4.914,102.229,68.61,13664,2024-05-09 03:23:00,M,,,,
4121,2024-05-06 10:24:00,11149,12408.1,49.984,1.153973e+24,4.417299e+22,0.01199937,840.268,33783060000000,0.02624112,47.279,85225020000000,4610.35,56.003,109.406,0.09299605,2347.197998,4.914,102.229,68.61,13664,2024-05-09 04:44:00,M,,,,
4122,2024-05-06 10:24:00,11149,12408.1,49.984,1.153973e+24,4.417299e+22,0.01199937,840.268,33783060000000,0.02624112,47.279,85225020000000,4610.35,56.003,109.406,0.09299605,2347.197998,4.914,102.229,68.61,13664,2024-05-09 05:35:00,M,,,,
4123,2024-05-06 10:24:00,11149,12408.1,49.984,1.153973e+24,4.417299e+22,0.01199937,840.268,33783060000000,0.02624112,47.279,85225020000000,4610.35,56.003,109.406,0.09299605,2347.197998,4.914,102.229,68.61,13664,2024-05-09 06:03:00,M,,,,
4124,2024-05-06 10:24:00,11149,12408.1,49.984,1.153973e+24,4.417299e+22,0.01199937,840.268,33783060000000,0.02624112,47.279,85225020000000,4610.35,56.003,109.406,0.09299605,2347.197998,4.914,102.229,68.61,13664,2024-05-09 06:24:00,M,,,,
4125,2024-05-06 10:24:00,11149,12408.1,49.984,1.153973e+24,4.417299e+22,0.01199937,840.268,33783060000000,0.02624112,47.279,85225020000000,4610.35,56.003,109.406,0.09299605,2347.197998,4.914,102.229,68.61,13664,2024-05-09 07:54:00,M,,,,
4126,2024-05-06 10:24:00,11149,12408.1,49.984,1.153973e+24,4.417299e+22,0.01199937,840.268,33783060000000,0.02624112,47.279,85225020000000,4610.35,56.003,109.406,0.09299605,2347.197998,4.914,102.229,68.61,13664,2024-05-09 08:30:00,M,,,,
4169,2024-05-06 10:24:00,11149,12408.1,49.984,1.153973e+24,4.417299e+22,0.01199937,840.268,33783060000000,0.02624112,47.279,85225020000000,4610.35,56.003,109.406,0.09299605,2347.197998,4.914,102.229,68.61,13664,2024-05-09 11:52:00,M,,,,
4170,2024-05-06 10:24:00,11149,12408.1,49.984,1.153973e+24,4.417299e+22,0.01199937,840.268,33783060000000,0.02624112,47.279,85225020000000,4610.35,56.003,109.406,0.09299605,2347.197998,4.914,102.229,68.61,13664,2024-05-09 12:05:00,M,,,,
4171,2024-05-06 10:24:00,11149,12408.1,49.984,1.153973e+24,4.417299e+22,0.01199937,840.268,33783060000000,0.02624112,47.279,85225020000000,4610.35,56.003,109.406,0.09299605,2347.197998,4.914,102.229,68.61,13664,2024-05-09 13:16:00,M,,,,
4172,2024-05-06 10:24:00,11149,12408.1,49.984,1.153973e+24,4.417299e+22,0.01199937,840.268,33783060000000,0.02624112,47.279,85225020000000,4610.35,56.003,109.406,0.09299605,2347.197998,4.914,102.229,68.61,13664,2024-05-09 14:01:00,M,,,,
4193,2024-05-06 10:24:00,11149,12408.1,49.984,1.153973e+24,4.417299e+22,0.01199937,840.268,33783060000000,0.02624112,47.279,85225020000000,4610.35,56.003,109.406,0.09299605,2347.197998,4.914,102.229,68.61,13664,2024-05-09 22:08:00,M,,,,
4194,2024-05-06 10:24:00,11149,12408.1,49.984,1.153973e+24,4.417299e+22,0.01199937,840.268,33783060000000,0.02624112,47.279,85225020000000,4610.35,56.003,109.406,0.09299605,2347.197998,4.914,102.229,68.61,13664,2024-05-09 22:24:00,M,,,,
4195,2024-05-06 10:24:00,11149,12408.1,49.984,1.153973e+24,4.417299e+22,0.01199937,840.268,33783060000000,0.02624112,47.279,85225020000000,4610.35,56.003,109.406,0.09299605,2347.197998,4.914,102.229,68.61,13664,2024-05-09 23:44:00,M,,,,
4196,2024-05-06 10:24:00,11149,12408.1,49.984,1.153973e+24,4.417299e+22,0.01199937,840.268,33783060000000,0.02624112,47.279,85225020000000,4610.35,56.003,109.406,0.09299605,2347.197998,4.914,102.229,68.61,13664,2024-05-10 00:10:00,M,,,,
4197,2024-05-06 10:24:00,11149,12408.1,49.984,1.153973e+24,4.417299e+22,0.01199937,840.268,33783060000000,0.02624112,47.279,85225020000000,4610.35,56.003,109.406,0.09299605,2347.197998,4.914,102.229,68.61,13664,2024-05-10 06:14:00,M,,,,
4218,2024-05-06 10:24:00,11149,12408.1,49.984,1.153973e+24,4.417299e+22,0.01199937,840.268,33783060000000,0.02624112,47.279,85225020000000,4610.35,56.003,109.406,0.09299605,2347.197998,4.914,102.229,68.61,13664,2024-05-10 10:10:00,M,,,,
4220,2024-05-06 10:24:00,11149,12408.1,49.984,1.153973e+24,4.417299e+22,0.01199937,840.268,33783060000000,0.02624112,47.279,85225020000000,4610.35,56.003,109.406,0.09299605,2347.197998,4.914,102.229,68.61,13664,2024-05-10 17:14:00,M,,,,
4221,2024-05-06 10:24:00,11149,12408.1,49.984,1.153973e+24,4.417299e+22,0.01199937,840.268,33783060000000,0.02624112,47.279,85225020000000,4610.35,56.003,109.406,0.09299605,2347.197998,4.914,102.229,68.61,13664,2024-05-10 17:54:00,M,,,,
4222,2024-05-06 10:24:00,11149,12408.1,49.984,1.153973e+24,4.417299e+22,0.01199937,840.268,33783060000000,0.02624112,47.279,85225020000000,4610.35,56.003,109.406,0.09299605,2347.197998,4.914,102.229,68.61,13664,2024-05-10 18:26:00,M,,,,
4223,2024-05-06 10:24:00,11149,12408.1,49.984,1.153973e+24,4.417299e+22,0.01199937,840.268,33783060000000,0.02624112,47.279,85225020000000,4610.35,56.003,109.406,0.09299605,2347.197998,4.914,102.229,68.61,13664,2024-05-10 18:38:00,M,,,,
4224,2024-05-06 10:24:00,11149,12408.1,49.984,1.153973e+24,4.417299e+22,0.01199937,840.268,33783060000000,0.02624112,47.279,85225020000000,4610.35,56.003,109.406,0.09299605,2347.197998,4.914,102.229,68.61,13664,2024-05-10 18:57:00,M,,,,
4225,2024-05-06 10:24:00,11149,12408.1,49.984,1.153973e+24,4.417299e+22,0.01199937,840.268,33783060000000,0.02624112,47.279,85225020000000,4610.35,56.003,109.406,0.09299605,2347.197998,4.914,102.229,68.61,13664,2024-05-10 19:35:00,M,,,,
4226,2024-05-06 10:24:00,11149,12408.1,49.984,1.153973e+24,4.417299e+22,0.01199937,840.268,33783060000000,0.02624112,47.279,85225020000000,4610.35,56.003,109.406,0.09299605,2347.197998,4.914,102.229,68.61,13664,2024-05-10 19:56:00,M,,,,
4227,2024-05-06 10:24:00,11149,12408.1,49.984,1.153973e+24,4.417299e+22,0.01199937,840.268,33783060000000,0.02624112,47.279,85225020000000,4610.35,56.003,109.406,0.09299605,2347.197998,4.914,102.229,68.61,13664,2024-05-10 20:59:00,M,,,,
4228,2024-05-06 10:24:00,11149,12408.1,49.984,1.153973e+24,4.417299e+22,0.01199937,840.268,33783060000000,0.02624112,47.279,85225020000000,4610.35,56.003,109.406,0.09299605,2347.197998,4.914,102.229,68.61,13664,2024-05-10 21:15:00,M,,,,
4235,2024-05-06 10:24:00,11149,12408.1,49.984,1.153973e+24,4.417299e+22,0.01199937,840.268,33783060000000,0.02624112,47.279,85225020000000,4610.35,56.003,109.406,0.09299605,2347.197998,4.914,102.229,68.61,13664,2024-05-11 04:28:00,M,,,,
4236,2024-05-06 10:24:00,11149,12408.1,49.984,1.153973e+24,4.417299e+22,0.01199937,840.268,33783060000000,0.02624112,47.279,85225020000000,4610.35,56.003,109.406,0.09299605,2347.197998,4.914,102.229,68.61,13664,2024-05-11 07:26:00,M,,,,
4237,2024-05-06 10:24:00,11149,12408.1,49.984,1.153973e+24,4.417299e+22,0.01199937,840.268,33783060000000,0.02624112,47.279,85225020000000,4610.35,56.003,109.406,0.09299605,2347.197998,4.914,102.229,68.61,13664,2024-05-11 08:14:00,M,,,,
4238,2024-05-06 10:24:00,11149,12408.1,49.984,1.153973e+24,4.417299e+22,0.01199937,840.268,33783060000000,0.02624112,47.279,85225020000000,4610.35,56.003,109.406,0.09299605,2347.197998,4.914,102.229,68.61,13664,2024-05-11 08:45:00,M,,,,
4239,2024-05-06 10:24:00,11149,12408.1,49.984,1.153973e+24,4.417299e+22,0.01199937,840.268,33783060000000,0.02624112,47.279,85225020000000,4610.35,56.003,109.406,0.09299605,2347.197998,4.914,102.229,68.61,13664,2024-05-11 09:05:00,M,,,,
4240,2024-05-06 10:24:00,11149,12408.1,49.984,1.153973e+24,4.417299e+22,0.01199937,840.268,33783060000000,0.02624112,47.279,85225020000000,4610.35,56.003,109.406,0.09299605,2347.197998,4.914,102.229,68.61,13664,2024-05-11 10:03:00,M,,,,
4241,2024-05-06 10:24:00,11149,12408.1,49.984,1.153973e+24,4.417299e+22,0.01199937,840.268,33783060000000,0.02624112,47.279,85225020000000,4610.35,56.003,109.406,0.09299605,2347.197998,4.914,102.229,68.61,13664,2024-05-11 10:53:00,M,,,,
4242,2024-05-06 10:24:00,11149,12408.1,49.984,1.153973e+24,4.417299e+22,0.01199937,840.268,33783060000000,0.02624112,47.279,85225020000000,4610.35,56.003,109.406,0.09299605,2347.197998,4.914,102.229,68.61,13664,2024-05-11 11:15:00,X,,,,
4243,2024-05-06 10:24:00,11149,12408.1,49.984,1.153973e+24,4.417299e+22,0.01199937,840.268,33783060000000,0.02624112,47.279,85225020000000,4610.35,56.003,109.406,0.09299605,2347.197998,4.914,102.229,68.61,13664,2024-05-11 13:45:00,M,,,,
4245,2024-05-06 10:24:00,11149,12408.1,49.984,1.153973e+24,4.417299e+22,0.01199937,840.268,33783060000000,0.02624112,47.279,85225020000000,4610.35,56.003,109.406,0.09299605,2347.197998,4.914,102.229,68.61,13664,2024-05-11 16:27:00,M,,,,
4246,2024-05-06 10:24:00,11149,12408.1,49.984,1.153973e+24,4.417299e+22,0.01199937,840.268,33783060000000,0.02624112,47.279,85225020000000,4610.35,56.003,109.406,0.09299605,2347.197998,4.914,102.229,68.61,13664,2024-05-11 20:32:00,M,,,,
4247,2024-05-06 10:24:00,11149,12408.1,49.984,1.153973e+24,4.417299e+22,0.01199937,840.268,33783060000000,0.02624112,47.279,85225020000000,4610.35,56.003,109.406,0.09299605,2347.197998,4.914,102.229,68.61,13664,2024-05-12 00:41:00,M,,,,
4248,2024-05-06 10:24:00,11149,12408.1,49.984,1.153973e+24,4.417299e+22,0.01199937,840.268,33783060000000,0.02624112,47.279,85225020000000,4610.35,56.003,109.406,0.09299605,2347.197998,4.914,102.229,68.61,13664,2024-05-12 12:27:00,M,,,,
4249,2024-05-06 10:24:00,11149,12408.1,49.984,1.153973e+24,4.417299e+22,0.01199937,840.268,33783060000000,0.02624112,47.279,85225020000000,4610.35,56.003,109.406,0.09299605,2347.197998,4.914,102.229,68.61,13664,2024-05-12 13:49:00,M,,,,
4250,2024-05-06 10:24:00,11149,12408.1,49.984,1.153973e+24,4.417299e+22,0.01199937,840.268,33783060000000,0.02624112,47.279,85225020000000,4610.35,56.003,109.406,0.09299605,2347.197998,4.914,102.229,68.61,13664,2024-05-12 16:11:00,X,,,,
4251,2024-05-06 10:24:00,11149,12408.1,49.984,1.153973e+24,4.417299e+22,0.01199937,840.268,33783060000000,0.02624112,47.279,85225020000000,4610.35,56.003,109.406,0.09299605,2347.197998,4.914,102.229,68.61,13664,2024-05-12 20:17:00,M,,,,
4252,2024-05-06 10:24:00,11149,12408.1,49.984,1.153973e+24,4.417299e+22,0.01199937,840.268,33783060000000,0.02624112,47.279,85225020000000,4610.35,56.003,109.406,0.09299605,2347.197998,4.914,102.229,68.61,13664,2024-05-12 22:01:00,M,,,,
4253,2024-05-06 10:24:00,11149,12408.1,49.984,1.153973e+24,4.417299e+22,0.01199937,840.268,33783060000000,0.02624112,47.279,85225020000000,4610.35,56.003,109.406,0.09299605,2347.197998,4.914,102.229,68.61,13664,2024-05-12 22:14:00,M,,,,
4254,2024-05-06 10:24:00,11149,12408.1,49.984,1.153973e+24,4.417299e+22,0.01199937,840.268,33783060000000,0.02624112,47.279,85225020000000,4610.35,56.003,109.406,0.09299605,2347.197998,4.914,102.229,68.61,13664,2024-05-12 23:00:00,M,,,,
4255,2024-05-06 10:24:00,11149,12408.1,49.984,1.153973e+24,4.417299e+22,0.01199937,840.268,33783060000000,0.02624112,47.279,85225020000000,4610.35,56.003,109.406,0.09299605,2347.197998,4.914,102.229,68.61,13664,2024-05-13 01:23:00,M,,,,
4424,2024-05-06 10:24:00,11149,12408.1,49.984,1.153973e+24,4.417299e+22,0.01199937,840.268,33783060000000,0.02624112,47.279,85225020000000,4610.35,56.003,109.406,0.09299605,2347.197998,4.914,102.229,68.61,13664,2024-05-13 12:56:00,M,,,,
4425,2024-05-06 10:24:00,11149,12408.1,49.984,1.153973e+24,4.417299e+22,0.01199937,840.268,33783060000000,0.02624112,47.279,85225020000000,4610.35,56.003,109.406,0.09299605,2347.197998,4.914,102.229,68.61,13664,2024-05-13 14:12:00,M,,,,
4426,2024-05-06 10:24:00,11149,12408.1,49.984,1.153973e+24,4.417299e+22,0.01199937,840.268,33783060000000,0.02624112,47.279,85225020000000,4610.35,56.003,109.406,0.09299605,2347.197998,4.914,102.229,68.61,13664,2024-05-13 18:38:00,M,,,,
4427,2024-05-06 10:24:00,11149,12408.1,49.984,1.153973e+24,4.417299e+22,0.01199937,840.268,33783060000000,0.02624112,47.279,85225020000000,4610.35,56.003,109.406,0.09299605,2347.197998,4.914,102.229,68.61,13664,2024-05-13 21:48:00,M,,,,
4428,2024-05-06 10:24:00,11149,12408.1,49.984,1.153973e+24,4.417299e+22,0.01199937,840.268,33783060000000,0.02624112,47.279,85225020000000,4610.35,56.003,109.406,0.09299605,2347.197998,4.914,102.229,68.61,13664,2024-05-14 01:23:00,M,,,,
4434,2024-05-06 10:24:00,11149,12408.1,49.984,1.153973e+24,4.417299e+22,0.01199937,840.268,33783060000000,0.02624112,47.279,85225020000000,4610.35,56.003,109.406,0.09299605,2347.197998,4.914,102.229,68.61,13668,2024-05-07 08:28:00,M,,,,
4435,2024-05-06 10:36:00,11149,12426.41,49.974,1.15769e+24,4.42213e+22,0.01239766,869.671,38756090000000,0.02726858,47.273,85350910000000,4665.69,55.933,109.726,0.14026268,2360.254639,4.957,102.353,68.509,13664,2024-05-02 20:52:00,M,,,,
4436,2024-05-06 10:36:00,11149,12426.41,49.974,1.15769e+24,4.42213e+22,0.01239766,869.671,38756090000000,0.02726858,47.273,85350910000000,4665.69,55.933,109.726,0.14026268,2360.254639,4.957,102.353,68.509,13664,2024-05-03 00:08:00,M,,,,
4437,2024-05-06 10:36:00,11149,12426.41,49.974,1.15769e+24,4.42213e+22,0.01239766,869.671,38756090000000,0.02726858,47.273,85350910000000,4665.69,55.933,109.726,0.14026268,2360.254639,4.957,102.353,68.509,13664,2024-05-05 09:23:00,M,,,,
4438,2024-05-06 10:36:00,11149,12426.41,49.974,1.15769e+24,4.42213e+22,0.01239766,869.671,38756090000000,0.02726858,47.273,85350910000000,4665.69,55.933,109.726,0.14026268,2360.254639,4.957,102.353,68.509,13664,2024-05-05 16:55:00,M,,,,
4439,2024-05-06 10:36:00,11149,12426.41,49.974,1.15769e+24,4.42213e+22,0.01239766,869.671,38756090000000,0.02726858,47.273,85350910000000,4665.69,55.933,109.726,0.14026268,2360.254639,4.957,102.353,68.509,13664,2024-05-05 18:34:00,M,,,,
4440,2024-05-06 10:36:00,11149,12426.41,49.974,1.15769e+24,4.42213e+22,0.01239766,869.671,38756090000000,0.02726858,47.273,85350910000000,4665.69,55.933,109.726,0.14026268,2360.254639,4.957,102.353,68.509,13664,2024-05-07 11:40:00,M,,,,
4441,2024-05-06 10:36:00,11149,12426.41,49.974,1.15769e+24,4.42213e+22,0.01239766,869.671,38756090000000,0.02726858,47.273,85350910000000,4665.69,55.933,109.726,0.14026268,2360.254639,4.957,102.353,68.509,13664,2024-05-07 19:58:00,M,,,,
4442,2024-05-06 10:36:00,11149,12426.41,49.974,1.15769e+24,4.42213e+22,0.01239766,869.671,38756090000000,0.02726858,47.273,85350910000000,4665.69,55.933,109.726,0.14026268,2360.254639,4.957,102.353,68.509,13664,2024-05-07 20:45:00,M,,,,
4443,2024-05-06 10:36:00,11149,12426.41,49.974,1.15769e+24,4.42213e+22,0.01239766,869.671,38756090000000,0.02726858,47.273,85350910000000,4665.69,55.933,109.726,0.14026268,2360.254639,4.957,102.353,68.509,13664,2024-05-07 22:55:00,M,,,,
4444,2024-05-06 10:36:00,11149,12426.41,49.974,1.15769e+24,4.42213e+22,0.01239766,869.671,38756090000000,0.02726858,47.273,85350910000000,4665.69,55.933,109.726,0.14026268,2360.254639,4.957,102.353,68.509,13664,2024-05-08 02:16:00,M,,,,
4445,2024-05-06 10:36:00,11149,12426.41,49.974,1.15769e+24,4.42213e+22,0.01239766,869.671,38756090000000,0.02726858,47.273,85350910000000,4665.69,55.933,109.726,0.14026268,2360.254639,4.957,102.353,68.509,13664,2024-05-08 03:19:00,M,,,,
4446,2024-05-06 10:36:00,11149,12426.41,49.974,1.15769e+24,4.42213e+22,0.01239766,869.671,38756090000000,0.02726858,47.273,85350910000000,4665.69,55.933,109.726,0.14026268,2360.254639,4.957,102.353,68.509,13664,2024-05-08 03:38:00,M,,,,
4447,2024-05-06 10:36:00,11149,12426.41,49.974,1.15769e+24,4.42213e+22,0.01239766,869.671,38756090000000,0.02726858,47.273,85350910000000,4665.69,55.933,109.726,0.14026268,2360.254639,4.957,102.353,68.509,13664,2024-05-08 04:20:00,M,2024-05-08 05:36:00,CME,2024-05-10 13:35:00,SEP
4448,2024-05-06 10:36:00,11149,12426.41,49.974,1.15769e+24,4.42213e+22,0.01239766,869.671,38756090000000,0.02726858,47.273,85350910000000,4665.69,55.933,109.726,0.14026268,2360.254639,4.957,102.353,68.509,13664,2024-05-08 04:20:00,M,2024-05-08 05:36:00,CME,2024-05-10 14:50:00,SEP
4449,2024-05-06 10:36:00,11149,12426.41,49.974,1.15769e+24,4.42213e+22,0.01239766,869.671,38756090000000,0.02726858,47.273,85350910000000,4665.69,55.933,109.726,0.14026268,2360.254639,4.957,102.353,68.509,13664,2024-05-08 04:20:00,M,2024-05-08 05:36:00,CME,2024-05-10 13:35:00,SEP
4450,2024-05-06 10:36:00,11149,12426.41,49.974,1.15769e+24,4.42213e+22,0.01239766,869.671,38756090000000,0.02726858,47.273,85350910000000,4665.69,55.933,109.726,0.14026268,2360.254639,4.957,102.353,68.509,13664,2024-05-08 04:20:00,M,2024-05-08 05:36:00,CME,2024-05-10 14:50:00,SEP
4451,2024-05-06 10:36:00,11149,12426.41,49.974,1.15769e+24,4.42213e+22,0.01239766,869.671,38756090000000,0.02726858,47.273,85350910000000,4665.69,55.933,109.726,0.14026268,2360.254639,4.957,102.353,68.509,13664,2024-05-08 04:20:00,M,2024-05-08 05:36:00,CME,2024-05-10 13:35:00,SEP
4452,2024-05-06 10:36:00,11149,12426.41,49.974,1.15769e+24,4.42213e+22,0.01239766,869.671,38756090000000,0.02726858,47.273,85350910000000,4665.69,55.933,109.726,0.14026268,2360.254639,4.957,102.353,68.509,13664,2024-05-08 04:20:00,M,2024-05-08 05:36:00,CME,2024-05-10 14:50:00,SEP
4453,2024-05-06 10:36:00,11149,12426.41,49.974,1.15769e+24,4.42213e+22,0.01239766,869.671,38756090000000,0.02726858,47.273,85350910000000,4665.69,55.933,109.726,0.14026268,2360.254639,4.957,102.353,68.509,13664,2024-05-08 04:37:00,X,2024-05-08 05:36:00,CME,2024-05-10 13:35:00,SEP
4454,2024-05-06 10:36:00,11149,12426.41,49.974,1.15769e+24,4.42213e+22,0.01239766,869.671,38756090000000,0.02726858,47.273,85350910000000,4665.69,55.933,109.726,0.14026268,2360.254639,4.957,102.353,68.509,13664,2024-05-08 04:37:00,X,2024-05-08 05:36:00,CME,2024-05-10 14:50:00,SEP
4455,2024-05-06 10:36:00,11149,12426.41,49.974,1.15769e+24,4.42213e+22,0.01239766,869.671,38756090000000,0.02726858,47.273,85350910000000,4665.69,55.933,109.726,0.14026268,2360.254639,4.957,102.353,68.509,13664,2024-05-08 04:37:00,X,2024-05-08 05:36:00,CME,2024-05-10 13:35:00,SEP
4456,2024-05-06 10:36:00,11149,12426.41,49.974,1.15769e+24,4.42213e+22,0.01239766,869.671,38756090000000,0.02726858,47.273,85350910000000,4665.69,55.933,109.726,0.14026268,2360.254639,4.957,102.353,68.509,13664,2024-05-08 04:37:00,X,2024-05-08 05:36:00,CME,2024-05-10 14:50:00,SEP
4457,2024-05-06 10:36:00,11149,12426.41,49.974,1.15769e+24,4.42213e+22,0.01239766,869.671,38756090000000,0.02726858,47.273,85350910000000,4665.69,55.933,109.726,0.14026268,2360.254639,4.957,102.353,68.509,13664,2024-05-08 04:37:00,X,2024-05-08 05:36:00,CME,2024-05-10 13:35:00,SEP
4458,2024-05-06 10:36:00,11149,12426.41,49.974,1.15769e+24,4.42213e+22,0.01239766,869.671,38756090000000,0.02726858,47.273,85350910000000,4665.69,55.933,109.726,0.14026268,2360.254639,4.957,102.353,68.509,13664,2024-05-08 04:37:00,X,2024-05-08 05:36:00,CME,2024-05-10 14:50:00,SEP
4459,2024-05-06 10:36:00,11149,12426.41,49.974,1.15769e+24,4.42213e+22,0.01239766,869.671,38756090000000,0.02726858,47.273,85350910000000,4665.69,55.933,109.726,0.14026268,2360.254639,4.957,102.353,68.509,13664,2024-05-08 06:44:00,M,,,,
4460,2024-05-06 10:36:00,11149,12426.41,49.974,1.15769e+24,4.42213e+22,0.01239766,869.671,38756090000000,0.02726858,47.273,85350910000000,4665.69,55.933,109.726,0.14026268,2360.254639,4.957,102.353,68.509,13664,2024-05-08 09:31:00,M,,,,
4467,2024-05-06 10:36:00,11149,12426.41,49.974,1.15769e+24,4.42213e+22,0.01239766,869.671,38756090000000,0.02726858,47.273,85350910000000,4665.69,55.933,109.726,0.14026268,2360.254639,4.957,102.353,68.509,13664,2024-05-08 17:32:00,M,,,,
4468,2024-05-06 10:36:00,11149,12426.41,49.974,1.15769e+24,4.42213e+22,0.01239766,869.671,38756090000000,0.02726858,47.273,85350910000000,4665.69,55.933,109.726,0.14026268,2360.254639,4.957,102.353,68.509,13664,2024-05-08 19:15:00,M,,,,
4469,2024-05-06 10:36:00,11149,12426.41,49.974,1.15769e+24,4.42213e+22,0.01239766,869.671,38756090000000,0.02726858,47.273,85350910000000,4665.69,55.933,109.726,0.14026268,2360.254639,4.957,102.353,68.509,13664,2024-05-08 20:27:00,M,,,,
4482,2024-05-06 10:36:00,11149,12426.41,49.974,1.15769e+24,4.42213e+22,0.01239766,869.671,38756090000000,0.02726858,47.273,85350910000000,4665.69,55.933,109.726,0.14026268,2360.254639,4.957,102.353,68.509,13664,2024-05-09 00:58:00,M,,,,
4483,2024-05-06 10:36:00,11149,12426.41,49.974,1.15769e+24,4.42213e+22,0.01239766,869.671,38756090000000,0.02726858,47.273,85350910000000,4665.69,55.933,109.726,0.14026268,2360.254639,4.957,102.353,68.509,13664,2024-05-09 03:07:00,M,,,,
4484,2024-05-06 10:36:00,11149,12426.41,49.974,1.15769e+24,4.42213e+22,0.01239766,869.671,38756090000000,0.02726858,47.273,85350910000000,4665.69,55.933,109.726,0.14026268,2360.254639,4.957,102.353,68.509,13664,2024-05-09 03:23:00,M,,,,
4485,2024-05-06 10:36:00,11149,12426.41,49.974,1.15769e+24,4.42213e+22,0.01239766,869.671,38756090000000,0.02726858,47.273,85350910000000,4665.69,55.933,109.726,0.14026268,2360.254639,4.957,102.353,68.509,13664,2024-05-09 04:44:00,M,,,,
4486,2024-05-06 10:36:00,11149,12426.41,49.974,1.15769e+24,4.42213e+22,0.01239766,869.671,38756090000000,0.02726858,47.273,85350910000000,4665.69,55.933,109.726,0.14026268,2360.254639,4.957,102.353,68.509,13664,2024-05-09 05:35:00,M,,,,
4487,2024-05-06 10:36:00,11149,12426.41,49.974,1.15769e+24,4.42213e+22,0.01239766,869.671,38756090000000,0.02726858,47.273,85350910000000,4665.69,55.933,109.726,0.14026268,2360.254639,4.957,102.353,68.509,13664,2024-05-09 06:03:00,M,,,,
4488,2024-05-06 10:36:00,11149,12426.41,49.974,1.15769e+24,4.42213e+22,0.01239766,869.671,38756090000000,0.02726858,47.273,85350910000000,4665.69,55.933,109.726,0.14026268,2360.254639,4.957,102.353,68.509,13664,2024-05-09 06:24:00,M,,,,
4489,2024-05-06 10:36:00,11149,12426.41,49.974,1.15769e+24,4.42213e+22,0.01239766,869.671,38756090000000,0.02726858,47.273,85350910000000,4665.69,55.933,109.726,0.14026268,2360.254639,4.957,102.353,68.509,13664,2024-05-09 07:54:00,M,,,,
4490,2024-05-06 10:36:00,11149,12426.41,49.974,1.15769e+24,4.42213e+22,0.01239766,869.671,38756090000000,0.02726858,47.273,85350910000000,4665.69,55.933,109.726,0.14026268,2360.254639,4.957,102.353,68.509,13664,2024-05-09 08:30:00,M,,,,
4533,2024-05-06 10:36:00,11149,12426.41,49.974,1.15769e+24,4.42213e+22,0.01239766,869.671,38756090000000,0.02726858,47.273,85350910000000,4665.69,55.933,109.726,0.14026268,2360.254639,4.957,102.353,68.509,13664,2024-05-09 11:52:00,M,,,,
4534,2024-05-06 10:36:00,11149,12426.41,49.974,1.15769e+24,4.42213e+22,0.01239766,869.671,38756090000000,0.02726858,47.273,85350910000000,4665.69,55.933,109.726,0.14026268,2360.254639,4.957,102.353,68.509,13664,2024-05-09 12:05:00,M,,,,
4535,2024-05-06 10:36:00,11149,12426.41,49.974,1.15769e+24,4.42213e+22,0.01239766,869.671,38756090000000,0.02726858,47.273,85350910000000,4665.69,55.933,109.726,0.14026268,2360.254639,4.957,102.353,68.509,13664,2024-05-09 13:16:00,M,,,,
4536,2024-05-06 10:36:00,11149,12426.41,49.974,1.15769e+24,4.42213e+22,0.01239766,869.671,38756090000000,0.02726858,47.273,85350910000000,4665.69,55.933,109.726,0.14026268,2360.254639,4.957,102.353,68.509,13664,2024-05-09 14:01:00,M,,,,
4557,2024-05-06 10:36:00,11149,12426.41,49.974,1.15769e+24,4.42213e+22,0.01239766,869.671,38756090000000,0.02726858,47.273,85350910000000,4665.69,55.933,109.726,0.14026268,2360.254639,4.957,102.353,68.509,13664,2024-05-09 22:08:00,M,,,,
4558,2024-05-06 10:36:00,11149,12426.41,49.974,1.15769e+24,4.42213e+22,0.01239766,869.671,38756090000000,0.02726858,47.273,85350910000000,4665.69,55.933,109.726,0.14026268,2360.254639,4.957,102.353,68.509,13664,2024-05-09 22:24:00,M,,,,
4559,2024-05-06 10:36:00,11149,12426.41,49.974,1.15769e+24,4.42213e+22,0.01239766,869.671,38756090000000,0.02726858,47.273,85350910000000,4665.69,55.933,109.726,0.14026268,2360.254639,4.957,102.353,68.509,13664,2024-05-09 23:44:00,M,,,,
4560,2024-05-06 10:36:00,11149,12426.41,49.974,1.15769e+24,4.42213e+22,0.01239766,869.671,38756090000000,0.02726858,47.273,85350910000000,4665.69,55.933,109.726,0.14026268,2360.254639,4.957,102.353,68.509,13664,2024-05-10 00:10:00,M,,,,
4561,2024-05-06 10:36:00,11149,12426.41,49.974,1.15769e+24,4.42213e+22,0.01239766,869.671,38756090000000,0.02726858,47.273,85350910000000,4665.69,55.933,109.726,0.14026268,2360.254639,4.957,102.353,68.509,13664,2024-05-10 06:14:00,M,,,,
4582,2024-05-06 10:36:00,11149,12426.41,49.974,1.15769e+24,4.42213e+22,0.01239766,869.671,38756090000000,0.02726858,47.273,85350910000000,4665.69,55.933,109.726,0.14026268,2360.254639,4.957,102.353,68.509,13664,2024-05-10 10:10:00,M,,,,
4584,2024-05-06 10:36:00,11149,12426.41,49.974,1.15769e+24,4.42213e+22,0.01239766,869.671,38756090000000,0.02726858,47.273,85350910000000,4665.69,55.933,109.726,0.14026268,2360.254639,4.957,102.353,68.509,13664,2024-05-10 17:14:00,M,,,,
4585,2024-05-06 10:36:00,11149,12426.41,49.974,1.15769e+24,4.42213e+22,0.01239766,869.671,38756090000000,0.02726858,47.273,85350910000000,4665.69,55.933,109.726,0.14026268,2360.254639,4.957,102.353,68.509,13664,2024-05-10 17:54:00,M,,,,
4586,2024-05-06 10:36:00,11149,12426.41,49.974,1.15769e+24,4.42213e+22,0.01239766,869.671,38756090000000,0.02726858,47.273,85350910000000,4665.69,55.933,109.726,0.14026268,2360.254639,4.957,102.353,68.509,13664,2024-05-10 18:26:00,M,,,,
4587,2024-05-06 10:36:00,11149,12426.41,49.974,1.15769e+24,4.42213e+22,0.01239766,869.671,38756090000000,0.02726858,47.273,85350910000000,4665.69,55.933,109.726,0.14026268,2360.254639,4.957,102.353,68.509,13664,2024-05-10 18:38:00,M,,,,
4588,2024-05-06 10:36:00,11149,12426.41,49.974,1.15769e+24,4.42213e+22,0.01239766,869.671,38756090000000,0.02726858,47.273,85350910000000,4665.69,55.933,109.726,0.14026268,2360.254639,4.957,102.353,68.509,13664,2024-05-10 18:57:00,M,,,,
4589,2024-05-06 10:36:00,11149,12426.41,49.974,1.15769e+24,4.42213e+22,0.01239766,869.671,38756090000000,0.02726858,47.273,85350910000000,4665.69,55.933,109.726,0.14026268,2360.254639,4.957,102.353,68.509,13664,2024-05-10 19:35:00,M,,,,
4590,2024-05-06 10:36:00,11149,12426.41,49.974,1.15769e+24,4.42213e+22,0.01239766,869.671,38756090000000,0.02726858,47.273,85350910000000,4665.69,55.933,109.726,0.14026268,2360.254639,4.957,102.353,68.509,13664,2024-05-10 19:56:00,M,,,,
4591,2024-05-06 10:36:00,11149,12426.41,49.974,1.15769e+24,4.42213e+22,0.01239766,869.671,38756090000000,0.02726858,47.273,85350910000000,4665.69,55.933,109.726,0.14026268,2360.254639,4.957,102.353,68.509,13664,2024-05-10 20:59:00,M,,,,
4592,2024-05-06 10:36:00,11149,12426.41,49.974,1.15769e+24,4.42213e+22,0.01239766,869.671,38756090000000,0.02726858,47.273,85350910000000,4665.69,55.933,109.726,0.14026268,2360.254639,4.957,102.353,68.509,13664,2024-05-10 21:15:00,M,,,,
4599,2024-05-06 10:36:00,11149,12426.41,49.974,1.15769e+24,4.42213e+22,0.01239766,869.671,38756090000000,0.02726858,47.273,85350910000000,4665.69,55.933,109.726,0.14026268,2360.254639,4.957,102.353,68.509,13664,2024-05-11 04:28:00,M,,,,
4600,2024-05-06 10:36:00,11149,12426.41,49.974,1.15769e+24,4.42213e+22,0.01239766,869.671,38756090000000,0.02726858,47.273,85350910000000,4665.69,55.933,109.726,0.14026268,2360.254639,4.957,102.353,68.509,13664,2024-05-11 07:26:00,M,,,,
4601,2024-05-06 10:36:00,11149,12426.41,49.974,1.15769e+24,4.42213e+22,0.01239766,869.671,38756090000000,0.02726858,47.273,85350910000000,4665.69,55.933,109.726,0.14026268,2360.254639,4.957,102.353,68.509,13664,2024-05-11 08:14:00,M,,,,
4602,2024-05-06 10:36:00,11149,12426.41,49.974,1.15769e+24,4.42213e+22,0.01239766,869.671,38756090000000,0.02726858,47.273,85350910000000,4665.69,55.933,109.726,0.14026268,2360.254639,4.957,102.353,68.509,13664,2024-05-11 08:45:00,M,,,,
4603,2024-05-06 10:36:00,11149,12426.41,49.974,1.15769e+24,4.42213e+22,0.01239766,869.671,38756090000000,0.02726858,47.273,85350910000000,4665.69,55.933,109.726,0.14026268,2360.254639,4.957,102.353,68.509,13664,2024-05-11 09:05:00,M,,,,
4604,2024-05-06 10:36:00,11149,12426.41,49.974,1.15769e+24,4.42213e+22,0.01239766,869.671,38756090000000,0.02726858,47.273,85350910000000,4665.69,55.933,109.726,0.14026268,2360.254639,4.957,102.353,68.509,13664,2024-05-11 10:03:00,M,,,,
4605,2024-05-06 10:36:00,11149,12426.41,49.974,1.15769e+24,4.42213e+22,0.01239766,869.671,38756090000000,0.02726858,47.273,85350910000000,4665.69,55.933,109.726,0.14026268,2360.254639,4.957,102.353,68.509,13664,2024-05-11 10:53:00,M,,,,
4606,2024-05-06 10:36:00,11149,12426.41,49.974,1.15769e+24,4.42213e+22,0.01239766,869.671,38756090000000,0.02726858,47.273,85350910000000,4665.69,55.933,109.726,0.14026268,2360.254639,4.957,102.353,68.509,13664,2024-05-11 11:15:00,X,,,,
4607,2024-05-06 10:36:00,11149,12426.41,49.974,1.15769e+24,4.42213e+22,0.01239766,869.671,38756090000000,0.02726858,47.273,85350910000000,4665.69,55.933,109.726,0.14026268,2360.254639,4.957,102.353,68.509,13664,2024-05-11 13:45:00,M,,,,
4609,2024-05-06 10:36:00,11149,12426.41,49.974,1.15769e+24,4.42213e+22,0.01239766,869.671,38756090000000,0.02726858,47.273,85350910000000,4665.69,55.933,109.726,0.14026268,2360.254639,4.957,102.353,68.509,13664,2024-05-11 16:27:00,M,,,,
4610,2024-05-06 10:36:00,11149,12426.41,49.974,1.15769e+24,4.42213e+22,0.01239766,869.671,38756090000000,0.02726858,47.273,85350910000000,4665.69,55.933,109.726,0.14026268,2360.254639,4.957,102.353,68.509,13664,2024-05-11 20:32:00,M,,,,
4611,2024-05-06 10:36:00,11149,12426.41,49.974,1.15769e+24,4.42213e+22,0.01239766,869.671,38756090000000,0.02726858,47.273,85350910000000,4665.69,55.933,109.726,0.14026268,2360.254639,4.957,102.353,68.509,13664,2024-05-12 00:41:00,M,,,,
4612,2024-05-06 10:36:00,11149,12426.41,49.974,1.15769e+24,4.42213e+22,0.01239766,869.671,38756090000000,0.02726858,47.273,85350910000000,4665.69,55.933,109.726,0.14026268,2360.254639,4.957,102.353,68.509,13664,2024-05-12 12:27:00,M,,,,
4613,2024-05-06 10:36:00,11149,12426.41,49.974,1.15769e+24,4.42213e+22,0.01239766,869.671,38756090000000,0.02726858,47.273,85350910000000,4665.69,55.933,109.726,0.14026268,2360.254639,4.957,102.353,68.509,13664,2024-05-12 13:49:00,M,,,,
4614,2024-05-06 10:36:00,11149,12426.41,49.974,1.15769e+24,4.42213e+22,0.01239766,869.671,38756090000000,0.02726858,47.273,85350910000000,4665.69,55.933,109.726,0.14026268,2360.254639,4.957,102.353,68.509,13664,2024-05-12 16:11:00,X,,,,
4615,2024-05-06 10:36:00,11149,12426.41,49.974,1.15769e+24,4.42213e+22,0.01239766,869.671,38756090000000,0.02726858,47.273,85350910000000,4665.69,55.933,109.726,0.14026268,2360.254639,4.957,102.353,68.509,13664,2024-05-12 20:17:00,M,,,,
4616,2024-05-06 10:36:00,11149,12426.41,49.974,1.15769e+24,4.42213e+22,0.01239766,869.671,38756090000000,0.02726858,47.273,85350910000000,4665.69,55.933,109.726,0.14026268,2360.254639,4.957,102.353,68.509,13664,2024-05-12 22:01:00,M,,,,
4617,2024-05-06 10:36:00,11149,12426.41,49.974,1.15769e+24,4.42213e+22,0.01239766,869.671,38756090000000,0.02726858,47.273,85350910000000,4665.69,55.933,109.726,0.14026268,2360.254639,4.957,102.353,68.509,13664,2024-05-12 22:14:00,M,,,,
4618,2024-05-06 10:36:00,11149,12426.41,49.974,1.15769e+24,4.42213e+22,0.01239766,869.671,38756090000000,0.02726858,47.273,85350910000000,4665.69,55.933,109.726,0.14026268,2360.254639,4.957,102.353,68.509,13664,2024-05-12 23:00:00,M,,,,
4619,2024-05-06 10:36:00,11149,12426.41,49.974,1.15769e+24,4.42213e+22,0.01239766,869.671,38756090000000,0.02726858,47.273,85350910000000,4665.69,55.933,109.726,0.14026268,2360.254639,4.957,102.353,68.509,13664,2024-05-13 01:23:00,M,,,,
4788,2024-05-06 10:36:00,11149,12426.41,49.974,1.15769e+24,4.42213e+22,0.01239766,869.671,38756090000000,0.02726858,47.273,85350910000000,4665.69,55.933,109.726,0.14026268,2360.254639,4.957,102.353,68.509,13664,2024-05-13 12:56:00,M,,,,
4789,2024-05-06 10:36:00,11149,12426.41,49.974,1.15769e+24,4.42213e+22,0.01239766,869.671,38756090000000,0.02726858,47.273,85350910000000,4665.69,55.933,109.726,0.14026268,2360.254639,4.957,102.353,68.509,13664,2024-05-13 14:12:00,M,,,,
4790,2024-05-06 10:36:00,11149,12426.41,49.974,1.15769e+24,4.42213e+22,0.01239766,869.671,38756090000000,0.02726858,47.273,85350910000000,4665.69,55.933,109.726,0.14026268,2360.254639,4.957,102.353,68.509,13664,2024-05-13 18:38:00,M,,,,
4791,2024-05-06 10:36:00,11149,12426.41,49.974,1.15769e+24,4.42213e+22,0.01239766,869.671,38756090000000,0.02726858,47.273,85350910000000,4665.69,55.933,109.726,0.14026268,2360.254639,4.957,102.353,68.509,13664,2024-05-13 21:48:00,M,,,,
4792,2024-05-06 10:36:00,11149,12426.41,49.974,1.15769e+24,4.42213e+22,0.01239766,869.671,38756090000000,0.02726858,47.273,85350910000000,4665.69,55.933,109.726,0.14026268,2360.254639,4.957,102.353,68.509,13664,2024-05-14 01:23:00,M,,,,
4798,2024-05-06 10:36:00,11149,12426.41,49.974,1.15769e+24,4.42213e+22,0.01239766,869.671,38756090000000,0.02726858,47.273,85350910000000,4665.69,55.933,109.726,0.14026268,2360.254639,4.957,102.353,68.509,13668,2024-05-07 08:28:00,M,,,,
4799,2024-05-06 10:48:00,11149,12378.09,50.057,1.160142e+24,4.407027e+22,0.01158967,817.872,34324030000000,0.02585213,47.419,84635370000000,4594.19,56.132,108.854,0.050887,2351.246582,4.96,101.349,67.762,13664,2024-05-02 20:52:00,M,,,,
4800,2024-05-06 10:48:00,11149,12378.09,50.057,1.160142e+24,4.407027e+22,0.01158967,817.872,34324030000000,0.02585213,47.419,84635370000000,4594.19,56.132,108.854,0.050887,2351.246582,4.96,101.349,67.762,13664,2024-05-03 00:08:00,M,,,,
4801,2024-05-06 10:48:00,11149,12378.09,50.057,1.160142e+24,4.407027e+22,0.01158967,817.872,34324030000000,0.02585213,47.419,84635370000000,4594.19,56.132,108.854,0.050887,2351.246582,4.96,101.349,67.762,13664,2024-05-05 09:23:00,M,,,,
4802,2024-05-06 10:48:00,11149,12378.09,50.057,1.160142e+24,4.407027e+22,0.01158967,817.872,34324030000000,0.02585213,47.419,84635370000000,4594.19,56.132,108.854,0.050887,2351.246582,4.96,101.349,67.762,13664,2024-05-05 16:55:00,M,,,,
4803,2024-05-06 10:48:00,11149,12378.09,50.057,1.160142e+24,4.407027e+22,0.01158967,817.872,34324030000000,0.02585213,47.419,84635370000000,4594.19,56.132,108.854,0.050887,2351.246582,4.96,101.349,67.762,13664,2024-05-05 18:34:00,M,,,,
4804,2024-05-06 10:48:00,11149,12378.09,50.057,1.160142e+24,4.407027e+22,0.01158967,817.872,34324030000000,0.02585213,47.419,84635370000000,4594.19,56.132,108.854,0.050887,2351.246582,4.96,101.349,67.762,13664,2024-05-07 11:40:00,M,,,,
4805,2024-05-06 10:48:00,11149,12378.09,50.057,1.160142e+24,4.407027e+22,0.01158967,817.872,34324030000000,0.02585213,47.419,84635370000000,4594.19,56.132,108.854,0.050887,2351.246582,4.96,101.349,67.762,13664,2024-05-07 19:58:00,M,,,,
4806,2024-05-06 10:48:00,11149,12378.09,50.057,1.160142e+24,4.407027e+22,0.01158967,817.872,34324030000000,0.02585213,47.419,84635370000000,4594.19,56.132,108.854,0.050887,2351.246582,4.96,101.349,67.762,13664,2024-05-07 20:45:00,M,,,,
4807,2024-05-06 10:48:00,11149,12378.09,50.057,1.160142e+24,4.407027e+22,0.01158967,817.872,34324030000000,0.02585213,47.419,84635370000000,4594.19,56.132,108.854,0.050887,2351.246582,4.96,101.349,67.762,13664,2024-05-07 22:55:00,M,,,,
4808,2024-05-06 10:48:00,11149,12378.09,50.057,1.160142e+24,4.407027e+22,0.01158967,817.872,34324030000000,0.02585213,47.419,84635370000000,4594.19,56.132,108.854,0.050887,2351.246582,4.96,101.349,67.762,13664,2024-05-08 02:16:00,M,,,,
4809,2024-05-06 10:48:00,11149,12378.09,50.057,1.160142e+24,4.407027e+22,0.01158967,817.872,34324030000000,0.02585213,47.419,84635370000000,4594.19,56.132,108.854,0.050887,2351.246582,4.96,101.349,67.762,13664,2024-05-08 03:19:00,M,,,,
4810,2024-05-06 10:48:00,11149,12378.09,50.057,1.160142e+24,4.407027e+22,0.01158967,817.872,34324030000000,0.02585213,47.419,84635370000000,4594.19,56.132,108.854,0.050887,2351.246582,4.96,101.349,67.762,13664,2024-05-08 03:38:00,M,,,,
4811,2024-05-06 10:48:00,11149,12378.09,50.057,1.160142e+24,4.407027e+22,0.01158967,817.872,34324030000000,0.02585213,47.419,84635370000000,4594.19,56.132,108.854,0.050887,2351.246582,4.96,101.349,67.762,13664,2024-05-08 04:20:00,M,2024-05-08 05:36:00,CME,2024-05-10 13:35:00,SEP
4812,2024-05-06 10:48:00,11149,12378.09,50.057,1.160142e+24,4.407027e+22,0.01158967,817.872,34324030000000,0.02585213,47.419,84635370000000,4594.19,56.132,108.854,0.050887,2351.246582,4.96,101.349,67.762,13664,2024-05-08 04:20:00,M,2024-05-08 05:36:00,CME,2024-05-10 14:50:00,SEP
4813,2024-05-06 10:48:00,11149,12378.09,50.057,1.160142e+24,4.407027e+22,0.01158967,817.872,34324030000000,0.02585213,47.419,84635370000000,4594.19,56.132,108.854,0.050887,2351.246582,4.96,101.349,67.762,13664,2024-05-08 04:20:00,M,2024-05-08 05:36:00,CME,2024-05-10 13:35:00,SEP
4814,2024-05-06 10:48:00,11149,12378.09,50.057,1.160142e+24,4.407027e+22,0.01158967,817.872,34324030000000,0.02585213,47.419,84635370000000,4594.19,56.132,108.854,0.050887,2351.246582,4.96,101.349,67.762,13664,2024-05-08 04:20:00,M,2024-05-08 05:36:00,CME,2024-05-10 14:50:00,SEP
4815,2024-05-06 10:48:00,11149,12378.09,50.057,1.160142e+24,4.407027e+22,0.01158967,817.872,34324030000000,0.02585213,47.419,84635370000000,4594.19,56.132,108.854,0.050887,2351.246582,4.96,101.349,67.762,13664,2024-05-08 04:20:00,M,2024-05-08 05:36:00,CME,2024-05-10 13:35:00,SEP
4816,2024-05-06 10:48:00,11149,12378.09,50.057,1.160142e+24,4.407027e+22,0.01158967,817.872,34324030000000,0.02585213,47.419,84635370000000,4594.19,56.132,108.854,0.050887,2351.246582,4.96,101.349,67.762,13664,2024-05-08 04:20:00,M,2024-05-08 05:36:00,CME,2024-05-10 14:50:00,SEP
4817,2024-05-06 10:48:00,11149,12378.09,50.057,1.160142e+24,4.407027e+22,0.01158967,817.872,34324030000000,0.02585213,47.419,84635370000000,4594.19,56.132,108.854,0.050887,2351.246582,4.96,101.349,67.762,13664,2024-05-08 04:37:00,X,2024-05-08 05:36:00,CME,2024-05-10 13:35:00,SEP
4818,2024-05-06 10:48:00,11149,12378.09,50.057,1.160142e+24,4.407027e+22,0.01158967,817.872,34324030000000,0.02585213,47.419,84635370000000,4594.19,56.132,108.854,0.050887,2351.246582,4.96,101.349,67.762,13664,2024-05-08 04:37:00,X,2024-05-08 05:36:00,CME,2024-05-10 14:50:00,SEP
4819,2024-05-06 10:48:00,11149,12378.09,50.057,1.160142e+24,4.407027e+22,0.01158967,817.872,34324030000000,0.02585213,47.419,84635370000000,4594.19,56.132,108.854,0.050887,2351.246582,4.96,101.349,67.762,13664,2024-05-08 04:37:00,X,2024-05-08 05:36:00,CME,2024-05-10 13:35:00,SEP
4820,2024-05-06 10:48:00,11149,12378.09,50.057,1.160142e+24,4.407027e+22,0.01158967,817.872,34324030000000,0.02585213,47.419,84635370000000,4594.19,56.132,108.854,0.050887,2351.246582,4.96,101.349,67.762,13664,2024-05-08 04:37:00,X,2024-05-08 05:36:00,CME,2024-05-10 14:50:00,SEP
4821,2024-05-06 10:48:00,11149,12378.09,50.057,1.160142e+24,4.407027e+22,0.01158967,817.872,34324030000000,0.02585213,47.419,84635370000000,4594.19,56.132,108.854,0.050887,2351.246582,4.96,101.349,67.762,13664,2024-05-08 04:37:00,X,2024-05-08 05:36:00,CME,2024-05-10 13:35:00,SEP
4822,2024-05-06 10:48:00,11149,12378.09,50.057,1.160142e+24,4.407027e+22,0.01158967,817.872,34324030000000,0.02585213,47.419,84635370000000,4594.19,56.132,108.854,0.050887,2351.246582,4.96,101.349,67.762,13664,2024-05-08 04:37:00,X,2024-05-08 05:36:00,CME,2024-05-10 14:50:00,SEP
4823,2024-05-06 10:48:00,11149,12378.09,50.057,1.160142e+24,4.407027e+22,0.01158967,817.872,34324030000000,0.02585213,47.419,84635370000000,4594.19,56.132,108.854,0.050887,2351.246582,4.96,101.349,67.762,13664,2024-05-08 06:44:00,M,,,,
4824,2024-05-06 10:48:00,11149,12378.09,50.057,1.160142e+24,4.407027e+22,0.01158967,817.872,34324030000000,0.02585213,47.419,84635370000000,4594.19,56.132,108.854,0.050887,2351.246582,4.96,101.349,67.762,13664,2024-05-08 09:31:00,M,,,,
4831,2024-05-06 10:48:00,11149,12378.09,50.057,1.160142e+24,4.407027e+22,0.01158967,817.872,34324030000000,0.02585213,47.419,84635370000000,4594.19,56.132,108.854,0.050887,2351.246582,4.96,101.349,67.762,13664,2024-05-08 17:32:00,M,,,,
4832,2024-05-06 10:48:00,11149,12378.09,50.057,1.160142e+24,4.407027e+22,0.01158967,817.872,34324030000000,0.02585213,47.419,84635370000000,4594.19,56.132,108.854,0.050887,2351.246582,4.96,101.349,67.762,13664,2024-05-08 19:15:00,M,,,,
4833,2024-05-06 10:48:00,11149,12378.09,50.057,1.160142e+24,4.407027e+22,0.01158967,817.872,34324030000000,0.02585213,47.419,84635370000000,4594.19,56.132,108.854,0.050887,2351.246582,4.96,101.349,67.762,13664,2024-05-08 20:27:00,M,,,,
4846,2024-05-06 10:48:00,11149,12378.09,50.057,1.160142e+24,4.407027e+22,0.01158967,817.872,34324030000000,0.02585213,47.419,84635370000000,4594.19,56.132,108.854,0.050887,2351.246582,4.96,101.349,67.762,13664,2024-05-09 00:58:00,M,,,,
4847,2024-05-06 10:48:00,11149,12378.09,50.057,1.160142e+24,4.407027e+22,0.01158967,817.872,34324030000000,0.02585213,47.419,84635370000000,4594.19,56.132,108.854,0.050887,2351.246582,4.96,101.349,67.762,13664,2024-05-09 03:07:00,M,,,,
4848,2024-05-06 10:48:00,11149,12378.09,50.057,1.160142e+24,4.407027e+22,0.01158967,817.872,34324030000000,0.02585213,47.419,84635370000000,4594.19,56.132,108.854,0.050887,2351.246582,4.96,101.349,67.762,13664,2024-05-09 03:23:00,M,,,,
4849,2024-05-06 10:48:00,11149,12378.09,50.057,1.160142e+24,4.407027e+22,0.01158967,817.872,34324030000000,0.02585213,47.419,84635370000000,4594.19,56.132,108.854,0.050887,2351.246582,4.96,101.349,67.762,13664,2024-05-09 04:44:00,M,,,,
4850,2024-05-06 10:48:00,11149,12378.09,50.057,1.160142e+24,4.407027e+22,0.01158967,817.872,34324030000000,0.02585213,47.419,84635370000000,4594.19,56.132,108.854,0.050887,2351.246582,4.96,101.349,67.762,13664,2024-05-09 05:35:00,M,,,,
4851,2024-05-06 10:48:00,11149,12378.09,50.057,1.160142e+24,4.407027e+22,0.01158967,817.872,34324030000000,0.02585213,47.419,84635370000000,4594.19,56.132,108.854,0.050887,2351.246582,4.96,101.349,67.762,13664,2024-05-09 06:03:00,M,,,,
4852,2024-05-06 10:48:00,11149,12378.09,50.057,1.160142e+24,4.407027e+22,0.01158967,817.872,34324030000000,0.02585213,47.419,84635370000000,4594.19,56.132,108.854,0.050887,2351.246582,4.96,101.349,67.762,13664,2024-05-09 06:24:00,M,,,,
4853,2024-05-06 10:48:00,11149,12378.09,50.057,1.160142e+24,4.407027e+22,0.01158967,817.872,34324030000000,0.02585213,47.419,84635370000000,4594.19,56.132,108.854,0.050887,2351.246582,4.96,101.349,67.762,13664,2024-05-09 07:54:00,M,,,,
4854,2024-05-06 10:48:00,11149,12378.09,50.057,1.160142e+24,4.407027e+22,0.01158967,817.872,34324030000000,0.02585213,47.419,84635370000000,4594.19,56.132,108.854,0.050887,2351.246582,4.96,101.349,67.762,13664,2024-05-09 08:30:00,M,,,,
4897,2024-05-06 10:48:00,11149,12378.09,50.057,1.160142e+24,4.407027e+22,0.01158967,817.872,34324030000000,0.02585213,47.419,84635370000000,4594.19,56.132,108.854,0.050887,2351.246582,4.96,101.349,67.762,13664,2024-05-09 11:52:00,M,,,,
4898,2024-05-06 10:48:00,11149,12378.09,50.057,1.160142e+24,4.407027e+22,0.01158967,817.872,34324030000000,0.02585213,47.419,84635370000000,4594.19,56.132,108.854,0.050887,2351.246582,4.96,101.349,67.762,13664,2024-05-09 12:05:00,M,,,,
4899,2024-05-06 10:48:00,11149,12378.09,50.057,1.160142e+24,4.407027e+22,0.01158967,817.872,34324030000000,0.02585213,47.419,84635370000000,4594.19,56.132,108.854,0.050887,2351.246582,4.96,101.349,67.762,13664,2024-05-09 13:16:00,M,,,,
4900,2024-05-06 10:48:00,11149,12378.09,50.057,1.160142e+24,4.407027e+22,0.01158967,817.872,34324030000000,0.02585213,47.419,84635370000000,4594.19,56.132,108.854,0.050887,2351.246582,4.96,101.349,67.762,13664,2024-05-09 14:01:00,M,,,,
4921,2024-05-06 10:48:00,11149,12378.09,50.057,1.160142e+24,4.407027e+22,0.01158967,817.872,34324030000000,0.02585213,47.419,84635370000000,4594.19,56.132,108.854,0.050887,2351.246582,4.96,101.349,67.762,13664,2024-05-09 22:08:00,M,,,,
4922,2024-05-06 10:48:00,11149,12378.09,50.057,1.160142e+24,4.407027e+22,0.01158967,817.872,34324030000000,0.02585213,47.419,84635370000000,4594.19,56.132,108.854,0.050887,2351.246582,4.96,101.349,67.762,13664,2024-05-09 22:24:00,M,,,,
4923,2024-05-06 10:48:00,11149,12378.09,50.057,1.160142e+24,4.407027e+22,0.01158967,817.872,34324030000000,0.02585213,47.419,84635370000000,4594.19,56.132,108.854,0.050887,2351.246582,4.96,101.349,67.762,13664,2024-05-09 23:44:00,M,,,,
4924,2024-05-06 10:48:00,11149,12378.09,50.057,1.160142e+24,4.407027e+22,0.01158967,817.872,34324030000000,0.02585213,47.419,84635370000000,4594.19,56.132,108.854,0.050887,2351.246582,4.96,101.349,67.762,13664,2024-05-10 00:10:00,M,,,,
4925,2024-05-06 10:48:00,11149,12378.09,50.057,1.160142e+24,4.407027e+22,0.01158967,817.872,34324030000000,0.02585213,47.419,84635370000000,4594.19,56.132,108.854,0.050887,2351.246582,4.96,101.349,67.762,13664,2024-05-10 06:14:00,M,,,,
4946,2024-05-06 10:48:00,11149,12378.09,50.057,1.160142e+24,4.407027e+22,0.01158967,817.872,34324030000000,0.02585213,47.419,84635370000000,4594.19,56.132,108.854,0.050887,2351.246582,4.96,101.349,67.762,13664,2024-05-10 10:10:00,M,,,,
4948,2024-05-06 10:48:00,11149,12378.09,50.057,1.160142e+24,4.407027e+22,0.01158967,817.872,34324030000000,0.02585213,47.419,84635370000000,4594.19,56.132,108.854,0.050887,2351.246582,4.96,101.349,67.762,13664,2024-05-10 17:14:00,M,,,,
4949,2024-05-06 10:48:00,11149,12378.09,50.057,1.160142e+24,4.407027e+22,0.01158967,817.872,34324030000000,0.02585213,47.419,84635370000000,4594.19,56.132,108.854,0.050887,2351.246582,4.96,101.349,67.762,13664,2024-05-10 17:54:00,M,,,,
4950,2024-05-06 10:48:00,11149,12378.09,50.057,1.160142e+24,4.407027e+22,0.01158967,817.872,34324030000000,0.02585213,47.419,84635370000000,4594.19,56.132,108.854,0.050887,2351.246582,4.96,101.349,67.762,13664,2024-05-10 18:26:00,M,,,,
4951,2024-05-06 10:48:00,11149,12378.09,50.057,1.160142e+24,4.407027e+22,0.01158967,817.872,34324030000000,0.02585213,47.419,84635370000000,4594.19,56.132,108.854,0.050887,2351.246582,4.96,101.349,67.762,13664,2024-05-10 18:38:00,M,,,,
4952,2024-05-06 10:48:00,11149,12378.09,50.057,1.160142e+24,4.407027e+22,0.01158967,817.872,34324030000000,0.02585213,47.419,84635370000000,4594.19,56.132,108.854,0.050887,2351.246582,4.96,101.349,67.762,13664,2024-05-10 18:57:00,M,,,,
4953,2024-05-06 10:48:00,11149,12378.09,50.057,1.160142e+24,4.407027e+22,0.01158967,817.872,34324030000000,0.02585213,47.419,84635370000000,4594.19,56.132,108.854,0.050887,2351.246582,4.96,101.349,67.762,13664,2024-05-10 19:35:00,M,,,,
4954,2024-05-06 10:48:00,11149,12378.09,50.057,1.160142e+24,4.407027e+22,0.01158967,817.872,34324030000000,0.02585213,47.419,84635370000000,4594.19,56.132,108.854,0.050887,2351.246582,4.96,101.349,67.762,13664,2024-05-10 19:56:00,M,,,,
4955,2024-05-06 10:48:00,11149,12378.09,50.057,1.160142e+24,4.407027e+22,0.01158967,817.872,34324030000000,0.02585213,47.419,84635370000000,4594.19,56.132,108.854,0.050887,2351.246582,4.96,101.349,67.762,13664,2024-05-10 20:59:00,M,,,,
4956,2024-05-06 10:48:00,11149,12378.09,50.057,1.160142e+24,4.407027e+22,0.01158967,817.872,34324030000000,0.02585213,47.419,84635370000000,4594.19,56.132,108.854,0.050887,2351.246582,4.96,101.349,67.762,13664,2024-05-10 21:15:00,M,,,,
4963,2024-05-06 10:48:00,11149,12378.09,50.057,1.160142e+24,4.407027e+22,0.01158967,817.872,34324030000000,0.02585213,47.419,84635370000000,4594.19,56.132,108.854,0.050887,2351.246582,4.96,101.349,67.762,13664,2024-05-11 04:28:00,M,,,,
4964,2024-05-06 10:48:00,11149,12378.09,50.057,1.160142e+24,4.407027e+22,0.01158967,817.872,34324030000000,0.02585213,47.419,84635370000000,4594.19,56.132,108.854,0.050887,2351.246582,4.96,101.349,67.762,13664,2024-05-11 07:26:00,M,,,,
4965,2024-05-06 10:48:00,11149,12378.09,50.057,1.160142e+24,4.407027e+22,0.01158967,817.872,34324030000000,0.02585213,47.419,84635370000000,4594.19,56.132,108.854,0.050887,2351.246582,4.96,101.349,67.762,13664,2024-05-11 08:14:00,M,,,,
4966,2024-05-06 10:48:00,11149,12378.09,50.057,1.160142e+24,4.407027e+22,0.01158967,817.872,34324030000000,0.02585213,47.419,84635370000000,4594.19,56.132,108.854,0.050887,2351.246582,4.96,101.349,67.762,13664,2024-05-11 08:45:00,M,,,,
4967,2024-05-06 10:48:00,11149,12378.09,50.057,1.160142e+24,4.407027e+22,0.01158967,817.872,34324030000000,0.02585213,47.419,84635370000000,4594.19,56.132,108.854,0.050887,2351.246582,4.96,101.349,67.762,13664,2024-05-11 09:05:00,M,,,,
4968,2024-05-06 10:48:00,11149,12378.09,50.057,1.160142e+24,4.407027e+22,0.01158967,817.872,34324030000000,0.02585213,47.419,84635370000000,4594.19,56.132,108.854,0.050887,2351.246582,4.96,101.349,67.762,13664,2024-05-11 10:03:00,M,,,,
4969,2024-05-06 10:48:00,11149,12378.09,50.057,1.160142e+24,4.407027e+22,0.01158967,817.872,34324030000000,0.02585213,47.419,84635370000000,4594.19,56.132,108.854,0.050887,2351.246582,4.96,101.349,67.762,13664,2024-05-11 10:53:00,M,,,,
4970,2024-05-06 10:48:00,11149,12378.09,50.057,1.160142e+24,4.407027e+22,0.01158967,817.872,34324030000000,0.02585213,47.419,84635370000000,4594.19,56.132,108.854,0.050887,2351.246582,4.96,101.349,67.762,13664,2024-05-11 11:15:00,X,,,,
4971,2024-05-06 10:48:00,11149,12378.09,50.057,1.160142e+24,4.407027e+22,0.01158967,817.872,34324030000000,0.02585213,47.419,84635370000000,4594.19,56.132,108.854,0.050887,2351.246582,4.96,101.349,67.762,13664,2024-05-11 13:45:00,M,,,,
4973,2024-05-06 10:48:00,11149,12378.09,50.057,1.160142e+24,4.407027e+22,0.01158967,817.872,34324030000000,0.02585213,47.419,84635370000000,4594.19,56.132,108.854,0.050887,2351.246582,4.96,101.349,67.762,13664,2024-05-11 16:27:00,M,,,,
4974,2024-05-06 10:48:00,11149,12378.09,50.057,1.160142e+24,4.407027e+22,0.01158967,817.872,34324030000000,0.02585213,47.419,84635370000000,4594.19,56.132,108.854,0.050887,2351.246582,4.96,101.349,67.762,13664,2024-05-11 20:32:00,M,,,,
4975,2024-05-06 10:48:00,11149,12378.09,50.057,1.160142e+24,4.407027e+22,0.01158967,817.872,34324030000000,0.02585213,47.419,84635370000000,4594.19,56.132,108.854,0.050887,2351.246582,4.96,101.349,67.762,13664,2024-05-12 00:41:00,M,,,,
4976,2024-05-06 10:48:00,11149,12378.09,50.057,1.160142e+24,4.407027e+22,0.01158967,817.872,34324030000000,0.02585213,47.419,84635370000000,4594.19,56.132,108.854,0.050887,2351.246582,4.96,101.349,67.762,13664,2024-05-12 12:27:00,M,,,,
4977,2024-05-06 10:48:00,11149,12378.09,50.057,1.160142e+24,4.407027e+22,0.01158967,817.872,34324030000000,0.02585213,47.419,84635370000000,4594.19,56.132,108.854,0.050887,2351.246582,4.96,101.349,67.762,13664,2024-05-12 13:49:00,M,,,,
4978,2024-05-06 10:48:00,11149,12378.09,50.057,1.160142e+24,4.407027e+22,0.01158967,817.872,34324030000000,0.02585213,47.419,84635370000000,4594.19,56.132,108.854,0.050887,2351.246582,4.96,101.349,67.762,13664,2024-05-12 16:11:00,X,,,,
4979,2024-05-06 10:48:00,11149,12378.09,50.057,1.160142e+24,4.407027e+22,0.01158967,817.872,34324030000000,0.02585213,47.419,84635370000000,4594.19,56.132,108.854,0.050887,2351.246582,4.96,101.349,67.762,13664,2024-05-12 20:17:00,M,,,,
4980,2024-05-06 10:48:00,11149,12378.09,50.057,1.160142e+24,4.407027e+22,0.01158967,817.872,34324030000000,0.02585213,47.419,84635370000000,4594.19,56.132,108.854,0.050887,2351.246582,4.96,101.349,67.762,13664,2024-05-12 22:01:00,M,,,,
4981,2024-05-06 10:48:00,11149,12378.09,50.057,1.160142e+24,4.407027e+22,0.01158967,817.872,34324030000000,0.02585213,47.419,84635370000000,4594.19,56.132,108.854,0.050887,2351.246582,4.96,101.349,67.762,13664,2024-05-12 22:14:00,M,,,,
4982,2024-05-06 10:48:00,11149,12378.09,50.057,1.160142e+24,4.407027e+22,0.01158967,817.872,34324030000000,0.02585213,47.419,84635370000000,4594.19,56.132,108.854,0.050887,2351.246582,4.96,101.349,67.762,13664,2024-05-12 23:00:00,M,,,,
4983,2024-05-06 10:48:00,11149,12378.09,50.057,1.160142e+24,4.407027e+22,0.01158967,817.872,34324030000000,0.02585213,47.419,84635370000000,4594.19,56.132,108.854,0.050887,2351.246582,4.96,101.349,67.762,13664,2024-05-13 01:23:00,M,,,,
5152,2024-05-06 10:48:00,11149,12378.09,50.057,1.160142e+24,4.407027e+22,0.01158967,817.872,34324030000000,0.02585213,47.419,84635370000000,4594.19,56.132,108.854,0.050887,2351.246582,4.96,101.349,67.762,13664,2024-05-13 12:56:00,M,,,,
5153,2024-05-06 10:48:00,11149,12378.09,50.057,1.160142e+24,4.407027e+22,0.01158967,817.872,34324030000000,0.02585213,47.419,84635370000000,4594.19,56.132,108.854,0.050887,2351.246582,4.96,101.349,67.762,13664,2024-05-13 14:12:00,M,,,,
5154,2024-05-06 10:48:00,11149,12378.09,50.057,1.160142e+24,4.407027e+22,0.01158967,817.872,34324030000000,0.02585213,47.419,84635370000000,4594.19,56.132,108.854,0.050887,2351.246582,4.96,101.349,67.762,13664,2024-05-13 18:38:00,M,,,,
5155,2024-05-06 10:48:00,11149,12378.09,50.057,1.160142e+24,4.407027e+22,0.01158967,817.872,34324030000000,0.02585213,47.419,84635370000000,4594.19,56.132,108.854,0.050887,2351.246582,4.96,101.349,67.762,13664,2024-05-13 21:48:00,M,,,,
5156,2024-05-06 10:48:00,11149,12378.09,50.057,1.160142e+24,4.407027e+22,0.01158967,817.872,34324030000000,0.02585213,47.419,84635370000000,4594.19,56.132,108.854,0.050887,2351.246582,4.96,101.349,67.762,13664,2024-05-14 01:23:00,M,,,,
5162,2024-05-06 10:48:00,11149,12378.09,50.057,1.160142e+24,4.407027e+22,0.01158967,817.872,34324030000000,0.02585213,47.419,84635370000000,4594.19,56.132,108.854,0.050887,2351.246582,4.96,101.349,67.762,13668,2024-05-07 08:28:00,M,,,,
5163,2024-05-06 11:00:00,11149,12286.37,50.037,1.156963e+24,4.403174e+22,0.01248754,885.429,37654060000000,0.02811656,47.453,85239000000000,4625.426,56.11,109.174,0.09043201,2350.859619,4.974,101.46,67.4,13664,2024-05-02 20:52:00,M,,,,
5164,2024-05-06 11:00:00,11149,12286.37,50.037,1.156963e+24,4.403174e+22,0.01248754,885.429,37654060000000,0.02811656,47.453,85239000000000,4625.426,56.11,109.174,0.09043201,2350.859619,4.974,101.46,67.4,13664,2024-05-03 00:08:00,M,,,,
5165,2024-05-06 11:00:00,11149,12286.37,50.037,1.156963e+24,4.403174e+22,0.01248754,885.429,37654060000000,0.02811656,47.453,85239000000000,4625.426,56.11,109.174,0.09043201,2350.859619,4.974,101.46,67.4,13664,2024-05-05 09:23:00,M,,,,
5166,2024-05-06 11:00:00,11149,12286.37,50.037,1.156963e+24,4.403174e+22,0.01248754,885.429,37654060000000,0.02811656,47.453,85239000000000,4625.426,56.11,109.174,0.09043201,2350.859619,4.974,101.46,67.4,13664,2024-05-05 16:55:00,M,,,,
5167,2024-05-06 11:00:00,11149,12286.37,50.037,1.156963e+24,4.403174e+22,0.01248754,885.429,37654060000000,0.02811656,47.453,85239000000000,4625.426,56.11,109.174,0.09043201,2350.859619,4.974,101.46,67.4,13664,2024-05-05 18:34:00,M,,,,
5168,2024-05-06 11:00:00,11149,12286.37,50.037,1.156963e+24,4.403174e+22,0.01248754,885.429,37654060000000,0.02811656,47.453,85239000000000,4625.426,56.11,109.174,0.09043201,2350.859619,4.974,101.46,67.4,13664,2024-05-07 11:40:00,M,,,,
5169,2024-05-06 11:00:00,11149,12286.37,50.037,1.156963e+24,4.403174e+22,0.01248754,885.429,37654060000000,0.02811656,47.453,85239000000000,4625.426,56.11,109.174,0.09043201,2350.859619,4.974,101.46,67.4,13664,2024-05-07 19:58:00,M,,,,
5170,2024-05-06 11:00:00,11149,12286.37,50.037,1.156963e+24,4.403174e+22,0.01248754,885.429,37654060000000,0.02811656,47.453,85239000000000,4625.426,56.11,109.174,0.09043201,2350.859619,4.974,101.46,67.4,13664,2024-05-07 20:45:00,M,,,,
5171,2024-05-06 11:00:00,11149,12286.37,50.037,1.156963e+24,4.403174e+22,0.01248754,885.429,37654060000000,0.02811656,47.453,85239000000000,4625.426,56.11,109.174,0.09043201,2350.859619,4.974,101.46,67.4,13664,2024-05-07 22:55:00,M,,,,
5172,2024-05-06 11:00:00,11149,12286.37,50.037,1.156963e+24,4.403174e+22,0.01248754,885.429,37654060000000,0.02811656,47.453,85239000000000,4625.426,56.11,109.174,0.09043201,2350.859619,4.974,101.46,67.4,13664,2024-05-08 02:16:00,M,,,,
5173,2024-05-06 11:00:00,11149,12286.37,50.037,1.156963e+24,4.403174e+22,0.01248754,885.429,37654060000000,0.02811656,47.453,85239000000000,4625.426,56.11,109.174,0.09043201,2350.859619,4.974,101.46,67.4,13664,2024-05-08 03:19:00,M,,,,
5174,2024-05-06 11:00:00,11149,12286.37,50.037,1.156963e+24,4.403174e+22,0.01248754,885.429,37654060000000,0.02811656,47.453,85239000000000,4625.426,56.11,109.174,0.09043201,2350.859619,4.974,101.46,67.4,13664,2024-05-08 03:38:00,M,,,,
5175,2024-05-06 11:00:00,11149,12286.37,50.037,1.156963e+24,4.403174e+22,0.01248754,885.429,37654060000000,0.02811656,47.453,85239000000000,4625.426,56.11,109.174,0.09043201,2350.859619,4.974,101.46,67.4,13664,2024-05-08 04:20:00,M,2024-05-08 05:36:00,CME,2024-05-10 13:35:00,SEP
5176,2024-05-06 11:00:00,11149,12286.37,50.037,1.156963e+24,4.403174e+22,0.01248754,885.429,37654060000000,0.02811656,47.453,85239000000000,4625.426,56.11,109.174,0.09043201,2350.859619,4.974,101.46,67.4,13664,2024-05-08 04:20:00,M,2024-05-08 05:36:00,CME,2024-05-10 14:50:00,SEP
5177,2024-05-06 11:00:00,11149,12286.37,50.037,1.156963e+24,4.403174e+22,0.01248754,885.429,37654060000000,0.02811656,47.453,85239000000000,4625.426,56.11,109.174,0.09043201,2350.859619,4.974,101.46,67.4,13664,2024-05-08 04:20:00,M,2024-05-08 05:36:00,CME,2024-05-10 13:35:00,SEP
5178,2024-05-06 11:00:00,11149,12286.37,50.037,1.156963e+24,4.403174e+22,0.01248754,885.429,37654060000000,0.02811656,47.453,85239000000000,4625.426,56.11,109.174,0.09043201,2350.859619,4.974,101.46,67.4,13664,2024-05-08 04:20:00,M,2024-05-08 05:36:00,CME,2024-05-10 14:50:00,SEP
5179,2024-05-06 11:00:00,11149,12286.37,50.037,1.156963e+24,4.403174e+22,0.01248754,885.429,37654060000000,0.02811656,47.453,85239000000000,4625.426,56.11,109.174,0.09043201,2350.859619,4.974,101.46,67.4,13664,2024-05-08 04:20:00,M,2024-05-08 05:36:00,CME,2024-05-10 13:35:00,SEP
5180,2024-05-06 11:00:00,11149,12286.37,50.037,1.156963e+24,4.403174e+22,0.01248754,885.429,37654060000000,0.02811656,47.453,85239000000000,4625.426,56.11,109.174,0.09043201,2350.859619,4.974,101.46,67.4,13664,2024-05-08 04:20:00,M,2024-05-08 05:36:00,CME,2024-05-10 14:50:00,SEP
5181,2024-05-06 11:00:00,11149,12286.37,50.037,1.156963e+24,4.403174e+22,0.01248754,885.429,37654060000000,0.02811656,47.453,85239000000000,4625.426,56.11,109.174,0.09043201,2350.859619,4.974,101.46,67.4,13664,2024-05-08 04:37:00,X,2024-05-08 05:36:00,CME,2024-05-10 13:35:00,SEP
5182,2024-05-06 11:00:00,11149,12286.37,50.037,1.156963e+24,4.403174e+22,0.01248754,885.429,37654060000000,0.02811656,47.453,85239000000000,4625.426,56.11,109.174,0.09043201,2350.859619,4.974,101.46,67.4,13664,2024-05-08 04:37:00,X,2024-05-08 05:36:00,CME,2024-05-10 14:50:00,SEP
5183,2024-05-06 11:00:00,11149,12286.37,50.037,1.156963e+24,4.403174e+22,0.01248754,885.429,37654060000000,0.02811656,47.453,85239000000000,4625.426,56.11,109.174,0.09043201,2350.859619,4.974,101.46,67.4,13664,2024-05-08 04:37:00,X,2024-05-08 05:36:00,CME,2024-05-10 13:35:00,SEP
5184,2024-05-06 11:00:00,11149,12286.37,50.037,1.156963e+24,4.403174e+22,0.01248754,885.429,37654060000000,0.02811656,47.453,85239000000000,4625.426,56.11,109.174,0.09043201,2350.859619,4.974,101.46,67.4,13664,2024-05-08 04:37:00,X,2024-05-08 05:36:00,CME,2024-05-10 14:50:00,SEP
5185,2024-05-06 11:00:00,11149,12286.37,50.037,1.156963e+24,4.403174e+22,0.01248754,885.429,37654060000000,0.02811656,47.453,85239000000000,4625.426,56.11,109.174,0.09043201,2350.859619,4.974,101.46,67.4,13664,2024-05-08 04:37:00,X,2024-05-08 05:36:00,CME,2024-05-10 13:35:00,SEP
5186,2024-05-06 11:00:00,11149,12286.37,50.037,1.156963e+24,4.403174e+22,0.01248754,885.429,37654060000000,0.02811656,47.453,85239000000000,4625.426,56.11,109.174,0.09043201,2350.859619,4.974,101.46,67.4,13664,2024-05-08 04:37:00,X,2024-05-08 05:36:00,CME,2024-05-10 14:50:00,SEP
5187,2024-05-06 11:00:00,11149,12286.37,50.037,1.156963e+24,4.403174e+22,0.01248754,885.429,37654060000000,0.02811656,47.453,85239000000000,4625.426,56.11,109.174,0.09043201,2350.859619,4.974,101.46,67.4,13664,2024-05-08 06:44:00,M,,,,
5188,2024-05-06 11:00:00,11149,12286.37,50.037,1.156963e+24,4.403174e+22,0.01248754,885.429,37654060000000,0.02811656,47.453,85239000000000,4625.426,56.11,109.174,0.09043201,2350.859619,4.974,101.46,67.4,13664,2024-05-08 09:31:00,M,,,,
5195,2024-05-06 11:00:00,11149,12286.37,50.037,1.156963e+24,4.403174e+22,0.01248754,885.429,37654060000000,0.02811656,47.453,85239000000000,4625.426,56.11,109.174,0.09043201,2350.859619,4.974,101.46,67.4,13664,2024-05-08 17:32:00,M,,,,
5196,2024-05-06 11:00:00,11149,12286.37,50.037,1.156963e+24,4.403174e+22,0.01248754,885.429,37654060000000,0.02811656,47.453,85239000000000,4625.426,56.11,109.174,0.09043201,2350.859619,4.974,101.46,67.4,13664,2024-05-08 19:15:00,M,,,,
5197,2024-05-06 11:00:00,11149,12286.37,50.037,1.156963e+24,4.403174e+22,0.01248754,885.429,37654060000000,0.02811656,47.453,85239000000000,4625.426,56.11,109.174,0.09043201,2350.859619,4.974,101.46,67.4,13664,2024-05-08 20:27:00,M,,,,
5210,2024-05-06 11:00:00,11149,12286.37,50.037,1.156963e+24,4.403174e+22,0.01248754,885.429,37654060000000,0.02811656,47.453,85239000000000,4625.426,56.11,109.174,0.09043201,2350.859619,4.974,101.46,67.4,13664,2024-05-09 00:58:00,M,,,,
5211,2024-05-06 11:00:00,11149,12286.37,50.037,1.156963e+24,4.403174e+22,0.01248754,885.429,37654060000000,0.02811656,47.453,85239000000000,4625.426,56.11,109.174,0.09043201,2350.859619,4.974,101.46,67.4,13664,2024-05-09 03:07:00,M,,,,
5212,2024-05-06 11:00:00,11149,12286.37,50.037,1.156963e+24,4.403174e+22,0.01248754,885.429,37654060000000,0.02811656,47.453,85239000000000,4625.426,56.11,109.174,0.09043201,2350.859619,4.974,101.46,67.4,13664,2024-05-09 03:23:00,M,,,,
5213,2024-05-06 11:00:00,11149,12286.37,50.037,1.156963e+24,4.403174e+22,0.01248754,885.429,37654060000000,0.02811656,47.453,85239000000000,4625.426,56.11,109.174,0.09043201,2350.859619,4.974,101.46,67.4,13664,2024-05-09 04:44:00,M,,,,
5214,2024-05-06 11:00:00,11149,12286.37,50.037,1.156963e+24,4.403174e+22,0.01248754,885.429,37654060000000,0.02811656,47.453,85239000000000,4625.426,56.11,109.174,0.09043201,2350.859619,4.974,101.46,67.4,13664,2024-05-09 05:35:00,M,,,,
5215,2024-05-06 11:00:00,11149,12286.37,50.037,1.156963e+24,4.403174e+22,0.01248754,885.429,37654060000000,0.02811656,47.453,85239000000000,4625.426,56.11,109.174,0.09043201,2350.859619,4.974,101.46,67.4,13664,2024-05-09 06:03:00,M,,,,
5216,2024-05-06 11:00:00,11149,12286.37,50.037,1.156963e+24,4.403174e+22,0.01248754,885.429,37654060000000,0.02811656,47.453,85239000000000,4625.426,56.11,109.174,0.09043201,2350.859619,4.974,101.46,67.4,13664,2024-05-09 06:24:00,M,,,,
5217,2024-05-06 11:00:00,11149,12286.37,50.037,1.156963e+24,4.403174e+22,0.01248754,885.429,37654060000000,0.02811656,47.453,85239000000000,4625.426,56.11,109.174,0.09043201,2350.859619,4.974,101.46,67.4,13664,2024-05-09 07:54:00,M,,,,
5218,2024-05-06 11:00:00,11149,12286.37,50.037,1.156963e+24,4.403174e+22,0.01248754,885.429,37654060000000,0.02811656,47.453,85239000000000,4625.426,56.11,109.174,0.09043201,2350.859619,4.974,101.46,67.4,13664,2024-05-09 08:30:00,M,,,,
5261,2024-05-06 11:00:00,11149,12286.37,50.037,1.156963e+24,4.403174e+22,0.01248754,885.429,37654060000000,0.02811656,47.453,85239000000000,4625.426,56.11,109.174,0.09043201,2350.859619,4.974,101.46,67.4,13664,2024-05-09 11:52:00,M,,,,
5262,2024-05-06 11:00:00,11149,12286.37,50.037,1.156963e+24,4.403174e+22,0.01248754,885.429,37654060000000,0.02811656,47.453,85239000000000,4625.426,56.11,109.174,0.09043201,2350.859619,4.974,101.46,67.4,13664,2024-05-09 12:05:00,M,,,,
5263,2024-05-06 11:00:00,11149,12286.37,50.037,1.156963e+24,4.403174e+22,0.01248754,885.429,37654060000000,0.02811656,47.453,85239000000000,4625.426,56.11,109.174,0.09043201,2350.859619,4.974,101.46,67.4,13664,2024-05-09 13:16:00,M,,,,
5264,2024-05-06 11:00:00,11149,12286.37,50.037,1.156963e+24,4.403174e+22,0.01248754,885.429,37654060000000,0.02811656,47.453,85239000000000,4625.426,56.11,109.174,0.09043201,2350.859619,4.974,101.46,67.4,13664,2024-05-09 14:01:00,M,,,,
5285,2024-05-06 11:00:00,11149,12286.37,50.037,1.156963e+24,4.403174e+22,0.01248754,885.429,37654060000000,0.02811656,47.453,85239000000000,4625.426,56.11,109.174,0.09043201,2350.859619,4.974,101.46,67.4,13664,2024-05-09 22:08:00,M,,,,
5286,2024-05-06 11:00:00,11149,12286.37,50.037,1.156963e+24,4.403174e+22,0.01248754,885.429,37654060000000,0.02811656,47.453,85239000000000,4625.426,56.11,109.174,0.09043201,2350.859619,4.974,101.46,67.4,13664,2024-05-09 22:24:00,M,,,,
5287,2024-05-06 11:00:00,11149,12286.37,50.037,1.156963e+24,4.403174e+22,0.01248754,885.429,37654060000000,0.02811656,47.453,85239000000000,4625.426,56.11,109.174,0.09043201,2350.859619,4.974,101.46,67.4,13664,2024-05-09 23:44:00,M,,,,
5288,2024-05-06 11:00:00,11149,12286.37,50.037,1.156963e+24,4.403174e+22,0.01248754,885.429,37654060000000,0.02811656,47.453,85239000000000,4625.426,56.11,109.174,0.09043201,2350.859619,4.974,101.46,67.4,13664,2024-05-10 00:10:00,M,,,,
5289,2024-05-06 11:00:00,11149,12286.37,50.037,1.156963e+24,4.403174e+22,0.01248754,885.429,37654060000000,0.02811656,47.453,85239000000000,4625.426,56.11,109.174,0.09043201,2350.859619,4.974,101.46,67.4,13664,2024-05-10 06:14:00,M,,,,
5310,2024-05-06 11:00:00,11149,12286.37,50.037,1.156963e+24,4.403174e+22,0.01248754,885.429,37654060000000,0.02811656,47.453,85239000000000,4625.426,56.11,109.174,0.09043201,2350.859619,4.974,101.46,67.4,13664,2024-05-10 10:10:00,M,,,,
5312,2024-05-06 11:00:00,11149,12286.37,50.037,1.156963e+24,4.403174e+22,0.01248754,885.429,37654060000000,0.02811656,47.453,85239000000000,4625.426,56.11,109.174,0.09043201,2350.859619,4.974,101.46,67.4,13664,2024-05-10 17:14:00,M,,,,
5313,2024-05-06 11:00:00,11149,12286.37,50.037,1.156963e+24,4.403174e+22,0.01248754,885.429,37654060000000,0.02811656,47.453,85239000000000,4625.426,56.11,109.174,0.09043201,2350.859619,4.974,101.46,67.4,13664,2024-05-10 17:54:00,M,,,,
5314,2024-05-06 11:00:00,11149,12286.37,50.037,1.156963e+24,4.403174e+22,0.01248754,885.429,37654060000000,0.02811656,47.453,85239000000000,4625.426,56.11,109.174,0.09043201,2350.859619,4.974,101.46,67.4,13664,2024-05-10 18:26:00,M,,,,
5315,2024-05-06 11:00:00,11149,12286.37,50.037,1.156963e+24,4.403174e+22,0.01248754,885.429,37654060000000,0.02811656,47.453,85239000000000,4625.426,56.11,109.174,0.09043201,2350.859619,4.974,101.46,67.4,13664,2024-05-10 18:38:00,M,,,,
5316,2024-05-06 11:00:00,11149,12286.37,50.037,1.156963e+24,4.403174e+22,0.01248754,885.429,37654060000000,0.02811656,47.453,85239000000000,4625.426,56.11,109.174,0.09043201,2350.859619,4.974,101.46,67.4,13664,2024-05-10 18:57:00,M,,,,
5317,2024-05-06 11:00:00,11149,12286.37,50.037,1.156963e+24,4.403174e+22,0.01248754,885.429,37654060000000,0.02811656,47.453,85239000000000,4625.426,56.11,109.174,0.09043201,2350.859619,4.974,101.46,67.4,13664,2024-05-10 19:35:00,M,,,,
5318,2024-05-06 11:00:00,11149,12286.37,50.037,1.156963e+24,4.403174e+22,0.01248754,885.429,37654060000000,0.02811656,47.453,85239000000000,4625.426,56.11,109.174,0.09043201,2350.859619,4.974,101.46,67.4,13664,2024-05-10 19:56:00,M,,,,
5319,2024-05-06 11:00:00,11149,12286.37,50.037,1.156963e+24,4.403174e+22,0.01248754,885.429,37654060000000,0.02811656,47.453,85239000000000,4625.426,56.11,109.174,0.09043201,2350.859619,4.974,101.46,67.4,13664,2024-05-10 20:59:00,M,,,,
5320,2024-05-06 11:00:00,11149,12286.37,50.037,1.156963e+24,4.403174e+22,0.01248754,885.429,37654060000000,0.02811656,47.453,85239000000000,4625.426,56.11,109.174,0.09043201,2350.859619,4.974,101.46,67.4,13664,2024-05-10 21:15:00,M,,,,
5327,2024-05-06 11:00:00,11149,12286.37,50.037,1.156963e+24,4.403174e+22,0.01248754,885.429,37654060000000,0.02811656,47.453,85239000000000,4625.426,56.11,109.174,0.09043201,2350.859619,4.974,101.46,67.4,13664,2024-05-11 04:28:00,M,,,,
5328,2024-05-06 11:00:00,11149,12286.37,50.037,1.156963e+24,4.403174e+22,0.01248754,885.429,37654060000000,0.02811656,47.453,85239000000000,4625.426,56.11,109.174,0.09043201,2350.859619,4.974,101.46,67.4,13664,2024-05-11 07:26:00,M,,,,
5329,2024-05-06 11:00:00,11149,12286.37,50.037,1.156963e+24,4.403174e+22,0.01248754,885.429,37654060000000,0.02811656,47.453,85239000000000,4625.426,56.11,109.174,0.09043201,2350.859619,4.974,101.46,67.4,13664,2024-05-11 08:14:00,M,,,,
5330,2024-05-06 11:00:00,11149,12286.37,50.037,1.156963e+24,4.403174e+22,0.01248754,885.429,37654060000000,0.02811656,47.453,85239000000000,4625.426,56.11,109.174,0.09043201,2350.859619,4.974,101.46,67.4,13664,2024-05-11 08:45:00,M,,,,
5331,2024-05-06 11:00:00,11149,12286.37,50.037,1.156963e+24,4.403174e+22,0.01248754,885.429,37654060000000,0.02811656,47.453,85239000000000,4625.426,56.11,109.174,0.09043201,2350.859619,4.974,101.46,67.4,13664,2024-05-11 09:05:00,M,,,,
5332,2024-05-06 11:00:00,11149,12286.37,50.037,1.156963e+24,4.403174e+22,0.01248754,885.429,37654060000000,0.02811656,47.453,85239000000000,4625.426,56.11,109.174,0.09043201,2350.859619,4.974,101.46,67.4,13664,2024-05-11 10:03:00,M,,,,
5333,2024-05-06 11:00:00,11149,12286.37,50.037,1.156963e+24,4.403174e+22,0.01248754,885.429,37654060000000,0.02811656,47.453,85239000000000,4625.426,56.11,109.174,0.09043201,2350.859619,4.974,101.46,67.4,13664,2024-05-11 10:53:00,M,,,,
5334,2024-05-06 11:00:00,11149,12286.37,50.037,1.156963e+24,4.403174e+22,0.01248754,885.429,37654060000000,0.02811656,47.453,85239000000000,4625.426,56.11,109.174,0.09043201,2350.859619,4.974,101.46,67.4,13664,2024-05-11 11:15:00,X,,,,
5335,2024-05-06 11:00:00,11149,12286.37,50.037,1.156963e+24,4.403174e+22,0.01248754,885.429,37654060000000,0.02811656,47.453,85239000000000,4625.426,56.11,109.174,0.09043201,2350.859619,4.974,101.46,67.4,13664,2024-05-11 13:45:00,M,,,,
5337,2024-05-06 11:00:00,11149,12286.37,50.037,1.156963e+24,4.403174e+22,0.01248754,885.429,37654060000000,0.02811656,47.453,85239000000000,4625.426,56.11,109.174,0.09043201,2350.859619,4.974,101.46,67.4,13664,2024-05-11 16:27:00,M,,,,
5338,2024-05-06 11:00:00,11149,12286.37,50.037,1.156963e+24,4.403174e+22,0.01248754,885.429,37654060000000,0.02811656,47.453,85239000000000,4625.426,56.11,109.174,0.09043201,2350.859619,4.974,101.46,67.4,13664,2024-05-11 20:32:00,M,,,,
5339,2024-05-06 11:00:00,11149,12286.37,50.037,1.156963e+24,4.403174e+22,0.01248754,885.429,37654060000000,0.02811656,47.453,85239000000000,4625.426,56.11,109.174,0.09043201,2350.859619,4.974,101.46,67.4,13664,2024-05-12 00:41:00,M,,,,
5340,2024-05-06 11:00:00,11149,12286.37,50.037,1.156963e+24,4.403174e+22,0.01248754,885.429,37654060000000,0.02811656,47.453,85239000000000,4625.426,56.11,109.174,0.09043201,2350.859619,4.974,101.46,67.4,13664,2024-05-12 12:27:00,M,,,,
5341,2024-05-06 11:00:00,11149,12286.37,50.037,1.156963e+24,4.403174e+22,0.01248754,885.429,37654060000000,0.02811656,47.453,85239000000000,4625.426,56.11,109.174,0.09043201,2350.859619,4.974,101.46,67.4,13664,2024-05-12 13:49:00,M,,,,
5342,2024-05-06 11:00:00,11149,12286.37,50.037,1.156963e+24,4.403174e+22,0.01248754,885.429,37654060000000,0.02811656,47.453,85239000000000,4625.426,56.11,109.174,0.09043201,2350.859619,4.974,101.46,67.4,13664,2024-05-12 16:11:00,X,,,,
5343,2024-05-06 11:00:00,11149,12286.37,50.037,1.156963e+24,4.403174e+22,0.01248754,885.429,37654060000000,0.02811656,47.453,85239000000000,4625.426,56.11,109.174,0.09043201,2350.859619,4.974,101.46,67.4,13664,2024-05-12 20:17:00,M,,,,
5344,2024-05-06 11:00:00,11149,12286.37,50.037,1.156963e+24,4.403174e+22,0.01248754,885.429,37654060000000,0.02811656,47.453,85239000000000,4625.426,56.11,109.174,0.09043201,2350.859619,4.974,101.46,67.4,13664,2024-05-12 22:01:00,M,,,,
5345,2024-05-06 11:00:00,11149,12286.37,50.037,1.156963e+24,4.403174e+22,0.01248754,885.429,37654060000000,0.02811656,47.453,85239000000000,4625.426,56.11,109.174,0.09043201,2350.859619,4.974,101.46,67.4,13664,2024-05-12 22:14:00,M,,,,
5346,2024-05-06 11:00:00,11149,12286.37,50.037,1.156963e+24,4.403174e+22,0.01248754,885.429,37654060000000,0.02811656,47.453,85239000000000,4625.426,56.11,109.174,0.09043201,2350.859619,4.974,101.46,67.4,13664,2024-05-12 23:00:00,M,,,,
5347,2024-05-06 11:00:00,11149,12286.37,50.037,1.156963e+24,4.403174e+22,0.01248754,885.429,37654060000000,0.02811656,47.453,85239000000000,4625.426,56.11,109.174,0.09043201,2350.859619,4.974,101.46,67.4,13664,2024-05-13 01:23:00,M,,,,
5516,2024-05-06 11:00:00,11149,12286.37,50.037,1.156963e+24,4.403174e+22,0.01248754,885.429,37654060000000,0.02811656,47.453,85239000000000,4625.426,56.11,109.174,0.09043201,2350.859619,4.974,101.46,67.4,13664,2024-05-13 12:56:00,M,,,,
5517,2024-05-06 11:00:00,11149,12286.37,50.037,1.156963e+24,4.403174e+22,0.01248754,885.429,37654060000000,0.02811656,47.453,85239000000000,4625.426,56.11,109.174,0.09043201,2350.859619,4.974,101.46,67.4,13664,2024-05-13 14:12:00,M,,,,
5518,2024-05-06 11:00:00,11149,12286.37,50.037,1.156963e+24,4.403174e+22,0.01248754,885.429,37654060000000,0.02811656,47.453,85239000000000,4625.426,56.11,109.174,0.09043201,2350.859619,4.974,101.46,67.4,13664,2024-05-13 18:38:00,M,,,,
5519,2024-05-06 11:00:00,11149,12286.37,50.037,1.156963e+24,4.403174e+22,0.01248754,885.429,37654060000000,0.02811656,47.453,85239000000000,4625.426,56.11,109.174,0.09043201,2350.859619,4.974,101.46,67.4,13664,2024-05-13 21:48:00,M,,,,
5520,2024-05-06 11:00:00,11149,12286.37,50.037,1.156963e+24,4.403174e+22,0.01248754,885.429,37654060000000,0.02811656,47.453,85239000000000,4625.426,56.11,109.174,0.09043201,2350.859619,4.974,101.46,67.4,13664,2024-05-14 01:23:00,M,,,,
5526,2024-05-06 11:00:00,11149,12286.37,50.037,1.156963e+24,4.403174e+22,0.01248754,885.429,37654060000000,0.02811656,47.453,85239000000000,4625.426,56.11,109.174,0.09043201,2350.859619,4.974,101.46,67.4,13668,2024-05-07 08:28:00,M,,,,
5527,2024-05-06 11:12:00,11149,12316.35,50.511,1.157708e+24,4.391242e+22,0.01339182,947.806,40893850000000,0.03013962,47.652,84578580000000,4577.855,56.217,108.662,0.10789131,2359.753418,4.956,100.623,67.079,13664,2024-05-02 20:52:00,M,,,,
5528,2024-05-06 11:12:00,11149,12316.35,50.511,1.157708e+24,4.391242e+22,0.01339182,947.806,40893850000000,0.03013962,47.652,84578580000000,4577.855,56.217,108.662,0.10789131,2359.753418,4.956,100.623,67.079,13664,2024-05-03 00:08:00,M,,,,
5529,2024-05-06 11:12:00,11149,12316.35,50.511,1.157708e+24,4.391242e+22,0.01339182,947.806,40893850000000,0.03013962,47.652,84578580000000,4577.855,56.217,108.662,0.10789131,2359.753418,4.956,100.623,67.079,13664,2024-05-05 09:23:00,M,,,,
5530,2024-05-06 11:12:00,11149,12316.35,50.511,1.157708e+24,4.391242e+22,0.01339182,947.806,40893850000000,0.03013962,47.652,84578580000000,4577.855,56.217,108.662,0.10789131,2359.753418,4.956,100.623,67.079,13664,2024-05-05 16:55:00,M,,,,
5531,2024-05-06 11:12:00,11149,12316.35,50.511,1.157708e+24,4.391242e+22,0.01339182,947.806,40893850000000,0.03013962,47.652,84578580000000,4577.855,56.217,108.662,0.10789131,2359.753418,4.956,100.623,67.079,13664,2024-05-05 18:34:00,M,,,,
5532,2024-05-06 11:12:00,11149,12316.35,50.511,1.157708e+24,4.391242e+22,0.01339182,947.806,40893850000000,0.03013962,47.652,84578580000000,4577.855,56.217,108.662,0.10789131,2359.753418,4.956,100.623,67.079,13664,2024-05-07 11:40:00,M,,,,
5533,2024-05-06 11:12:00,11149,12316.35,50.511,1.157708e+24,4.391242e+22,0.01339182,947.806,40893850000000,0.03013962,47.652,84578580000000,4577.855,56.217,108.662,0.10789131,2359.753418,4.956,100.623,67.079,13664,2024-05-07 19:58:00,M,,,,
5534,2024-05-06 11:12:00,11149,12316.35,50.511,1.157708e+24,4.391242e+22,0.01339182,947.806,40893850000000,0.03013962,47.652,84578580000000,4577.855,56.217,108.662,0.10789131,2359.753418,4.956,100.623,67.079,13664,2024-05-07 20:45:00,M,,,,
5535,2024-05-06 11:12:00,11149,12316.35,50.511,1.157708e+24,4.391242e+22,0.01339182,947.806,40893850000000,0.03013962,47.652,84578580000000,4577.855,56.217,108.662,0.10789131,2359.753418,4.956,100.623,67.079,13664,2024-05-07 22:55:00,M,,,,
5536,2024-05-06 11:12:00,11149,12316.35,50.511,1.157708e+24,4.391242e+22,0.01339182,947.806,40893850000000,0.03013962,47.652,84578580000000,4577.855,56.217,108.662,0.10789131,2359.753418,4.956,100.623,67.079,13664,2024-05-08 02:16:00,M,,,,
5537,2024-05-06 11:12:00,11149,12316.35,50.511,1.157708e+24,4.391242e+22,0.01339182,947.806,40893850000000,0.03013962,47.652,84578580000000,4577.855,56.217,108.662,0.10789131,2359.753418,4.956,100.623,67.079,13664,2024-05-08 03:19:00,M,,,,
5538,2024-05-06 11:12:00,11149,12316.35,50.511,1.157708e+24,4.391242e+22,0.01339182,947.806,40893850000000,0.03013962,47.652,84578580000000,4577.855,56.217,108.662,0.10789131,2359.753418,4.956,100.623,67.079,13664,2024-05-08 03:38:00,M,,,,
5539,2024-05-06 11:12:00,11149,12316.35,50.511,1.157708e+24,4.391242e+22,0.01339182,947.806,40893850000000,0.03013962,47.652,84578580000000,4577.855,56.217,108.662,0.10789131,2359.753418,4.956,100.623,67.079,13664,2024-05-08 04:20:00,M,2024-05-08 05:36:00,CME,2024-05-10 13:35:00,SEP
5540,2024-05-06 11:12:00,11149,12316.35,50.511,1.157708e+24,4.391242e+22,0.01339182,947.806,40893850000000,0.03013962,47.652,84578580000000,4577.855,56.217,108.662,0.10789131,2359.753418,4.956,100.623,67.079,13664,2024-05-08 04:20:00,M,2024-05-08 05:36:00,CME,2024-05-10 14:50:00,SEP
5541,2024-05-06 11:12:00,11149,12316.35,50.511,1.157708e+24,4.391242e+22,0.01339182,947.806,40893850000000,0.03013962,47.652,84578580000000,4577.855,56.217,108.662,0.10789131,2359.753418,4.956,100.623,67.079,13664,2024-05-08 04:20:00,M,2024-05-08 05:36:00,CME,2024-05-10 13:35:00,SEP
5542,2024-05-06 11:12:00,11149,12316.35,50.511,1.157708e+24,4.391242e+22,0.01339182,947.806,40893850000000,0.03013962,47.652,84578580000000,4577.855,56.217,108.662,0.10789131,2359.753418,4.956,100.623,67.079,13664,2024-05-08 04:20:00,M,2024-05-08 05:36:00,CME,2024-05-10 14:50:00,SEP
5543,2024-05-06 11:12:00,11149,12316.35,50.511,1.157708e+24,4.391242e+22,0.01339182,947.806,40893850000000,0.03013962,47.652,84578580000000,4577.855,56.217,108.662,0.10789131,2359.753418,4.956,100.623,67.079,13664,2024-05-08 04:20:00,M,2024-05-08 05:36:00,CME,2024-05-10 13:35:00,SEP
5544,2024-05-06 11:12:00,11149,12316.35,50.511,1.157708e+24,4.391242e+22,0.01339182,947.806,40893850000000,0.03013962,47.652,84578580000000,4577.855,56.217,108.662,0.10789131,2359.753418,4.956,100.623,67.079,13664,2024-05-08 04:20:00,M,2024-05-08 05:36:00,CME,2024-05-10 14:50:00,SEP
5545,2024-05-06 11:12:00,11149,12316.35,50.511,1.157708e+24,4.391242e+22,0.01339182,947.806,40893850000000,0.03013962,47.652,84578580000000,4577.855,56.217,108.662,0.10789131,2359.753418,4.956,100.623,67.079,13664,2024-05-08 04:37:00,X,2024-05-08 05:36:00,CME,2024-05-10 13:35:00,SEP
5546,2024-05-06 11:12:00,11149,12316.35,50.511,1.157708e+24,4.391242e+22,0.01339182,947.806,40893850000000,0.03013962,47.652,84578580000000,4577.855,56.217,108.662,0.10789131,2359.753418,4.956,100.623,67.079,13664,2024-05-08 04:37:00,X,2024-05-08 05:36:00,CME,2024-05-10 14:50:00,SEP
5547,2024-05-06 11:12:00,11149,12316.35,50.511,1.157708e+24,4.391242e+22,0.01339182,947.806,40893850000000,0.03013962,47.652,84578580000000,4577.855,56.217,108.662,0.10789131,2359.753418,4.956,100.623,67.079,13664,2024-05-08 04:37:00,X,2024-05-08 05:36:00,CME,2024-05-10 13:35:00,SEP
5548,2024-05-06 11:12:00,11149,12316.35,50.511,1.157708e+24,4.391242e+22,0.01339182,947.806,40893850000000,0.03013962,47.652,84578580000000,4577.855,56.217,108.662,0.10789131,2359.753418,4.956,100.623,67.079,13664,2024-05-08 04:37:00,X,2024-05-08 05:36:00,CME,2024-05-10 14:50:00,SEP
5549,2024-05-06 11:12:00,11149,12316.35,50.511,1.157708e+24,4.391242e+22,0.01339182,947.806,40893850000000,0.03013962,47.652,84578580000000,4577.855,56.217,108.662,0.10789131,2359.753418,4.956,100.623,67.079,13664,2024-05-08 04:37:00,X,2024-05-08 05:36:00,CME,2024-05-10 13:35:00,SEP
5550,2024-05-06 11:12:00,11149,12316.35,50.511,1.157708e+24,4.391242e+22,0.01339182,947.806,40893850000000,0.03013962,47.652,84578580000000,4577.855,56.217,108.662,0.10789131,2359.753418,4.956,100.623,67.079,13664,2024-05-08 04:37:00,X,2024-05-08 05:36:00,CME,2024-05-10 14:50:00,SEP
5551,2024-05-06 11:12:00,11149,12316.35,50.511,1.157708e+24,4.391242e+22,0.01339182,947.806,40893850000000,0.03013962,47.652,84578580000000,4577.855,56.217,108.662,0.10789131,2359.753418,4.956,100.623,67.079,13664,2024-05-08 06:44:00,M,,,,
5552,2024-05-06 11:12:00,11149,12316.35,50.511,1.157708e+24,4.391242e+22,0.01339182,947.806,40893850000000,0.03013962,47.652,84578580000000,4577.855,56.217,108.662,0.10789131,2359.753418,4.956,100.623,67.079,13664,2024-05-08 09:31:00,M,,,,
5559,2024-05-06 11:12:00,11149,12316.35,50.511,1.157708e+24,4.391242e+22,0.01339182,947.806,40893850000000,0.03013962,47.652,84578580000000,4577.855,56.217,108.662,0.10789131,2359.753418,4.956,100.623,67.079,13664,2024-05-08 17:32:00,M,,,,
5560,2024-05-06 11:12:00,11149,12316.35,50.511,1.157708e+24,4.391242e+22,0.01339182,947.806,40893850000000,0.03013962,47.652,84578580000000,4577.855,56.217,108.662,0.10789131,2359.753418,4.956,100.623,67.079,13664,2024-05-08 19:15:00,M,,,,
5561,2024-05-06 11:12:00,11149,12316.35,50.511,1.157708e+24,4.391242e+22,0.01339182,947.806,40893850000000,0.03013962,47.652,84578580000000,4577.855,56.217,108.662,0.10789131,2359.753418,4.956,100.623,67.079,13664,2024-05-08 20:27:00,M,,,,
5574,2024-05-06 11:12:00,11149,12316.35,50.511,1.157708e+24,4.391242e+22,0.01339182,947.806,40893850000000,0.03013962,47.652,84578580000000,4577.855,56.217,108.662,0.10789131,2359.753418,4.956,100.623,67.079,13664,2024-05-09 00:58:00,M,,,,
5575,2024-05-06 11:12:00,11149,12316.35,50.511,1.157708e+24,4.391242e+22,0.01339182,947.806,40893850000000,0.03013962,47.652,84578580000000,4577.855,56.217,108.662,0.10789131,2359.753418,4.956,100.623,67.079,13664,2024-05-09 03:07:00,M,,,,
5576,2024-05-06 11:12:00,11149,12316.35,50.511,1.157708e+24,4.391242e+22,0.01339182,947.806,40893850000000,0.03013962,47.652,84578580000000,4577.855,56.217,108.662,0.10789131,2359.753418,4.956,100.623,67.079,13664,2024-05-09 03:23:00,M,,,,
5577,2024-05-06 11:12:00,11149,12316.35,50.511,1.157708e+24,4.391242e+22,0.01339182,947.806,40893850000000,0.03013962,47.652,84578580000000,4577.855,56.217,108.662,0.10789131,2359.753418,4.956,100.623,67.079,13664,2024-05-09 04:44:00,M,,,,
5578,2024-05-06 11:12:00,11149,12316.35,50.511,1.157708e+24,4.391242e+22,0.01339182,947.806,40893850000000,0.03013962,47.652,84578580000000,4577.855,56.217,108.662,0.10789131,2359.753418,4.956,100.623,67.079,13664,2024-05-09 05:35:00,M,,,,
5579,2024-05-06 11:12:00,11149,12316.35,50.511,1.157708e+24,4.391242e+22,0.01339182,947.806,40893850000000,0.03013962,47.652,84578580000000,4577.855,56.217,108.662,0.10789131,2359.753418,4.956,100.623,67.079,13664,2024-05-09 06:03:00,M,,,,
5580,2024-05-06 11:12:00,11149,12316.35,50.511,1.157708e+24,4.391242e+22,0.01339182,947.806,40893850000000,0.03013962,47.652,84578580000000,4577.855,56.217,108.662,0.10789131,2359.753418,4.956,100.623,67.079,13664,2024-05-09 06:24:00,M,,,,
5581,2024-05-06 11:12:00,11149,12316.35,50.511,1.157708e+24,4.391242e+22,0.01339182,947.806,40893850000000,0.03013962,47.652,84578580000000,4577.855,56.217,108.662,0.10789131,2359.753418,4.956,100.623,67.079,13664,2024-05-09 07:54:00,M,,,,
5582,2024-05-06 11:12:00,11149,12316.35,50.511,1.157708e+24,4.391242e+22,0.01339182,947.806,40893850000000,0.03013962,47.652,84578580000000,4577.855,56.217,108.662,0.10789131,2359.753418,4.956,100.623,67.079,13664,2024-05-09 08:30:00,M,,,,
5625,2024-05-06 11:12:00,11149,12316.35,50.511,1.157708e+24,4.391242e+22,0.01339182,947.806,40893850000000,0.03013962,47.652,84578580000000,4577.855,56.217,108.662,0.10789131,2359.753418,4.956,100.623,67.079,13664,2024-05-09 11:52:00,M,,,,
5626,2024-05-06 11:12:00,11149,12316.35,50.511,1.157708e+24,4.391242e+22,0.01339182,947.806,40893850000000,0.03013962,47.652,84578580000000,4577.855,56.217,108.662,0.10789131,2359.753418,4.956,100.623,67.079,13664,2024-05-09 12:05:00,M,,,,
5627,2024-05-06 11:12:00,11149,12316.35,50.511,1.157708e+24,4.391242e+22,0.01339182,947.806,40893850000000,0.03013962,47.652,84578580000000,4577.855,56.217,108.662,0.10789131,2359.753418,4.956,100.623,67.079,13664,2024-05-09 13:16:00,M,,,,
5628,2024-05-06 11:12:00,11149,12316.35,50.511,1.157708e+24,4.391242e+22,0.01339182,947.806,40893850000000,0.03013962,47.652,84578580000000,4577.855,56.217,108.662,0.10789131,2359.753418,4.956,100.623,67.079,13664,2024-05-09 14:01:00,M,,,,
5649,2024-05-06 11:12:00,11149,12316.35,50.511,1.157708e+24,4.391242e+22,0.01339182,947.806,40893850000000,0.03013962,47.652,84578580000000,4577.855,56.217,108.662,0.10789131,2359.753418,4.956,100.623,67.079,13664,2024-05-09 22:08:00,M,,,,
5650,2024-05-06 11:12:00,11149,12316.35,50.511,1.157708e+24,4.391242e+22,0.01339182,947.806,40893850000000,0.03013962,47.652,84578580000000,4577.855,56.217,108.662,0.10789131,2359.753418,4.956,100.623,67.079,13664,2024-05-09 22:24:00,M,,,,
5651,2024-05-06 11:12:00,11149,12316.35,50.511,1.157708e+24,4.391242e+22,0.01339182,947.806,40893850000000,0.03013962,47.652,84578580000000,4577.855,56.217,108.662,0.10789131,2359.753418,4.956,100.623,67.079,13664,2024-05-09 23:44:00,M,,,,
5652,2024-05-06 11:12:00,11149,12316.35,50.511,1.157708e+24,4.391242e+22,0.01339182,947.806,40893850000000,0.03013962,47.652,84578580000000,4577.855,56.217,108.662,0.10789131,2359.753418,4.956,100.623,67.079,13664,2024-05-10 00:10:00,M,,,,
5653,2024-05-06 11:12:00,11149,12316.35,50.511,1.157708e+24,4.391242e+22,0.01339182,947.806,40893850000000,0.03013962,47.652,84578580000000,4577.855,56.217,108.662,0.10789131,2359.753418,4.956,100.623,67.079,13664,2024-05-10 06:14:00,M,,,,
5674,2024-05-06 11:12:00,11149,12316.35,50.511,1.157708e+24,4.391242e+22,0.01339182,947.806,40893850000000,0.03013962,47.652,84578580000000,4577.855,56.217,108.662,0.10789131,2359.753418,4.956,100.623,67.079,13664,2024-05-10 10:10:00,M,,,,
5676,2024-05-06 11:12:00,11149,12316.35,50.511,1.157708e+24,4.391242e+22,0.01339182,947.806,40893850000000,0.03013962,47.652,84578580000000,4577.855,56.217,108.662,0.10789131,2359.753418,4.956,100.623,67.079,13664,2024-05-10 17:14:00,M,,,,
5677,2024-05-06 11:12:00,11149,12316.35,50.511,1.157708e+24,4.391242e+22,0.01339182,947.806,40893850000000,0.03013962,47.652,84578580000000,4577.855,56.217,108.662,0.10789131,2359.753418,4.956,100.623,67.079,13664,2024-05-10 17:54:00,M,,,,
5678,2024-05-06 11:12:00,11149,12316.35,50.511,1.157708e+24,4.391242e+22,0.01339182,947.806,40893850000000,0.03013962,47.652,84578580000000,4577.855,56.217,108.662,0.10789131,2359.753418,4.956,100.623,67.079,13664,2024-05-10 18:26:00,M,,,,
5679,2024-05-06 11:12:00,11149,12316.35,50.511,1.157708e+24,4.391242e+22,0.01339182,947.806,40893850000000,0.03013962,47.652,84578580000000,4577.855,56.217,108.662,0.10789131,2359.753418,4.956,100.623,67.079,13664,2024-05-10 18:38:00,M,,,,
5680,2024-05-06 11:12:00,11149,12316.35,50.511,1.157708e+24,4.391242e+22,0.01339182,947.806,40893850000000,0.03013962,47.652,84578580000000,4577.855,56.217,108.662,0.10789131,2359.753418,4.956,100.623,67.079,13664,2024-05-10 18:57:00,M,,,,
5681,2024-05-06 11:12:00,11149,12316.35,50.511,1.157708e+24,4.391242e+22,0.01339182,947.806,40893850000000,0.03013962,47.652,84578580000000,4577.855,56.217,108.662,0.10789131,2359.753418,4.956,100.623,67.079,13664,2024-05-10 19:35:00,M,,,,
5682,2024-05-06 11:12:00,11149,12316.35,50.511,1.157708e+24,4.391242e+22,0.01339182,947.806,40893850000000,0.03013962,47.652,84578580000000,4577.855,56.217,108.662,0.10789131,2359.753418,4.956,100.623,67.079,13664,2024-05-10 19:56:00,M,,,,
5683,2024-05-06 11:12:00,11149,12316.35,50.511,1.157708e+24,4.391242e+22,0.01339182,947.806,40893850000000,0.03013962,47.652,84578580000000,4577.855,56.217,108.662,0.10789131,2359.753418,4.956,100.623,67.079,13664,2024-05-10 20:59:00,M,,,,
5684,2024-05-06 11:12:00,11149,12316.35,50.511,1.157708e+24,4.391242e+22,0.01339182,947.806,40893850000000,0.03013962,47.652,84578580000000,4577.855,56.217,108.662,0.10789131,2359.753418,4.956,100.623,67.079,13664,2024-05-10 21:15:00,M,,,,
5691,2024-05-06 11:12:00,11149,12316.35,50.511,1.157708e+24,4.391242e+22,0.01339182,947.806,40893850000000,0.03013962,47.652,84578580000000,4577.855,56.217,108.662,0.10789131,2359.753418,4.956,100.623,67.079,13664,2024-05-11 04:28:00,M,,,,
5692,2024-05-06 11:12:00,11149,12316.35,50.511,1.157708e+24,4.391242e+22,0.01339182,947.806,40893850000000,0.03013962,47.652,84578580000000,4577.855,56.217,108.662,0.10789131,2359.753418,4.956,100.623,67.079,13664,2024-05-11 07:26:00,M,,,,
5693,2024-05-06 11:12:00,11149,12316.35,50.511,1.157708e+24,4.391242e+22,0.01339182,947.806,40893850000000,0.03013962,47.652,84578580000000,4577.855,56.217,108.662,0.10789131,2359.753418,4.956,100.623,67.079,13664,2024-05-11 08:14:00,M,,,,
5694,2024-05-06 11:12:00,11149,12316.35,50.511,1.157708e+24,4.391242e+22,0.01339182,947.806,40893850000000,0.03013962,47.652,84578580000000,4577.855,56.217,108.662,0.10789131,2359.753418,4.956,100.623,67.079,13664,2024-05-11 08:45:00,M,,,,
5695,2024-05-06 11:12:00,11149,12316.35,50.511,1.157708e+24,4.391242e+22,0.01339182,947.806,40893850000000,0.03013962,47.652,84578580000000,4577.855,56.217,108.662,0.10789131,2359.753418,4.956,100.623,67.079,13664,2024-05-11 09:05:00,M,,,,
5696,2024-05-06 11:12:00,11149,12316.35,50.511,1.157708e+24,4.391242e+22,0.01339182,947.806,40893850000000,0.03013962,47.652,84578580000000,4577.855,56.217,108.662,0.10789131,2359.753418,4.956,100.623,67.079,13664,2024-05-11 10:03:00,M,,,,
5697,2024-05-06 11:12:00,11149,12316.35,50.511,1.157708e+24,4.391242e+22,0.01339182,947.806,40893850000000,0.03013962,47.652,84578580000000,4577.855,56.217,108.662,0.10789131,2359.753418,4.956,100.623,67.079,13664,2024-05-11 10:53:00,M,,,,
5698,2024-05-06 11:12:00,11149,12316.35,50.511,1.157708e+24,4.391242e+22,0.01339182,947.806,40893850000000,0.03013962,47.652,84578580000000,4577.855,56.217,108.662,0.10789131,2359.753418,4.956,100.623,67.079,13664,2024-05-11 11:15:00,X,,,,
5699,2024-05-06 11:12:00,11149,12316.35,50.511,1.157708e+24,4.391242e+22,0.01339182,947.806,40893850000000,0.03013962,47.652,84578580000000,4577.855,56.217,108.662,0.10789131,2359.753418,4.956,100.623,67.079,13664,2024-05-11 13:45:00,M,,,,
5701,2024-05-06 11:12:00,11149,12316.35,50.511,1.157708e+24,4.391242e+22,0.01339182,947.806,40893850000000,0.03013962,47.652,84578580000000,4577.855,56.217,108.662,0.10789131,2359.753418,4.956,100.623,67.079,13664,2024-05-11 16:27:00,M,,,,
5702,2024-05-06 11:12:00,11149,12316.35,50.511,1.157708e+24,4.391242e+22,0.01339182,947.806,40893850000000,0.03013962,47.652,84578580000000,4577.855,56.217,108.662,0.10789131,2359.753418,4.956,100.623,67.079,13664,2024-05-11 20:32:00,M,,,,
5703,2024-05-06 11:12:00,11149,12316.35,50.511,1.157708e+24,4.391242e+22,0.01339182,947.806,40893850000000,0.03013962,47.652,84578580000000,4577.855,56.217,108.662,0.10789131,2359.753418,4.956,100.623,67.079,13664,2024-05-12 00:41:00,M,,,,
5704,2024-05-06 11:12:00,11149,12316.35,50.511,1.157708e+24,4.391242e+22,0.01339182,947.806,40893850000000,0.03013962,47.652,84578580000000,4577.855,56.217,108.662,0.10789131,2359.753418,4.956,100.623,67.079,13664,2024-05-12 12:27:00,M,,,,
5705,2024-05-06 11:12:00,11149,12316.35,50.511,1.157708e+24,4.391242e+22,0.01339182,947.806,40893850000000,0.03013962,47.652,84578580000000,4577.855,56.217,108.662,0.10789131,2359.753418,4.956,100.623,67.079,13664,2024-05-12 13:49:00,M,,,,
5706,2024-05-06 11:12:00,11149,12316.35,50.511,1.157708e+24,4.391242e+22,0.01339182,947.806,40893850000000,0.03013962,47.652,84578580000000,4577.855,56.217,108.662,0.10789131,2359.753418,4.956,100.623,67.079,13664,2024-05-12 16:11:00,X,,,,
5707,2024-05-06 11:12:00,11149,12316.35,50.511,1.157708e+24,4.391242e+22,0.01339182,947.806,40893850000000,0.03013962,47.652,84578580000000,4577.855,56.217,108.662,0.10789131,2359.753418,4.956,100.623,67.079,13664,2024-05-12 20:17:00,M,,,,
5708,2024-05-06 11:12:00,11149,12316.35,50.511,1.157708e+24,4.391242e+22,0.01339182,947.806,40893850000000,0.03013962,47.652,84578580000000,4577.855,56.217,108.662,0.10789131,2359.753418,4.956,100.623,67.079,13664,2024-05-12 22:01:00,M,,,,
5709,2024-05-06 11:12:00,11149,12316.35,50.511,1.157708e+24,4.391242e+22,0.01339182,947.806,40893850000000,0.03013962,47.652,84578580000000,4577.855,56.217,108.662,0.10789131,2359.753418,4.956,100.623,67.079,13664,2024-05-12 22:14:00,M,,,,
5710,2024-05-06 11:12:00,11149,12316.35,50.511,1.157708e+24,4.391242e+22,0.01339182,947.806,40893850000000,0.03013962,47.652,84578580000000,4577.855,56.217,108.662,0.10789131,2359.753418,4.956,100.623,67.079,13664,2024-05-12 23:00:00,M,,,,
5711,2024-05-06 11:12:00,11149,12316.35,50.511,1.157708e+24,4.391242e+22,0.01339182,947.806,40893850000000,0.03013962,47.652,84578580000000,4577.855,56.217,108.662,0.10789131,2359.753418,4.956,100.623,67.079,13664,2024-05-13 01:23:00,M,,,,
5880,2024-05-06 11:12:00,11149,12316.35,50.511,1.157708e+24,4.391242e+22,0.01339182,947.806,40893850000000,0.03013962,47.652,84578580000000,4577.855,56.217,108.662,0.10789131,2359.753418,4.956,100.623,67.079,13664,2024-05-13 12:56:00,M,,,,
5881,2024-05-06 11:12:00,11149,12316.35,50.511,1.157708e+24,4.391242e+22,0.01339182,947.806,40893850000000,0.03013962,47.652,84578580000000,4577.855,56.217,108.662,0.10789131,2359.753418,4.956,100.623,67.079,13664,2024-05-13 14:12:00,M,,,,
5882,2024-05-06 11:12:00,11149,12316.35,50.511,1.157708e+24,4.391242e+22,0.01339182,947.806,40893850000000,0.03013962,47.652,84578580000000,4577.855,56.217,108.662,0.10789131,2359.753418,4.956,100.623,67.079,13664,2024-05-13 18:38:00,M,,,,
5883,2024-05-06 11:12:00,11149,12316.35,50.511,1.157708e+24,4.391242e+22,0.01339182,947.806,40893850000000,0.03013962,47.652,84578580000000,4577.855,56.217,108.662,0.10789131,2359.753418,4.956,100.623,67.079,13664,2024-05-13 21:48:00,M,,,,
5884,2024-05-06 11:12:00,11149,12316.35,50.511,1.157708e+24,4.391242e+22,0.01339182,947.806,40893850000000,0.03013962,47.652,84578580000000,4577.855,56.217,108.662,0.10789131,2359.753418,4.956,100.623,67.079,13664,2024-05-14 01:23:00,M,,,,
5890,2024-05-06 11:12:00,11149,12316.35,50.511,1.157708e+24,4.391242e+22,0.01339182,947.806,40893850000000,0.03013962,47.652,84578580000000,4577.855,56.217,108.662,0.10789131,2359.753418,4.956,100.623,67.079,13668,2024-05-07 08:28:00,M,,,,
5891,2024-05-06 11:24:00,11149,12224.14,50.277,1.158586e+24,4.409561e+22,0.01286731,918.288,34857710000000,0.02917508,47.589,85307350000000,4551.547,56.151,108.556,0.10935897,2365.981201,4.941,100.461,66.808,13664,2024-05-02 20:52:00,M,,,,
5892,2024-05-06 11:24:00,11149,12224.14,50.277,1.158586e+24,4.409561e+22,0.01286731,918.288,34857710000000,0.02917508,47.589,85307350000000,4551.547,56.151,108.556,0.10935897,2365.981201,4.941,100.461,66.808,13664,2024-05-03 00:08:00,M,,,,
5893,2024-05-06 11:24:00,11149,12224.14,50.277,1.158586e+24,4.409561e+22,0.01286731,918.288,34857710000000,0.02917508,47.589,85307350000000,4551.547,56.151,108.556,0.10935897,2365.981201,4.941,100.461,66.808,13664,2024-05-05 09:23:00,M,,,,
5894,2024-05-06 11:24:00,11149,12224.14,50.277,1.158586e+24,4.409561e+22,0.01286731,918.288,34857710000000,0.02917508,47.589,85307350000000,4551.547,56.151,108.556,0.10935897,2365.981201,4.941,100.461,66.808,13664,2024-05-05 16:55:00,M,,,,
5895,2024-05-06 11:24:00,11149,12224.14,50.277,1.158586e+24,4.409561e+22,0.01286731,918.288,34857710000000,0.02917508,47.589,85307350000000,4551.547,56.151,108.556,0.10935897,2365.981201,4.941,100.461,66.808,13664,2024-05-05 18:34:00,M,,,,
5896,2024-05-06 11:24:00,11149,12224.14,50.277,1.158586e+24,4.409561e+22,0.01286731,918.288,34857710000000,0.02917508,47.589,85307350000000,4551.547,56.151,108.556,0.10935897,2365.981201,4.941,100.461,66.808,13664,2024-05-07 11:40:00,M,,,,
5897,2024-05-06 11:24:00,11149,12224.14,50.277,1.158586e+24,4.409561e+22,0.01286731,918.288,34857710000000,0.02917508,47.589,85307350000000,4551.547,56.151,108.556,0.10935897,2365.981201,4.941,100.461,66.808,13664,2024-05-07 19:58:00,M,,,,
5898,2024-05-06 11:24:00,11149,12224.14,50.277,1.158586e+24,4.409561e+22,0.01286731,918.288,34857710000000,0.02917508,47.589,85307350000000,4551.547,56.151,108.556,0.10935897,2365.981201,4.941,100.461,66.808,13664,2024-05-07 20:45:00,M,,,,
5899,2024-05-06 11:24:00,11149,12224.14,50.277,1.158586e+24,4.409561e+22,0.01286731,918.288,34857710000000,0.02917508,47.589,85307350000000,4551.547,56.151,108.556,0.10935897,2365.981201,4.941,100.461,66.808,13664,2024-05-07 22:55:00,M,,,,
5900,2024-05-06 11:24:00,11149,12224.14,50.277,1.158586e+24,4.409561e+22,0.01286731,918.288,34857710000000,0.02917508,47.589,85307350000000,4551.547,56.151,108.556,0.10935897,2365.981201,4.941,100.461,66.808,13664,2024-05-08 02:16:00,M,,,,
5901,2024-05-06 11:24:00,11149,12224.14,50.277,1.158586e+24,4.409561e+22,0.01286731,918.288,34857710000000,0.02917508,47.589,85307350000000,4551.547,56.151,108.556,0.10935897,2365.981201,4.941,100.461,66.808,13664,2024-05-08 03:19:00,M,,,,
5902,2024-05-06 11:24:00,11149,12224.14,50.277,1.158586e+24,4.409561e+22,0.01286731,918.288,34857710000000,0.02917508,47.589,85307350000000,4551.547,56.151,108.556,0.10935897,2365.981201,4.941,100.461,66.808,13664,2024-05-08 03:38:00,M,,,,
5903,2024-05-06 11:24:00,11149,12224.14,50.277,1.158586e+24,4.409561e+22,0.01286731,918.288,34857710000000,0.02917508,47.589,85307350000000,4551.547,56.151,108.556,0.10935897,2365.981201,4.941,100.461,66.808,13664,2024-05-08 04:20:00,M,2024-05-08 05:36:00,CME,2024-05-10 13:35:00,SEP
5904,2024-05-06 11:24:00,11149,12224.14,50.277,1.158586e+24,4.409561e+22,0.01286731,918.288,34857710000000,0.02917508,47.589,85307350000000,4551.547,56.151,108.556,0.10935897,2365.981201,4.941,100.461,66.808,13664,2024-05-08 04:20:00,M,2024-05-08 05:36:00,CME,2024-05-10 14:50:00,SEP
5905,2024-05-06 11:24:00,11149,12224.14,50.277,1.158586e+24,4.409561e+22,0.01286731,918.288,34857710000000,0.02917508,47.589,85307350000000,4551.547,56.151,108.556,0.10935897,2365.981201,4.941,100.461,66.808,13664,2024-05-08 04:20:00,M,2024-05-08 05:36:00,CME,2024-05-10 13:35:00,SEP
5906,2024-05-06 11:24:00,11149,12224.14,50.277,1.158586e+24,4.409561e+22,0.01286731,918.288,34857710000000,0.02917508,47.589,85307350000000,4551.547,56.151,108.556,0.10935897,2365.981201,4.941,100.461,66.808,13664,2024-05-08 04:20:00,M,2024-05-08 05:36:00,CME,2024-05-10 14:50:00,SEP
5907,2024-05-06 11:24:00,11149,12224.14,50.277,1.158586e+24,4.409561e+22,0.01286731,918.288,34857710000000,0.02917508,47.589,85307350000000,4551.547,56.151,108.556,0.10935897,2365.981201,4.941,100.461,66.808,13664,2024-05-08 04:20:00,M,2024-05-08 05:36:00,CME,2024-05-10 13:35:00,SEP
5908,2024-05-06 11:24:00,11149,12224.14,50.277,1.158586e+24,4.409561e+22,0.01286731,918.288,34857710000000,0.02917508,47.589,85307350000000,4551.547,56.151,108.556,0.10935897,2365.981201,4.941,100.461,66.808,13664,2024-05-08 04:20:00,M,2024-05-08 05:36:00,CME,2024-05-10 14:50:00,SEP
5909,2024-05-06 11:24:00,11149,12224.14,50.277,1.158586e+24,4.409561e+22,0.01286731,918.288,34857710000000,0.02917508,47.589,85307350000000,4551.547,56.151,108.556,0.10935897,2365.981201,4.941,100.461,66.808,13664,2024-05-08 04:37:00,X,2024-05-08 05:36:00,CME,2024-05-10 13:35:00,SEP
5910,2024-05-06 11:24:00,11149,12224.14,50.277,1.158586e+24,4.409561e+22,0.01286731,918.288,34857710000000,0.02917508,47.589,85307350000000,4551.547,56.151,108.556,0.10935897,2365.981201,4.941,100.461,66.808,13664,2024-05-08 04:37:00,X,2024-05-08 05:36:00,CME,2024-05-10 14:50:00,SEP
5911,2024-05-06 11:24:00,11149,12224.14,50.277,1.158586e+24,4.409561e+22,0.01286731,918.288,34857710000000,0.02917508,47.589,85307350000000,4551.547,56.151,108.556,0.10935897,2365.981201,4.941,100.461,66.808,13664,2024-05-08 04:37:00,X,2024-05-08 05:36:00,CME,2024-05-10 13:35:00,SEP
5912,2024-05-06 11:24:00,11149,12224.14,50.277,1.158586e+24,4.409561e+22,0.01286731,918.288,34857710000000,0.02917508,47.589,85307350000000,4551.547,56.151,108.556,0.10935897,2365.981201,4.941,100.461,66.808,13664,2024-05-08 04:37:00,X,2024-05-08 05:36:00,CME,2024-05-10 14:50:00,SEP
5913,2024-05-06 11:24:00,11149,12224.14,50.277,1.158586e+24,4.409561e+22,0.01286731,918.288,34857710000000,0.02917508,47.589,85307350000000,4551.547,56.151,108.556,0.10935897,2365.981201,4.941,100.461,66.808,13664,2024-05-08 04:37:00,X,2024-05-08 05:36:00,CME,2024-05-10 13:35:00,SEP
5914,2024-05-06 11:24:00,11149,12224.14,50.277,1.158586e+24,4.409561e+22,0.01286731,918.288,34857710000000,0.02917508,47.589,85307350000000,4551.547,56.151,108.556,0.10935897,2365.981201,4.941,100.461,66.808,13664,2024-05-08 04:37:00,X,2024-05-08 05:36:00,CME,2024-05-10 14:50:00,SEP
5915,2024-05-06 11:24:00,11149,12224.14,50.277,1.158586e+24,4.409561e+22,0.01286731,918.288,34857710000000,0.02917508,47.589,85307350000000,4551.547,56.151,108.556,0.10935897,2365.981201,4.941,100.461,66.808,13664,2024-05-08 06:44:00,M,,,,
5916,2024-05-06 11:24:00,11149,12224.14,50.277,1.158586e+24,4.409561e+22,0.01286731,918.288,34857710000000,0.02917508,47.589,85307350000000,4551.547,56.151,108.556,0.10935897,2365.981201,4.941,100.461,66.808,13664,2024-05-08 09:31:00,M,,,,
5923,2024-05-06 11:24:00,11149,12224.14,50.277,1.158586e+24,4.409561e+22,0.01286731,918.288,34857710000000,0.02917508,47.589,85307350000000,4551.547,56.151,108.556,0.10935897,2365.981201,4.941,100.461,66.808,13664,2024-05-08 17:32:00,M,,,,
5924,2024-05-06 11:24:00,11149,12224.14,50.277,1.158586e+24,4.409561e+22,0.01286731,918.288,34857710000000,0.02917508,47.589,85307350000000,4551.547,56.151,108.556,0.10935897,2365.981201,4.941,100.461,66.808,13664,2024-05-08 19:15:00,M,,,,
5925,2024-05-06 11:24:00,11149,12224.14,50.277,1.158586e+24,4.409561e+22,0.01286731,918.288,34857710000000,0.02917508,47.589,85307350000000,4551.547,56.151,108.556,0.10935897,2365.981201,4.941,100.461,66.808,13664,2024-05-08 20:27:00,M,,,,
5938,2024-05-06 11:24:00,11149,12224.14,50.277,1.158586e+24,4.409561e+22,0.01286731,918.288,34857710000000,0.02917508,47.589,85307350000000,4551.547,56.151,108.556,0.10935897,2365.981201,4.941,100.461,66.808,13664,2024-05-09 00:58:00,M,,,,
5939,2024-05-06 11:24:00,11149,12224.14,50.277,1.158586e+24,4.409561e+22,0.01286731,918.288,34857710000000,0.02917508,47.589,85307350000000,4551.547,56.151,108.556,0.10935897,2365.981201,4.941,100.461,66.808,13664,2024-05-09 03:07:00,M,,,,
5940,2024-05-06 11:24:00,11149,12224.14,50.277,1.158586e+24,4.409561e+22,0.01286731,918.288,34857710000000,0.02917508,47.589,85307350000000,4551.547,56.151,108.556,0.10935897,2365.981201,4.941,100.461,66.808,13664,2024-05-09 03:23:00,M,,,,
5941,2024-05-06 11:24:00,11149,12224.14,50.277,1.158586e+24,4.409561e+22,0.01286731,918.288,34857710000000,0.02917508,47.589,85307350000000,4551.547,56.151,108.556,0.10935897,2365.981201,4.941,100.461,66.808,13664,2024-05-09 04:44:00,M,,,,
5942,2024-05-06 11:24:00,11149,12224.14,50.277,1.158586e+24,4.409561e+22,0.01286731,918.288,34857710000000,0.02917508,47.589,85307350000000,4551.547,56.151,108.556,0.10935897,2365.981201,4.941,100.461,66.808,13664,2024-05-09 05:35:00,M,,,,
5943,2024-05-06 11:24:00,11149,12224.14,50.277,1.158586e+24,4.409561e+22,0.01286731,918.288,34857710000000,0.02917508,47.589,85307350000000,4551.547,56.151,108.556,0.10935897,2365.981201,4.941,100.461,66.808,13664,2024-05-09 06:03:00,M,,,,
5944,2024-05-06 11:24:00,11149,12224.14,50.277,1.158586e+24,4.409561e+22,0.01286731,918.288,34857710000000,0.02917508,47.589,85307350000000,4551.547,56.151,108.556,0.10935897,2365.981201,4.941,100.461,66.808,13664,2024-05-09 06:24:00,M,,,,
5945,2024-05-06 11:24:00,11149,12224.14,50.277,1.158586e+24,4.409561e+22,0.01286731,918.288,34857710000000,0.02917508,47.589,85307350000000,4551.547,56.151,108.556,0.10935897,2365.981201,4.941,100.461,66.808,13664,2024-05-09 07:54:00,M,,,,
5946,2024-05-06 11:24:00,11149,12224.14,50.277,1.158586e+24,4.409561e+22,0.01286731,918.288,34857710000000,0.02917508,47.589,85307350000000,4551.547,56.151,108.556,0.10935897,2365.981201,4.941,100.461,66.808,13664,2024-05-09 08:30:00,M,,,,
5989,2024-05-06 11:24:00,11149,12224.14,50.277,1.158586e+24,4.409561e+22,0.01286731,918.288,34857710000000,0.02917508,47.589,85307350000000,4551.547,56.151,108.556,0.10935897,2365.981201,4.941,100.461,66.808,13664,2024-05-09 11:52:00,M,,,,
5990,2024-05-06 11:24:00,11149,12224.14,50.277,1.158586e+24,4.409561e+22,0.01286731,918.288,34857710000000,0.02917508,47.589,85307350000000,4551.547,56.151,108.556,0.10935897,2365.981201,4.941,100.461,66.808,13664,2024-05-09 12:05:00,M,,,,
5991,2024-05-06 11:24:00,11149,12224.14,50.277,1.158586e+24,4.409561e+22,0.01286731,918.288,34857710000000,0.02917508,47.589,85307350000000,4551.547,56.151,108.556,0.10935897,2365.981201,4.941,100.461,66.808,13664,2024-05-09 13:16:00,M,,,,
5992,2024-05-06 11:24:00,11149,12224.14,50.277,1.158586e+24,4.409561e+22,0.01286731,918.288,34857710000000,0.02917508,47.589,85307350000000,4551.547,56.151,108.556,0.10935897,2365.981201,4.941,100.461,66.808,13664,2024-05-09 14:01:00,M,,,,
6013,2024-05-06 11:24:00,11149,12224.14,50.277,1.158586e+24,4.409561e+22,0.01286731,918.288,34857710000000,0.02917508,47.589,85307350000000,4551.547,56.151,108.556,0.10935897,2365.981201,4.941,100.461,66.808,13664,2024-05-09 22:08:00,M,,,,
6014,2024-05-06 11:24:00,11149,12224.14,50.277,1.158586e+24,4.409561e+22,0.01286731,918.288,34857710000000,0.02917508,47.589,85307350000000,4551.547,56.151,108.556,0.10935897,2365.981201,4.941,100.461,66.808,13664,2024-05-09 22:24:00,M,,,,
6015,2024-05-06 11:24:00,11149,12224.14,50.277,1.158586e+24,4.409561e+22,0.01286731,918.288,34857710000000,0.02917508,47.589,85307350000000,4551.547,56.151,108.556,0.10935897,2365.981201,4.941,100.461,66.808,13664,2024-05-09 23:44:00,M,,,,
6016,2024-05-06 11:24:00,11149,12224.14,50.277,1.158586e+24,4.409561e+22,0.01286731,918.288,34857710000000,0.02917508,47.589,85307350000000,4551.547,56.151,108.556,0.10935897,2365.981201,4.941,100.461,66.808,13664,2024-05-10 00:10:00,M,,,,
6017,2024-05-06 11:24:00,11149,12224.14,50.277,1.158586e+24,4.409561e+22,0.01286731,918.288,34857710000000,0.02917508,47.589,85307350000000,4551.547,56.151,108.556,0.10935897,2365.981201,4.941,100.461,66.808,13664,2024-05-10 06:14:00,M,,,,
6038,2024-05-06 11:24:00,11149,12224.14,50.277,1.158586e+24,4.409561e+22,0.01286731,918.288,34857710000000,0.02917508,47.589,85307350000000,4551.547,56.151,108.556,0.10935897,2365.981201,4.941,100.461,66.808,13664,2024-05-10 10:10:00,M,,,,
6040,2024-05-06 11:24:00,11149,12224.14,50.277,1.158586e+24,4.409561e+22,0.01286731,918.288,34857710000000,0.02917508,47.589,85307350000000,4551.547,56.151,108.556,0.10935897,2365.981201,4.941,100.461,66.808,13664,2024-05-10 17:14:00,M,,,,
6041,2024-05-06 11:24:00,11149,12224.14,50.277,1.158586e+24,4.409561e+22,0.01286731,918.288,34857710000000,0.02917508,47.589,85307350000000,4551.547,56.151,108.556,0.10935897,2365.981201,4.941,100.461,66.808,13664,2024-05-10 17:54:00,M,,,,
6042,2024-05-06 11:24:00,11149,12224.14,50.277,1.158586e+24,4.409561e+22,0.01286731,918.288,34857710000000,0.02917508,47.589,85307350000000,4551.547,56.151,108.556,0.10935897,2365.981201,4.941,100.461,66.808,13664,2024-05-10 18:26:00,M,,,,
6043,2024-05-06 11:24:00,11149,12224.14,50.277,1.158586e+24,4.409561e+22,0.01286731,918.288,34857710000000,0.02917508,47.589,85307350000000,4551.547,56.151,108.556,0.10935897,2365.981201,4.941,100.461,66.808,13664,2024-05-10 18:38:00,M,,,,
6044,2024-05-06 11:24:00,11149,12224.14,50.277,1.158586e+24,4.409561e+22,0.01286731,918.288,34857710000000,0.02917508,47.589,85307350000000,4551.547,56.151,108.556,0.10935897,2365.981201,4.941,100.461,66.808,13664,2024-05-10 18:57:00,M,,,,
6045,2024-05-06 11:24:00,11149,12224.14,50.277,1.158586e+24,4.409561e+22,0.01286731,918.288,34857710000000,0.02917508,47.589,85307350000000,4551.547,56.151,108.556,0.10935897,2365.981201,4.941,100.461,66.808,13664,2024-05-10 19:35:00,M,,,,
6046,2024-05-06 11:24:00,11149,12224.14,50.277,1.158586e+24,4.409561e+22,0.01286731,918.288,34857710000000,0.02917508,47.589,85307350000000,4551.547,56.151,108.556,0.10935897,2365.981201,4.941,100.461,66.808,13664,2024-05-10 19:56:00,M,,,,
6047,2024-05-06 11:24:00,11149,12224.14,50.277,1.158586e+24,4.409561e+22,0.01286731,918.288,34857710000000,0.02917508,47.589,85307350000000,4551.547,56.151,108.556,0.10935897,2365.981201,4.941,100.461,66.808,13664,2024-05-10 20:59:00,M,,,,
6048,2024-05-06 11:24:00,11149,12224.14,50.277,1.158586e+24,4.409561e+22,0.01286731,918.288,34857710000000,0.02917508,47.589,85307350000000,4551.547,56.151,108.556,0.10935897,2365.981201,4.941,100.461,66.808,13664,2024-05-10 21:15:00,M,,,,
6055,2024-05-06 11:24:00,11149,12224.14,50.277,1.158586e+24,4.409561e+22,0.01286731,918.288,34857710000000,0.02917508,47.589,85307350000000,4551.547,56.151,108.556,0.10935897,2365.981201,4.941,100.461,66.808,13664,2024-05-11 04:28:00,M,,,,
6056,2024-05-06 11:24:00,11149,12224.14,50.277,1.158586e+24,4.409561e+22,0.01286731,918.288,34857710000000,0.02917508,47.589,85307350000000,4551.547,56.151,108.556,0.10935897,2365.981201,4.941,100.461,66.808,13664,2024-05-11 07:26:00,M,,,,
6057,2024-05-06 11:24:00,11149,12224.14,50.277,1.158586e+24,4.409561e+22,0.01286731,918.288,34857710000000,0.02917508,47.589,85307350000000,4551.547,56.151,108.556,0.10935897,2365.981201,4.941,100.461,66.808,13664,2024-05-11 08:14:00,M,,,,
6058,2024-05-06 11:24:00,11149,12224.14,50.277,1.158586e+24,4.409561e+22,0.01286731,918.288,34857710000000,0.02917508,47.589,85307350000000,4551.547,56.151,108.556,0.10935897,2365.981201,4.941,100.461,66.808,13664,2024-05-11 08:45:00,M,,,,
6059,2024-05-06 11:24:00,11149,12224.14,50.277,1.158586e+24,4.409561e+22,0.01286731,918.288,34857710000000,0.02917508,47.589,85307350000000,4551.547,56.151,108.556,0.10935897,2365.981201,4.941,100.461,66.808,13664,2024-05-11 09:05:00,M,,,,
6060,2024-05-06 11:24:00,11149,12224.14,50.277,1.158586e+24,4.409561e+22,0.01286731,918.288,34857710000000,0.02917508,47.589,85307350000000,4551.547,56.151,108.556,0.10935897,2365.981201,4.941,100.461,66.808,13664,2024-05-11 10:03:00,M,,,,
6061,2024-05-06 11:24:00,11149,12224.14,50.277,1.158586e+24,4.409561e+22,0.01286731,918.288,34857710000000,0.02917508,47.589,85307350000000,4551.547,56.151,108.556,0.10935897,2365.981201,4.941,100.461,66.808,13664,2024-05-11 10:53:00,M,,,,
6062,2024-05-06 11:24:00,11149,12224.14,50.277,1.158586e+24,4.409561e+22,0.01286731,918.288,34857710000000,0.02917508,47.589,85307350000000,4551.547,56.151,108.556,0.10935897,2365.981201,4.941,100.461,66.808,13664,2024-05-11 11:15:00,X,,,,
6063,2024-05-06 11:24:00,11149,12224.14,50.277,1.158586e+24,4.409561e+22,0.01286731,918.288,34857710000000,0.02917508,47.589,85307350000000,4551.547,56.151,108.556,0.10935897,2365.981201,4.941,100.461,66.808,13664,2024-05-11 13:45:00,M,,,,
6065,2024-05-06 11:24:00,11149,12224.14,50.277,1.158586e+24,4.409561e+22,0.01286731,918.288,34857710000000,0.02917508,47.589,85307350000000,4551.547,56.151,108.556,0.10935897,2365.981201,4.941,100.461,66.808,13664,2024-05-11 16:27:00,M,,,,
6066,2024-05-06 11:24:00,11149,12224.14,50.277,1.158586e+24,4.409561e+22,0.01286731,918.288,34857710000000,0.02917508,47.589,85307350000000,4551.547,56.151,108.556,0.10935897,2365.981201,4.941,100.461,66.808,13664,2024-05-11 20:32:00,M,,,,
6067,2024-05-06 11:24:00,11149,12224.14,50.277,1.158586e+24,4.409561e+22,0.01286731,918.288,34857710000000,0.02917508,47.589,85307350000000,4551.547,56.151,108.556,0.10935897,2365.981201,4.941,100.461,66.808,13664,2024-05-12 00:41:00,M,,,,
6068,2024-05-06 11:24:00,11149,12224.14,50.277,1.158586e+24,4.409561e+22,0.01286731,918.288,34857710000000,0.02917508,47.589,85307350000000,4551.547,56.151,108.556,0.10935897,2365.981201,4.941,100.461,66.808,13664,2024-05-12 12:27:00,M,,,,
6069,2024-05-06 11:24:00,11149,12224.14,50.277,1.158586e+24,4.409561e+22,0.01286731,918.288,34857710000000,0.02917508,47.589,85307350000000,4551.547,56.151,108.556,0.10935897,2365.981201,4.941,100.461,66.808,13664,2024-05-12 13:49:00,M,,,,
6070,2024-05-06 11:24:00,11149,12224.14,50.277,1.158586e+24,4.409561e+22,0.01286731,918.288,34857710000000,0.02917508,47.589,85307350000000,4551.547,56.151,108.556,0.10935897,2365.981201,4.941,100.461,66.808,13664,2024-05-12 16:11:00,X,,,,
6071,2024-05-06 11:24:00,11149,12224.14,50.277,1.158586e+24,4.409561e+22,0.01286731,918.288,34857710000000,0.02917508,47.589,85307350000000,4551.547,56.151,108.556,0.10935897,2365.981201,4.941,100.461,66.808,13664,2024-05-12 20:17:00,M,,,,
6072,2024-05-06 11:24:00,11149,12224.14,50.277,1.158586e+24,4.409561e+22,0.01286731,918.288,34857710000000,0.02917508,47.589,85307350000000,4551.547,56.151,108.556,0.10935897,2365.981201,4.941,100.461,66.808,13664,2024-05-12 22:01:00,M,,,,
6073,2024-05-06 11:24:00,11149,12224.14,50.277,1.158586e+24,4.409561e+22,0.01286731,918.288,34857710000000,0.02917508,47.589,85307350000000,4551.547,56.151,108.556,0.10935897,2365.981201,4.941,100.461,66.808,13664,2024-05-12 22:14:00,M,,,,
6074,2024-05-06 11:24:00,11149,12224.14,50.277,1.158586e+24,4.409561e+22,0.01286731,918.288,34857710000000,0.02917508,47.589,85307350000000,4551.547,56.151,108.556,0.10935897,2365.981201,4.941,100.461,66.808,13664,2024-05-12 23:00:00,M,,,,
6075,2024-05-06 11:24:00,11149,12224.14,50.277,1.158586e+24,4.409561e+22,0.01286731,918.288,34857710000000,0.02917508,47.589,85307350000000,4551.547,56.151,108.556,0.10935897,2365.981201,4.941,100.461,66.808,13664,2024-05-13 01:23:00,M,,,,
6244,2024-05-06 11:24:00,11149,12224.14,50.277,1.158586e+24,4.409561e+22,0.01286731,918.288,34857710000000,0.02917508,47.589,85307350000000,4551.547,56.151,108.556,0.10935897,2365.981201,4.941,100.461,66.808,13664,2024-05-13 12:56:00,M,,,,
6245,2024-05-06 11:24:00,11149,12224.14,50.277,1.158586e+24,4.409561e+22,0.01286731,918.288,34857710000000,0.02917508,47.589,85307350000000,4551.547,56.151,108.556,0.10935897,2365.981201,4.941,100.461,66.808,13664,2024-05-13 14:12:00,M,,,,
6246,2024-05-06 11:24:00,11149,12224.14,50.277,1.158586e+24,4.409561e+22,0.01286731,918.288,34857710000000,0.02917508,47.589,85307350000000,4551.547,56.151,108.556,0.10935897,2365.981201,4.941,100.461,66.808,13664,2024-05-13 18:38:00,M,,,,
6247,2024-05-06 11:24:00,11149,12224.14,50.277,1.158586e+24,4.409561e+22,0.01286731,918.288,34857710000000,0.02917508,47.589,85307350000000,4551.547,56.151,108.556,0.10935897,2365.981201,4.941,100.461,66.808,13664,2024-05-13 21:48:00,M,,,,
6248,2024-05-06 11:24:00,11149,12224.14,50.277,1.158586e+24,4.409561e+22,0.01286731,918.288,34857710000000,0.02917508,47.589,85307350000000,4551.547,56.151,108.556,0.10935897,2365.981201,4.941,100.461,66.808,13664,2024-05-14 01:23:00,M,,,,
6254,2024-05-06 11:24:00,11149,12224.14,50.277,1.158586e+24,4.409561e+22,0.01286731,918.288,34857710000000,0.02917508,47.589,85307350000000,4551.547,56.151,108.556,0.10935897,2365.981201,4.941,100.461,66.808,13668,2024-05-07 08:28:00,M,,,,
6255,2024-05-06 11:36:00,11149,12220.61,50.168,1.157797e+24,4.410166e+22,0.01257846,897.272,34454670000000,0.02847036,47.484,84763260000000,4547.817,56.12,108.304,0.22413698,2365.128418,4.974,99.864,66.759,13664,2024-05-02 20:52:00,M,,,,
6256,2024-05-06 11:36:00,11149,12220.61,50.168,1.157797e+24,4.410166e+22,0.01257846,897.272,34454670000000,0.02847036,47.484,84763260000000,4547.817,56.12,108.304,0.22413698,2365.128418,4.974,99.864,66.759,13664,2024-05-03 00:08:00,M,,,,
6257,2024-05-06 11:36:00,11149,12220.61,50.168,1.157797e+24,4.410166e+22,0.01257846,897.272,34454670000000,0.02847036,47.484,84763260000000,4547.817,56.12,108.304,0.22413698,2365.128418,4.974,99.864,66.759,13664,2024-05-05 09:23:00,M,,,,
6258,2024-05-06 11:36:00,11149,12220.61,50.168,1.157797e+24,4.410166e+22,0.01257846,897.272,34454670000000,0.02847036,47.484,84763260000000,4547.817,56.12,108.304,0.22413698,2365.128418,4.974,99.864,66.759,13664,2024-05-05 16:55:00,M,,,,
6259,2024-05-06 11:36:00,11149,12220.61,50.168,1.157797e+24,4.410166e+22,0.01257846,897.272,34454670000000,0.02847036,47.484,84763260000000,4547.817,56.12,108.304,0.22413698,2365.128418,4.974,99.864,66.759,13664,2024-05-05 18:34:00,M,,,,
6260,2024-05-06 11:36:00,11149,12220.61,50.168,1.157797e+24,4.410166e+22,0.01257846,897.272,34454670000000,0.02847036,47.484,84763260000000,4547.817,56.12,108.304,0.22413698,2365.128418,4.974,99.864,66.759,13664,2024-05-07 11:40:00,M,,,,
6261,2024-05-06 11:36:00,11149,12220.61,50.168,1.157797e+24,4.410166e+22,0.01257846,897.272,34454670000000,0.02847036,47.484,84763260000000,4547.817,56.12,108.304,0.22413698,2365.128418,4.974,99.864,66.759,13664,2024-05-07 19:58:00,M,,,,
6262,2024-05-06 11:36:00,11149,12220.61,50.168,1.157797e+24,4.410166e+22,0.01257846,897.272,34454670000000,0.02847036,47.484,84763260000000,4547.817,56.12,108.304,0.22413698,2365.128418,4.974,99.864,66.759,13664,2024-05-07 20:45:00,M,,,,
6263,2024-05-06 11:36:00,11149,12220.61,50.168,1.157797e+24,4.410166e+22,0.01257846,897.272,34454670000000,0.02847036,47.484,84763260000000,4547.817,56.12,108.304,0.22413698,2365.128418,4.974,99.864,66.759,13664,2024-05-07 22:55:00,M,,,,
6264,2024-05-06 11:36:00,11149,12220.61,50.168,1.157797e+24,4.410166e+22,0.01257846,897.272,34454670000000,0.02847036,47.484,84763260000000,4547.817,56.12,108.304,0.22413698,2365.128418,4.974,99.864,66.759,13664,2024-05-08 02:16:00,M,,,,
6265,2024-05-06 11:36:00,11149,12220.61,50.168,1.157797e+24,4.410166e+22,0.01257846,897.272,34454670000000,0.02847036,47.484,84763260000000,4547.817,56.12,108.304,0.22413698,2365.128418,4.974,99.864,66.759,13664,2024-05-08 03:19:00,M,,,,
6266,2024-05-06 11:36:00,11149,12220.61,50.168,1.157797e+24,4.410166e+22,0.01257846,897.272,34454670000000,0.02847036,47.484,84763260000000,4547.817,56.12,108.304,0.22413698,2365.128418,4.974,99.864,66.759,13664,2024-05-08 03:38:00,M,,,,
6267,2024-05-06 11:36:00,11149,12220.61,50.168,1.157797e+24,4.410166e+22,0.01257846,897.272,34454670000000,0.02847036,47.484,84763260000000,4547.817,56.12,108.304,0.22413698,2365.128418,4.974,99.864,66.759,13664,2024-05-08 04:20:00,M,2024-05-08 05:36:00,CME,2024-05-10 13:35:00,SEP
6268,2024-05-06 11:36:00,11149,12220.61,50.168,1.157797e+24,4.410166e+22,0.01257846,897.272,34454670000000,0.02847036,47.484,84763260000000,4547.817,56.12,108.304,0.22413698,2365.128418,4.974,99.864,66.759,13664,2024-05-08 04:20:00,M,2024-05-08 05:36:00,CME,2024-05-10 14:50:00,SEP
6269,2024-05-06 11:36:00,11149,12220.61,50.168,1.157797e+24,4.410166e+22,0.01257846,897.272,34454670000000,0.02847036,47.484,84763260000000,4547.817,56.12,108.304,0.22413698,2365.128418,4.974,99.864,66.759,13664,2024-05-08 04:20:00,M,2024-05-08 05:36:00,CME,2024-05-10 13:35:00,SEP
6270,2024-05-06 11:36:00,11149,12220.61,50.168,1.157797e+24,4.410166e+22,0.01257846,897.272,34454670000000,0.02847036,47.484,84763260000000,4547.817,56.12,108.304,0.22413698,2365.128418,4.974,99.864,66.759,13664,2024-05-08 04:20:00,M,2024-05-08 05:36:00,CME,2024-05-10 14:50:00,SEP
6271,2024-05-06 11:36:00,11149,12220.61,50.168,1.157797e+24,4.410166e+22,0.01257846,897.272,34454670000000,0.02847036,47.484,84763260000000,4547.817,56.12,108.304,0.22413698,2365.128418,4.974,99.864,66.759,13664,2024-05-08 04:20:00,M,2024-05-08 05:36:00,CME,2024-05-10 13:35:00,SEP
6272,2024-05-06 11:36:00,11149,12220.61,50.168,1.157797e+24,4.410166e+22,0.01257846,897.272,34454670000000,0.02847036,47.484,84763260000000,4547.817,56.12,108.304,0.22413698,2365.128418,4.974,99.864,66.759,13664,2024-05-08 04:20:00,M,2024-05-08 05:36:00,CME,2024-05-10 14:50:00,SEP
6273,2024-05-06 11:36:00,11149,12220.61,50.168,1.157797e+24,4.410166e+22,0.01257846,897.272,34454670000000,0.02847036,47.484,84763260000000,4547.817,56.12,108.304,0.22413698,2365.128418,4.974,99.864,66.759,13664,2024-05-08 04:37:00,X,2024-05-08 05:36:00,CME,2024-05-10 13:35:00,SEP
6274,2024-05-06 11:36:00,11149,12220.61,50.168,1.157797e+24,4.410166e+22,0.01257846,897.272,34454670000000,0.02847036,47.484,84763260000000,4547.817,56.12,108.304,0.22413698,2365.128418,4.974,99.864,66.759,13664,2024-05-08 04:37:00,X,2024-05-08 05:36:00,CME,2024-05-10 14:50:00,SEP
6275,2024-05-06 11:36:00,11149,12220.61,50.168,1.157797e+24,4.410166e+22,0.01257846,897.272,34454670000000,0.02847036,47.484,84763260000000,4547.817,56.12,108.304,0.22413698,2365.128418,4.974,99.864,66.759,13664,2024-05-08 04:37:00,X,2024-05-08 05:36:00,CME,2024-05-10 13:35:00,SEP
6276,2024-05-06 11:36:00,11149,12220.61,50.168,1.157797e+24,4.410166e+22,0.01257846,897.272,34454670000000,0.02847036,47.484,84763260000000,4547.817,56.12,108.304,0.22413698,2365.128418,4.974,99.864,66.759,13664,2024-05-08 04:37:00,X,2024-05-08 05:36:00,CME,2024-05-10 14:50:00,SEP
6277,2024-05-06 11:36:00,11149,12220.61,50.168,1.157797e+24,4.410166e+22,0.01257846,897.272,34454670000000,0.02847036,47.484,84763260000000,4547.817,56.12,108.304,0.22413698,2365.128418,4.974,99.864,66.759,13664,2024-05-08 04:37:00,X,2024-05-08 05:36:00,CME,2024-05-10 13:35:00,SEP
6278,2024-05-06 11:36:00,11149,12220.61,50.168,1.157797e+24,4.410166e+22,0.01257846,897.272,34454670000000,0.02847036,47.484,84763260000000,4547.817,56.12,108.304,0.22413698,2365.128418,4.974,99.864,66.759,13664,2024-05-08 04:37:00,X,2024-05-08 05:36:00,CME,2024-05-10 14:50:00,SEP
6279,2024-05-06 11:36:00,11149,12220.61,50.168,1.157797e+24,4.410166e+22,0.01257846,897.272,34454670000000,0.02847036,47.484,84763260000000,4547.817,56.12,108.304,0.22413698,2365.128418,4.974,99.864,66.759,13664,2024-05-08 06:44:00,M,,,,
6280,2024-05-06 11:36:00,11149,12220.61,50.168,1.157797e+24,4.410166e+22,0.01257846,897.272,34454670000000,0.02847036,47.484,84763260000000,4547.817,56.12,108.304,0.22413698,2365.128418,4.974,99.864,66.759,13664,2024-05-08 09:31:00,M,,,,
6287,2024-05-06 11:36:00,11149,12220.61,50.168,1.157797e+24,4.410166e+22,0.01257846,897.272,34454670000000,0.02847036,47.484,84763260000000,4547.817,56.12,108.304,0.22413698,2365.128418,4.974,99.864,66.759,13664,2024-05-08 17:32:00,M,,,,
6288,2024-05-06 11:36:00,11149,12220.61,50.168,1.157797e+24,4.410166e+22,0.01257846,897.272,34454670000000,0.02847036,47.484,84763260000000,4547.817,56.12,108.304,0.22413698,2365.128418,4.974,99.864,66.759,13664,2024-05-08 19:15:00,M,,,,
6289,2024-05-06 11:36:00,11149,12220.61,50.168,1.157797e+24,4.410166e+22,0.01257846,897.272,34454670000000,0.02847036,47.484,84763260000000,4547.817,56.12,108.304,0.22413698,2365.128418,4.974,99.864,66.759,13664,2024-05-08 20:27:00,M,,,,
6302,2024-05-06 11:36:00,11149,12220.61,50.168,1.157797e+24,4.410166e+22,0.01257846,897.272,34454670000000,0.02847036,47.484,84763260000000,4547.817,56.12,108.304,0.22413698,2365.128418,4.974,99.864,66.759,13664,2024-05-09 00:58:00,M,,,,
6303,2024-05-06 11:36:00,11149,12220.61,50.168,1.157797e+24,4.410166e+22,0.01257846,897.272,34454670000000,0.02847036,47.484,84763260000000,4547.817,56.12,108.304,0.22413698,2365.128418,4.974,99.864,66.759,13664,2024-05-09 03:07:00,M,,,,
6304,2024-05-06 11:36:00,11149,12220.61,50.168,1.157797e+24,4.410166e+22,0.01257846,897.272,34454670000000,0.02847036,47.484,84763260000000,4547.817,56.12,108.304,0.22413698,2365.128418,4.974,99.864,66.759,13664,2024-05-09 03:23:00,M,,,,
6305,2024-05-06 11:36:00,11149,12220.61,50.168,1.157797e+24,4.410166e+22,0.01257846,897.272,34454670000000,0.02847036,47.484,84763260000000,4547.817,56.12,108.304,0.22413698,2365.128418,4.974,99.864,66.759,13664,2024-05-09 04:44:00,M,,,,
6306,2024-05-06 11:36:00,11149,12220.61,50.168,1.157797e+24,4.410166e+22,0.01257846,897.272,34454670000000,0.02847036,47.484,84763260000000,4547.817,56.12,108.304,0.22413698,2365.128418,4.974,99.864,66.759,13664,2024-05-09 05:35:00,M,,,,
6307,2024-05-06 11:36:00,11149,12220.61,50.168,1.157797e+24,4.410166e+22,0.01257846,897.272,34454670000000,0.02847036,47.484,84763260000000,4547.817,56.12,108.304,0.22413698,2365.128418,4.974,99.864,66.759,13664,2024-05-09 06:03:00,M,,,,
6308,2024-05-06 11:36:00,11149,12220.61,50.168,1.157797e+24,4.410166e+22,0.01257846,897.272,34454670000000,0.02847036,47.484,84763260000000,4547.817,56.12,108.304,0.22413698,2365.128418,4.974,99.864,66.759,13664,2024-05-09 06:24:00,M,,,,
6309,2024-05-06 11:36:00,11149,12220.61,50.168,1.157797e+24,4.410166e+22,0.01257846,897.272,34454670000000,0.02847036,47.484,84763260000000,4547.817,56.12,108.304,0.22413698,2365.128418,4.974,99.864,66.759,13664,2024-05-09 07:54:00,M,,,,
6310,2024-05-06 11:36:00,11149,12220.61,50.168,1.157797e+24,4.410166e+22,0.01257846,897.272,34454670000000,0.02847036,47.484,84763260000000,4547.817,56.12,108.304,0.22413698,2365.128418,4.974,99.864,66.759,13664,2024-05-09 08:30:00,M,,,,
6353,2024-05-06 11:36:00,11149,12220.61,50.168,1.157797e+24,4.410166e+22,0.01257846,897.272,34454670000000,0.02847036,47.484,84763260000000,4547.817,56.12,108.304,0.22413698,2365.128418,4.974,99.864,66.759,13664,2024-05-09 11:52:00,M,,,,
6354,2024-05-06 11:36:00,11149,12220.61,50.168,1.157797e+24,4.410166e+22,0.01257846,897.272,34454670000000,0.02847036,47.484,84763260000000,4547.817,56.12,108.304,0.22413698,2365.128418,4.974,99.864,66.759,13664,2024-05-09 12:05:00,M,,,,
6355,2024-05-06 11:36:00,11149,12220.61,50.168,1.157797e+24,4.410166e+22,0.01257846,897.272,34454670000000,0.02847036,47.484,84763260000000,4547.817,56.12,108.304,0.22413698,2365.128418,4.974,99.864,66.759,13664,2024-05-09 13:16:00,M,,,,
6356,2024-05-06 11:36:00,11149,12220.61,50.168,1.157797e+24,4.410166e+22,0.01257846,897.272,34454670000000,0.02847036,47.484,84763260000000,4547.817,56.12,108.304,0.22413698,2365.128418,4.974,99.864,66.759,13664,2024-05-09 14:01:00,M,,,,
6377,2024-05-06 11:36:00,11149,12220.61,50.168,1.157797e+24,4.410166e+22,0.01257846,897.272,34454670000000,0.02847036,47.484,84763260000000,4547.817,56.12,108.304,0.22413698,2365.128418,4.974,99.864,66.759,13664,2024-05-09 22:08:00,M,,,,
6378,2024-05-06 11:36:00,11149,12220.61,50.168,1.157797e+24,4.410166e+22,0.01257846,897.272,34454670000000,0.02847036,47.484,84763260000000,4547.817,56.12,108.304,0.22413698,2365.128418,4.974,99.864,66.759,13664,2024-05-09 22:24:00,M,,,,
6379,2024-05-06 11:36:00,11149,12220.61,50.168,1.157797e+24,4.410166e+22,0.01257846,897.272,34454670000000,0.02847036,47.484,84763260000000,4547.817,56.12,108.304,0.22413698,2365.128418,4.974,99.864,66.759,13664,2024-05-09 23:44:00,M,,,,
6380,2024-05-06 11:36:00,11149,12220.61,50.168,1.157797e+24,4.410166e+22,0.01257846,897.272,34454670000000,0.02847036,47.484,84763260000000,4547.817,56.12,108.304,0.22413698,2365.128418,4.974,99.864,66.759,13664,2024-05-10 00:10:00,M,,,,
6381,2024-05-06 11:36:00,11149,12220.61,50.168,1.157797e+24,4.410166e+22,0.01257846,897.272,34454670000000,0.02847036,47.484,84763260000000,4547.817,56.12,108.304,0.22413698,2365.128418,4.974,99.864,66.759,13664,2024-05-10 06:14:00,M,,,,
6402,2024-05-06 11:36:00,11149,12220.61,50.168,1.157797e+24,4.410166e+22,0.01257846,897.272,34454670000000,0.02847036,47.484,84763260000000,4547.817,56.12,108.304,0.22413698,2365.128418,4.974,99.864,66.759,13664,2024-05-10 10:10:00,M,,,,
6404,2024-05-06 11:36:00,11149,12220.61,50.168,1.157797e+24,4.410166e+22,0.01257846,897.272,34454670000000,0.02847036,47.484,84763260000000,4547.817,56.12,108.304,0.22413698,2365.128418,4.974,99.864,66.759,13664,2024-05-10 17:14:00,M,,,,
6405,2024-05-06 11:36:00,11149,12220.61,50.168,1.157797e+24,4.410166e+22,0.01257846,897.272,34454670000000,0.02847036,47.484,84763260000000,4547.817,56.12,108.304,0.22413698,2365.128418,4.974,99.864,66.759,13664,2024-05-10 17:54:00,M,,,,
6406,2024-05-06 11:36:00,11149,12220.61,50.168,1.157797e+24,4.410166e+22,0.01257846,897.272,34454670000000,0.02847036,47.484,84763260000000,4547.817,56.12,108.304,0.22413698,2365.128418,4.974,99.864,66.759,13664,2024-05-10 18:26:00,M,,,,
6407,2024-05-06 11:36:00,11149,12220.61,50.168,1.157797e+24,4.410166e+22,0.01257846,897.272,34454670000000,0.02847036,47.484,84763260000000,4547.817,56.12,108.304,0.22413698,2365.128418,4.974,99.864,66.759,13664,2024-05-10 18:38:00,M,,,,
6408,2024-05-06 11:36:00,11149,12220.61,50.168,1.157797e+24,4.410166e+22,0.01257846,897.272,34454670000000,0.02847036,47.484,84763260000000,4547.817,56.12,108.304,0.22413698,2365.128418,4.974,99.864,66.759,13664,2024-05-10 18:57:00,M,,,,
6409,2024-05-06 11:36:00,11149,12220.61,50.168,1.157797e+24,4.410166e+22,0.01257846,897.272,34454670000000,0.02847036,47.484,84763260000000,4547.817,56.12,108.304,0.22413698,2365.128418,4.974,99.864,66.759,13664,2024-05-10 19:35:00,M,,,,
6410,2024-05-06 11:36:00,11149,12220.61,50.168,1.157797e+24,4.410166e+22,0.01257846,897.272,34454670000000,0.02847036,47.484,84763260000000,4547.817,56.12,108.304,0.22413698,2365.128418,4.974,99.864,66.759,13664,2024-05-10 19:56:00,M,,,,
6411,2024-05-06 11:36:00,11149,12220.61,50.168,1.157797e+24,4.410166e+22,0.01257846,897.272,34454670000000,0.02847036,47.484,84763260000000,4547.817,56.12,108.304,0.22413698,2365.128418,4.974,99.864,66.759,13664,2024-05-10 20:59:00,M,,,,
6412,2024-05-06 11:36:00,11149,12220.61,50.168,1.157797e+24,4.410166e+22,0.01257846,897.272,34454670000000,0.02847036,47.484,84763260000000,4547.817,56.12,108.304,0.22413698,2365.128418,4.974,99.864,66.759,13664,2024-05-10 21:15:00,M,,,,
6419,2024-05-06 11:36:00,11149,12220.61,50.168,1.157797e+24,4.410166e+22,0.01257846,897.272,34454670000000,0.02847036,47.484,84763260000000,4547.817,56.12,108.304,0.22413698,2365.128418,4.974,99.864,66.759,13664,2024-05-11 04:28:00,M,,,,
6420,2024-05-06 11:36:00,11149,12220.61,50.168,1.157797e+24,4.410166e+22,0.01257846,897.272,34454670000000,0.02847036,47.484,84763260000000,4547.817,56.12,108.304,0.22413698,2365.128418,4.974,99.864,66.759,13664,2024-05-11 07:26:00,M,,,,
6421,2024-05-06 11:36:00,11149,12220.61,50.168,1.157797e+24,4.410166e+22,0.01257846,897.272,34454670000000,0.02847036,47.484,84763260000000,4547.817,56.12,108.304,0.22413698,2365.128418,4.974,99.864,66.759,13664,2024-05-11 08:14:00,M,,,,
6422,2024-05-06 11:36:00,11149,12220.61,50.168,1.157797e+24,4.410166e+22,0.01257846,897.272,34454670000000,0.02847036,47.484,84763260000000,4547.817,56.12,108.304,0.22413698,2365.128418,4.974,99.864,66.759,13664,2024-05-11 08:45:00,M,,,,
6423,2024-05-06 11:36:00,11149,12220.61,50.168,1.157797e+24,4.410166e+22,0.01257846,897.272,34454670000000,0.02847036,47.484,84763260000000,4547.817,56.12,108.304,0.22413698,2365.128418,4.974,99.864,66.759,13664,2024-05-11 09:05:00,M,,,,
6424,2024-05-06 11:36:00,11149,12220.61,50.168,1.157797e+24,4.410166e+22,0.01257846,897.272,34454670000000,0.02847036,47.484,84763260000000,4547.817,56.12,108.304,0.22413698,2365.128418,4.974,99.864,66.759,13664,2024-05-11 10:03:00,M,,,,
6425,2024-05-06 11:36:00,11149,12220.61,50.168,1.157797e+24,4.410166e+22,0.01257846,897.272,34454670000000,0.02847036,47.484,84763260000000,4547.817,56.12,108.304,0.22413698,2365.128418,4.974,99.864,66.759,13664,2024-05-11 10:53:00,M,,,,
6426,2024-05-06 11:36:00,11149,12220.61,50.168,1.157797e+24,4.410166e+22,0.01257846,897.272,34454670000000,0.02847036,47.484,84763260000000,4547.817,56.12,108.304,0.22413698,2365.128418,4.974,99.864,66.759,13664,2024-05-11 11:15:00,X,,,,
6427,2024-05-06 11:36:00,11149,12220.61,50.168,1.157797e+24,4.410166e+22,0.01257846,897.272,34454670000000,0.02847036,47.484,84763260000000,4547.817,56.12,108.304,0.22413698,2365.128418,4.974,99.864,66.759,13664,2024-05-11 13:45:00,M,,,,
6429,2024-05-06 11:36:00,11149,12220.61,50.168,1.157797e+24,4.410166e+22,0.01257846,897.272,34454670000000,0.02847036,47.484,84763260000000,4547.817,56.12,108.304,0.22413698,2365.128418,4.974,99.864,66.759,13664,2024-05-11 16:27:00,M,,,,
6430,2024-05-06 11:36:00,11149,12220.61,50.168,1.157797e+24,4.410166e+22,0.01257846,897.272,34454670000000,0.02847036,47.484,84763260000000,4547.817,56.12,108.304,0.22413698,2365.128418,4.974,99.864,66.759,13664,2024-05-11 20:32:00,M,,,,
6431,2024-05-06 11:36:00,11149,12220.61,50.168,1.157797e+24,4.410166e+22,0.01257846,897.272,34454670000000,0.02847036,47.484,84763260000000,4547.817,56.12,108.304,0.22413698,2365.128418,4.974,99.864,66.759,13664,2024-05-12 00:41:00,M,,,,
6432,2024-05-06 11:36:00,11149,12220.61,50.168,1.157797e+24,4.410166e+22,0.01257846,897.272,34454670000000,0.02847036,47.484,84763260000000,4547.817,56.12,108.304,0.22413698,2365.128418,4.974,99.864,66.759,13664,2024-05-12 12:27:00,M,,,,
6433,2024-05-06 11:36:00,11149,12220.61,50.168,1.157797e+24,4.410166e+22,0.01257846,897.272,34454670000000,0.02847036,47.484,84763260000000,4547.817,56.12,108.304,0.22413698,2365.128418,4.974,99.864,66.759,13664,2024-05-12 13:49:00,M,,,,
6434,2024-05-06 11:36:00,11149,12220.61,50.168,1.157797e+24,4.410166e+22,0.01257846,897.272,34454670000000,0.02847036,47.484,84763260000000,4547.817,56.12,108.304,0.22413698,2365.128418,4.974,99.864,66.759,13664,2024-05-12 16:11:00,X,,,,
6435,2024-05-06 11:36:00,11149,12220.61,50.168,1.157797e+24,4.410166e+22,0.01257846,897.272,34454670000000,0.02847036,47.484,84763260000000,4547.817,56.12,108.304,0.22413698,2365.128418,4.974,99.864,66.759,13664,2024-05-12 20:17:00,M,,,,
6436,2024-05-06 11:36:00,11149,12220.61,50.168,1.157797e+24,4.410166e+22,0.01257846,897.272,34454670000000,0.02847036,47.484,84763260000000,4547.817,56.12,108.304,0.22413698,2365.128418,4.974,99.864,66.759,13664,2024-05-12 22:01:00,M,,,,
6437,2024-05-06 11:36:00,11149,12220.61,50.168,1.157797e+24,4.410166e+22,0.01257846,897.272,34454670000000,0.02847036,47.484,84763260000000,4547.817,56.12,108.304,0.22413698,2365.128418,4.974,99.864,66.759,13664,2024-05-12 22:14:00,M,,,,
6438,2024-05-06 11:36:00,11149,12220.61,50.168,1.157797e+24,4.410166e+22,0.01257846,897.272,34454670000000,0.02847036,47.484,84763260000000,4547.817,56.12,108.304,0.22413698,2365.128418,4.974,99.864,66.759,13664,2024-05-12 23:00:00,M,,,,
6439,2024-05-06 11:36:00,11149,12220.61,50.168,1.157797e+24,4.410166e+22,0.01257846,897.272,34454670000000,0.02847036,47.484,84763260000000,4547.817,56.12,108.304,0.22413698,2365.128418,4.974,99.864,66.759,13664,2024-05-13 01:23:00,M,,,,
6608,2024-05-06 11:36:00,11149,12220.61,50.168,1.157797e+24,4.410166e+22,0.01257846,897.272,34454670000000,0.02847036,47.484,84763260000000,4547.817,56.12,108.304,0.22413698,2365.128418,4.974,99.864,66.759,13664,2024-05-13 12:56:00,M,,,,
6609,2024-05-06 11:36:00,11149,12220.61,50.168,1.157797e+24,4.410166e+22,0.01257846,897.272,34454670000000,0.02847036,47.484,84763260000000,4547.817,56.12,108.304,0.22413698,2365.128418,4.974,99.864,66.759,13664,2024-05-13 14:12:00,M,,,,
6610,2024-05-06 11:36:00,11149,12220.61,50.168,1.157797e+24,4.410166e+22,0.01257846,897.272,34454670000000,0.02847036,47.484,84763260000000,4547.817,56.12,108.304,0.22413698,2365.128418,4.974,99.864,66.759,13664,2024-05-13 18:38:00,M,,,,
6611,2024-05-06 11:36:00,11149,12220.61,50.168,1.157797e+24,4.410166e+22,0.01257846,897.272,34454670000000,0.02847036,47.484,84763260000000,4547.817,56.12,108.304,0.22413698,2365.128418,4.974,99.864,66.759,13664,2024-05-13 21:48:00,M,,,,
6612,2024-05-06 11:36:00,11149,12220.61,50.168,1.157797e+24,4.410166e+22,0.01257846,897.272,34454670000000,0.02847036,47.484,84763260000000,4547.817,56.12,108.304,0.22413698,2365.128418,4.974,99.864,66.759,13664,2024-05-14 01:23:00,M,,,,
6618,2024-05-06 11:36:00,11149,12220.61,50.168,1.157797e+24,4.410166e+22,0.01257846,897.272,34454670000000,0.02847036,47.484,84763260000000,4547.817,56.12,108.304,0.22413698,2365.128418,4.974,99.864,66.759,13668,2024-05-07 08:28:00,M,,,,
